Country Name,Carbon dioxide (CO2) net fluxes from LULUCF - Other Land (Mt CO2e),"Net errors and omissions (BoP, current US$)",Import volume index (2015 = 100),Export volume index (2015 = 100),Tuberculosis treatment success rate (% of new cases),"Employment in industry, female (% of female employment) (modeled ILO estimate)","Computer, communications and other services (% of commercial service exports)","Foreign direct investment, net inflows (% of GDP)","Current account balance (BoP, current US$)",Current account balance (% of GDP),Net secondary income (Net current transfers from abroad) (current US$),Net migration,"Personal remittances, received (% of GDP)",Merchandise trade (% of GDP),"Claims on central government, etc. (% GDP)","Merchandise imports by the reporting economy, residual (% of total merchandise imports)",Merchandise exports to low- and middle-income economies in Latin America & the Caribbean (% of total merchandise exports),Merchandise imports from low- and middle-income economies in Latin America & the Caribbean (% of total merchandise imports),Energy intensity level of primary energy (MJ/$2017 PPP GDP),"Inflation, consumer prices (annual %)","Electricity production from renewable sources, excluding hydroelectric (% of total)","Compulsory education, duration (years)",Adjusted savings: net forest depletion (% of GNI),Out-of-pocket expenditure (% of current health expenditure),"PM2.5 air pollution, population exposed to levels exceeding WHO guideline value (% of total)","PM2.5 pollution, population exposed to levels exceeding WHO Interim Target-3 value (% of total)","Services, value added (% of GDP)",Adjusted savings: natural resources depletion (% of GNI),Merchandise exports to high-income economies (% of total merchandise exports),Merchandise imports from high-income economies (% of total merchandise imports),"Mortality from CVD, cancer, diabetes or CRD between exact ages 30 and 70 (%)","Mortality rate attributed to unintentional poisoning (per 100,000 population)",Rural population growth (annual %),"Mortality rate, under-5 (per 1,000 live births)","Mortality caused by road traffic injury (per 100,000 population)",Prevalence of anemia among women of reproductive age (% of women ages 15-49),Urban population (% of total population),Fertilizer consumption (kilograms per hectare of arable land),International migrant stock (% of population),"Immunization, measles (% of children ages 12-23 months)","Cause of death, by injury (% of total)",Carbon dioxide (CO2) net fluxes from LULUCF - Organic Soil (Mt CO2e),Adjusted savings: consumption of fixed capital (% of GNI),"Suicide mortality rate (per 100,000 population)",Total greenhouse gas emissions excluding LULUCF (% change from 1990),Electricity production from nuclear sources (% of total),"Computer, communications and other services (% of commercial service imports)",Adjusted savings: education expenditure (% of GNI),Carbon dioxide (CO2) net fluxes from LULUCF - Forest Land (Mt CO2e),Carbon dioxide (CO2) net fluxes from LULUCF - Total excluding non-tropical fires (Mt CO2e),Net primary income (Net income from abroad) (current US$),"Foreign direct investment, net (BoP, current US$)",Statistical performance indicators (SPI): Pillar 3 data products score  (scale 0-100),Mineral rents (% of GDP),Carbon dioxide (CO2) net fluxes from LULUCF - Deforestation (Mt CO2e),Coal rents (% of GDP),Electricity production from coal sources (% of total),Electricity production from oil sources (% of total),GNI: linked series (current LCU),"Industry (including construction), value added (% of GDP)",Aquaculture production (metric tons),Total fisheries production (metric tons),"Population, total",Government Effectiveness: Number of Sources,"Imports of goods and services (BoP, current US$)",Statistical performance indicators (SPI): Pillar 1 data use score (scale 0-100),"Personal remittances, received (current US$)",Electricity production from natural gas sources (% of total),"Reserves and related items (BoP, current US$)",Merchandise exports to low- and middle-income economies outside region (% of total merchandise exports),Merchandise exports to low- and middle-income economies in South Asia (% of total merchandise exports),Merchandise imports from low- and middle-income economies in South Asia (% of total merchandise imports),Merchandise imports from economies in the Arab World (% of total merchandise imports),Merchandise imports from low- and middle-income economies outside region (% of total merchandise imports),Merchandise exports to economies in the Arab World (% of total merchandise exports),Merchandise exports to low- and middle-income economies in Sub-Saharan Africa (% of total merchandise exports),"Services, value added (annual % growth)",GDP per capita growth (annual %),"Industry (including construction), value added (annual % growth)",Merchandise imports from low- and middle-income economies in East Asia & Pacific (% of total merchandise imports),Merchandise exports to low- and middle-income economies in East Asia & Pacific (% of total merchandise exports),Livestock production index (2014-2016 = 100),Agricultural land (% of land area),Arable land (% of land area),Permanent cropland (% of land area),Population density (people per sq. km of land area),Arable land (hectares per person),"Population ages 25-29, female (% of female population)","Population ages 30-34, female (% of female population)","Death rate, crude (per 1,000 people)",Proportion of seats held by women in national parliaments (%),"Unemployment, female (% of female labor force) (modeled ILO estimate)","Employment to population ratio, 15+, total (%) (modeled ILO estimate)",Ratio of female to male labor force participation rate (%) (modeled ILO estimate),"Share of youth not in education, employment or training, total (% of youth population)  (modeled ILO estimate)",Average precipitation in depth (mm per year),Forest area (% of land area),"Renewable internal freshwater resources, total (billion cubic meters)",Renewable internal freshwater resources per capita (cubic meters),Renewable electricity output (% of total electricity output),Merchandise imports from low- and middle-income economies in Europe & Central Asia (% of total merchandise imports),Merchandise exports to low- and middle-income economies in Europe & Central Asia (% of total merchandise exports),Carbon intensity of GDP (kg CO2e per constant 2015 US$ of GDP),"Agriculture, forestry, and fishing, value added (annual % growth)",Crop production index (2014-2016 = 100),GDP deflator (base year varies by country),"Employers, total (% of total employment) (modeled ILO estimate)","Inflation, GDP deflator (annual %)",Political Stability and Absence of Violence/Terrorism: Estimate,"PM2.5 pollution, population exposed to levels exceeding WHO Interim Target-1 value (% of total)",Current health expenditure (% of GDP),Population growth (annual %),Forest rents (% of GDP),Employment in industry (% of total employment) (modeled ILO estimate),"Total alcohol consumption per capita (liters of pure alcohol, projected estimates, 15+ years of age)","Official exchange rate (LCU per US$, period average)",Adjusted savings: energy depletion (% of GNI)
Afghanistan,0.0,-214820778.887867,70.4,49.5,86.0,18.1104765396538,81.18855853059289,1.2031179898113904,-577708206.772323,-3.6433138823462814,4418171522.368615,-167460.0,2.3851583684579163,34.950594953068645,-6.86373515568696,0.0,,0.4954834685708367,2.63,2.17853752389419,0.0183183733284484,9.0,0.292788387305452,78.9966507,100.0,100.0,48.879376909689135,0.3594540238480093,16.088597941597303,29.72794212013932,37.6,2.86,2.6610096978911693,88.3,14.4,34.9,23.737,1.7778596176055437,0.365657832373532,62.0,11.0309239785858,0.0,8.39723646063771,3.59,114.439243408483,0.0,19.492181517319267,2.83706669158337,4.034,10.546,29106508.468641814,-192022479.468454,46.65625,0.0,6.512,0.215322628919275,0.0,18.24713520994891,727564192900.0,21.151420697712823,2250.0,3250.0,28284089.0,7.0,5771312262.28346,20.0,378206657.0181,0.0,1016877189.1518,28.130267813353782,55.78113424504891,13.814301283903434,3.138993360826908,56.45775659595726,5.475500406705659,,18.355405421566573,11.055030552728766,6.27060133814976,16.321973058371306,3.042364565079911,98.06,58.13440044156203,11.94823911810251,0.1901169832727718,43.3652070588596,0.2755259326188656,6.74604202649785,5.67883992460914,8.402,27.710843373494,10.23,43.182,19.85569691252581,41.84,327.0,1.8527819940818424,47.15,1667.0149779262822,81.75286479005108,31.671261238582293,13.438772158580376,0.5072677658876363,-6.375134493649895,87.58,70.18816370523828,0.71460427300848,3.8146303154521055,-2.57915186882019,99.9746344313873,8.56967163,2.93468670173474,0.36453808043497,14.859119986692,0.012,46.4524610013175,0.0666656365425573
Albania,0.0,434570095.2323205,117.0,85.3,89.0,10.6760340031715,26.37618006693121,9.017449980498892,-1355598479.398264,-11.21576436832589,1222852028.7263012,-51907.0,13.126780127608798,49.2282921571006,27.242626775387635,0.0005847199434563,0.195474899426993,1.5148464292438275,2.78,3.62604695579816,0.0071353065539112,8.0,0.0666425167042147,59.96680832,100.0,96.8365990451871,41.31318459213185,0.7737077108413483,77.72594010766561,75.27259891147148,18.9,0.46,-2.743291493211703,13.3,14.1,19.9,52.163,85.02392971246005,1.8189568635262,99.0,6.14152050888872,0.0,12.6371282050003,6.77,-29.973636355726484,0.0,10.976118101842886,3.11299225246887,-2.16471,1.64196,-119469477.50402656,-1043511678.057718,70.0125,0.142023694482101,3.80667,0.0013721331562775,0.0,0.0132135306553911,1243818010200.0,27.47491428396009,2520.0,7652.2,2913021.0,8.0,5780725471.946597,60.0,1586574271.35641,0.0,250020160.7157482,6.907172138192254,0.016117722996925,0.9103504093808444,0.8109589598825004,10.186308461047116,1.881497065789828,0.0297542602119238,2.5763597589837417,3.4856480864462185,0.991721653215194,7.071652671327837,5.556318915609947,89.69,43.84306569343065,22.846715328467155,2.554744525547445,106.31463503649636,0.2148971806245131,6.876264397965,6.3172522911592,6.055,16.4285714285714,15.85,47.426,73.25408618127786,29.72,1485.0,28.54270072992701,26.9,9234.399614695532,99.99392177589851,14.540507907537956,15.366887754142144,0.4369826473535518,7.2549663984425905,82.74,91.61195893783628,1.56855101192687,4.127443891207989,-0.191482901573181,0.0,6.23667669,-0.49646196338738,0.0659767178336683,20.5927945952109,5.9,103.936666666667,0.636859916766847
Algeria,0.0,-1302585291.851929,65.3,114.9,89.0,24.8964589532868,62.94471505949195,1.2939046748781804,12220267767.30855,6.873619292803427,3251956756.42278,-10788.0,0.1105769487713023,54.8561298258352,-31.327731762717328,0.0196631618129813,4.624942393465189,6.264583094668858,4.49,3.91106195534028,-0.0024489438929461,10.0,0.0,28.88244247,100.0,100.0,43.602403257657855,16.208959580062462,82.1930681004542,70.47869851094387,15.2,0.64,-0.228730165718541,28.1,22.3,30.8,67.54,15.795787789922688,0.67977278044533,95.0,9.1759032898511,0.0,6.10078792727082,2.61,36.44200858257632,0.0,66.50129001786746,4.4671956,-8.148,-8.148,-82004697.040839,-2081136054.385946,51.8375,0.15354556834639,0.0,0.0,0.0,2.1078409935715223,13218616000000.0,45.24319463646705,1758.75,95222.75,36188236.0,7.0,50644656909.00461,40.0,196589288.017747,97.51169808020292,15207253412.42476,14.58089645233474,2.7612797268643834,1.9931102411114712,4.478419352452298,26.56541569591213,3.4641277761778677,0.2288081767686566,5.810770149257266,2.7792190819471188,3.5143860058071112,12.952922117160218,2.214743941039526,79.63,17.37133356285741,3.149798046806117,0.3816537489398507,15.194032933905463,0.2073049374387853,10.1806092935534,8.77106485803599,4.678,7.7120822622108,19.246,39.174,20.266509235051025,24.53,89.0,0.8052936088741844,11.247,310.7916064214901,0.378011982332619,4.365029363860118,4.751122214196984,0.7354725085312892,6.303473675506581,74.96,202.1684246925096,3.71030639910094,15.556918121837882,-1.25936758518219,22.7094420336726,4.64001417,1.9470588317966,0.137192681108823,30.3985762293825,0.44,74.3859833333333,16.1927720686715
Andorra,0.0,,115.9,89.3,86.0,,,,,,,-6194.0,0.0,,,,,,2.26,,11.26885536823425,10.0,,11.63836575,99.9566358235583,15.1565554804827,76.99121165426102,,,,,,-3.034173604620216,4.6,,12.3,88.819,,61.6602897451995,99.0,,0.0,,,,0.0,,3.01,0.14179,0.14179,,,22.45625,0.0,0.0,,0.0,0.0,,13.125646060615376,,,80706.0,1.0,,40.0,0.0,0.0,,,,,,,,,-0.7431076763023015,1.889880843122825,-12.86479591836735,,,,42.06382978723404,1.6382978723404256,,171.7148936170213,0.0095408024186553,7.50284537769991,9.31749299845263,6.266,35.7142857142857,,,,,,34.04255319148936,0.3156,3910.489926399525,100.0,,,,9.172661870503603,,100.0,,0.3743137581101194,1.27827215194702,0.0,7.67537737,-3.86696538756774,0.0,,10.78,,
Angola,0.0,239709966.069534,90.4,99.4,48.0,1.50124798665909,11.098767461176068,-3.8511114995358606,7505954235.08,8.957042175269649,-437692034.8374399,122418.0,0.021446479467216,80.2654202149643,-2.8891575810051635,0.0003378840554001,1.7491819327703058,6.479628375935567,2.65,14.4696564932577,-0.31950816663608,6.0,0.432163347015003,19.34375572,100.0,100.0,41.88702581693198,33.12014036467391,44.35250134277091,67.83566915888618,24.8,1.16,2.005833433275622,119.8,25.8,46.5,59.783,8.229285714285714,0.36074065005042,62.0,7.54860522335174,0.0,7.7160734914401,6.89,117.91170945522852,0.0,73.02087112032136,3.57,-2.0,40.189886,-8086861899.346417,4567640566.41,64.375,0.0,42.189886,0.0,0.0,32.04257661956322,6958422134600.01,52.36843757916322,310.0,310310.0,23294825.0,9.0,35421222361.08,40.0,17972037.0,3.303358414387961,5558086304.389288,52.3192417336685,9.805210937153094,3.032835519764572,3.4307242703982284,24.22979096768709,0.701687044994016,3.328256923560599,6.468280400211498,0.4543240063552503,-0.0920533055329997,12.741567496179329,40.76470019993706,84.72,35.97497393117831,3.3688938798427848,0.1884976337531082,18.685188898692548,0.1802975553583252,7.36924794801098,6.13107962934543,11.078,38.6363636363636,18.604,64.421,95.73490315229776,27.26,1010.0,57.87920109087993,148.0,6353.342426912414,67.6379152138007,0.7210895901247749,0.000148663808038,0.3134104126269404,8.694133438010638,86.14,591.5132965956875,3.09008406819568,32.27046912244123,-0.226182341575623,28.7776148226511,2.69509959,3.85109824897149,0.390458468314882,8.30410747552359,8.32,91.9057203405018,32.6879770176589
Antigua and Barbuda,0.24352923135,5213167.651333667,107.0,54.3,33.0,,5.0232339662453,7.218601147120161,-141181263.0571241,-10.87391415457348,-50370370.370370366,291.0,2.2277700973130514,42.13045636335629,13.262753270537493,0.0162725175087973,3.6934783734123697,8.905348151455403,4.78,3.37002540220148,0.0485348540920948,11.0,,24.68379784,100.0,100.0,73.65855189214786,,94.82209537968384,77.40880740057769,17.0,0.26,2.1440921566050526,11.9,5.4,18.1,26.238,3.0,30.2775325851455,98.0,6.80745779974433,0.0,10.6958069782635,0.0,40.84449857896875,0.0,55.776827127756434,2.25,-0.059843472953,0.191539685064,-67585185.18518518,-79059859.91488221,54.0,0.0,0.007853926667,0.0,0.0,99.9514651459079,3323060000.0,14.837942228586751,8.0,2227.0,85320.0,1.0,868682718.9303222,0.0,28924211.8034622,0.0,-23069045.42163724,1.4596436701090203,0.0194568806791339,0.2215863650643709,0.0704508878439344,13.66957193045812,0.0275197884049986,1.2675104015095993,-5.315216934772565,-9.079453610136795,-25.42374973766404,13.114895874374971,0.1159217027949767,105.53,20.454545454545457,9.090909090909092,2.272727272727273,193.9090909090909,0.046882325363338,7.67432280475178,7.55964773600241,5.767,10.5263157894737,,,,,1030.0,19.954545454545453,0.052,609.4702297233943,0.0485348540920948,0.1235511989810835,0.0297158865061564,0.2022994429973372,10.86837793555435,101.15,93.11704111393858,,1.607416905644925,0.904999375343323,0.0,5.37907028,1.35346888620455,0.0,,5.74,2.7,0.0
Argentina,-4.73809040207986,-2257585300.91092,92.8,118.8,45.0,9.32853838248143,43.33188134101394,2.675161718865369,-1622995871.250684,-0.3831186997371333,575683041.8599908,-5003.0,0.1520913676632867,29.5023394337096,12.021005746907289,0.0399956304660931,31.363037733252856,38.4056777997023,3.26,,-4.997436813077808,13.0,0.0,26.78010178,99.4476413232427,50.1483523313364,51.49518020521667,2.574008692107096,41.08763559267975,43.437845478099455,17.3,0.55,-0.6554923395229719,14.4,12.8,20.2,90.849,39.158016056584856,4.38095838778833,95.0,5.90790513617686,-6.03,10.998988137821,8.54,30.60378318999009,5.690592389794865,35.41169290803431,4.52,-10.389,75.1383,-14434953219.803192,-10367957946.04266,75.1125,0.522757302492207,98.2544304020799,0.0005654273924792,2.035471967622902,13.264293933261914,1605098378400.0,25.25877625767221,2654.35,814403.35,41288694.0,10.0,68779495712.0305,60.0,644300740.057192,44.43439273102408,4156732697.479136,25.41674639695916,2.3952597400593585,1.1200099264052346,0.625333228412506,18.116481091732155,5.511111959232608,2.247024204416596,7.089823508627148,8.968196728992822,8.804897490449548,15.878910759051571,13.582686132603529,91.9,46.13891233570481,13.886519846968415,0.3654049234659388,15.087092071078564,0.9204238816563196,7.63241561032529,7.39640157910594,7.625,38.5214007782101,9.221,55.544,65.04760345909378,19.459,591.0,11.040344357599874,292.0,7072.153941221778,28.633480141253028,0.5002959555446086,0.4993417352895661,0.3209552230327107,39.52397781733828,86.69,247.8243463954839,4.50820980219685,20.91512427204698,-0.0847978666424751,2.22690827077107,9.44546413,1.05636332156278,0.11906716574484,23.4651798026944,7.69,3.8962951544705,2.2420493502156
Armenia,0.0699840352741182,-113201225.5058787,111.4,61.0,82.0,5.48326210888507,18.06602348609944,5.716037340645504,-1261431337.931287,-13.62194829857336,606777267.3955364,-30009.0,18.026839162061364,51.769460754365625,-1.0933546479531386,8.541492016176926e-06,0.768452187310293,2.2121958505417907,3.9,8.17636138473952,0.1093822215375134,10.0,0.284005045030102,77.62413025,100.0,100.0,,1.580880882588682,78.88588696595211,62.089562457282895,24.8,1.18,-0.4199835580406842,18.7,18.0,19.0,63.44,66.05484949832777,7.47630501272821,97.0,4.75483687569386,0.0,11.9973853499192,6.88,-71.19042134877675,38.36080727160684,12.87437064945648,2.85424148571429,-0.560533134296643,-0.490549099022525,458281240.3860749,-501862328.9926607,62.14375,2.35660274177231,0.0,0.0,0.0,0.0,3631444282300.0,,5050.0,5667.0,3044800.0,10.0,4537162833.556455,60.0,1669336819.11366,22.153751348020336,-266857715.8643546,13.05454103444659,0.5728224439797692,1.4140394656104565,1.6857665345242867,22.61271577479095,0.8957263366144111,0.0937404357216298,8.522912732746349,2.911586968161941,7.419340985145183,12.738360577828796,3.309042023541278,80.67,60.94134176325957,15.753424657534246,1.935370565507552,106.94766420793816,0.1473003152916447,8.74849477457662,7.04324039029702,9.2,9.16030534351145,21.536,49.482,80.21133386408049,29.567,562.0,11.610818405338954,6.859,2252.693116132423,39.48698197504237,15.297713226434135,8.059571999601294,0.5049386951585682,-15.9057766287429,68.29,91.02805820474778,0.529578831884781,7.768715480676519,0.071855328977108,58.2342657258758,9.23538303,-0.693856288987436,0.298060138765546,15.1193133076547,5.06,373.660466738817,0.0
Australia,4.80396444814694,1140050951.665512,86.2,83.8,82.0,8.64020669780384,21.299058404857007,3.0948394339821035,-46011759615.6313,-4.005068622779562,-1870805221.3433864,166752.0,0.1622920187555701,36.0601682575315,0.4947397495170901,0.0017354869342881,1.2552691340288489,1.4154962387010104,5.17,2.91834002677376,3.2529753305812923,11.0,0.0,19.74928665,32.9709729750069,18.9375155841204,65.64851317389417,2.655808511121403,54.86009423541234,59.81293253147684,9.9,0.15,0.7558515969287799,4.8,6.5,6.9,85.182,77.03853624703274,26.5443142431553,94.0,5.58861532137959,0.423799440276667,16.6576704950227,12.13,31.35115911308357,0.0,26.139330706717217,5.08,-25.2154140432493,41.4746910906005,-44635087286.62779,-17487902843.3707,63.40625,4.85534836205351,66.1566739098273,2.01394646953452,71.32481863049699,2.413510593245495,1253646000000.0,25.173078426952856,75678.85,255809.25,22031750.0,7.0,260241947523.9256,60.0,1864472761.35169,17.646174122638634,429957791.6010701,11.221895423124677,7.772078900790852,1.1920048213009915,2.081881348060871,4.713698464686021,2.842525011677836,1.326340033378384,2.186686612026719,0.6420434864755009,3.111653758944371,35.47163351690285,33.910696656942584,85.88,48.99209872043529,3.3312614711739976,0.0489762180596956,2.867858584017807,1.161584985305298,7.22354406777855,6.78541855925125,6.5,24.6666666666667,5.381,62.066,80.99721156235334,11.32,534.0,16.862931674108015,492.0,22331.40808151872,8.61549665361888,0.3491984347603986,0.3045427357233639,0.3517966674602162,-0.736007303018198,85.64,70.65459623607977,5.06462925450787,1.1537724932859137,0.888859868049622,0.0,8.41878414,1.55570626204128,0.131511794320502,20.9767806908599,11.1,1.09015948638677,0.981467733267183
Austria,0.213617286682821,-6998649047.474721,95.9,90.5,75.0,11.5530787172816,31.33847330246553,-5.645396702078335,11472431144.44431,2.942948517720847,-4084002763.333341,22570.0,0.765334983323421,79.92477925324519,6.206754765198477,0.0015172626071799,1.4493938920624845,0.3427274644517625,3.26,1.81353438995062,9.328759419637835,9.0,0.0484573591225784,18.60162735,98.4515418523421,52.0533754614002,61.6368683831245,0.1343467636250822,89.72679970086261,90.78363944201688,12.4,0.29,0.9092845404298244,4.3,6.8,12.4,57.399,99.8064232292125,15.2048871387536,80.0,5.43325113185383,0.3041011952,17.3593818142211,16.05,10.535290813003684,0.0,35.20441034590607,5.4,-19.0965395191076,-19.9100219130914,3281413893.33334,7679700298.124133,61.19375,0.0450193099135956,1.12050215490675,0.0,9.42385558429873,1.7897311888426497,296525800000.0,26.03964196557378,2167.0,2517.0,8363404.0,8.0,185620622249.9274,60.0,2983488445.59884,20.176301878303903,1445048886.708106,7.094812114347311,0.7168244084082257,0.3264784109037197,1.144415705963637,6.06949170131839,1.8852184556334268,0.6686887582874196,1.6989107401388424,1.5645333788081928,2.6737587691078915,3.5222716016440323,3.1233571535761437,97.13,33.67910809500727,16.526902569074164,0.7913233155598642,101.35002423654872,0.163067573920858,6.45419916827114,6.12923846027759,9.2,27.8688524590164,4.679,56.953,80.60580563735802,10.788,1110.0,46.815317498788175,55.0,6576.269662448449,67.755820492633,3.145351594057538,3.088741661140738,0.2050324734080339,-6.005558511921365,92.34,83.18696837310404,6.25235181211821,0.8913386949096491,1.15264821052551,0.0,10.22101879,0.240394299500766,0.0773723681017506,24.720499373959,12.23,0.754308990105961,0.0812464922746426
Azerbaijan,0.0,-975287000.0,73.7,115.6,73.0,6.38197648822824,45.19810763355721,6.337255132933003,15040436000.0,28.426831351936887,1107525541.9885373,1373.0,2.6654976324031554,62.790479689155774,0.6949722301189215,0.0002287875876036,0.0020777406758379,3.424377459883233,3.89,5.72687224669605,0.0063602351683591,9.0,0.0,60.27914047,100.0,99.9999999999652,28.21617802896503,20.697507369046267,77.69634758236309,57.569055518171766,27.5,0.71,0.7272799123383874,37.7,11.4,36.1,53.406,9.954885621782283,3.04290391106797,89.0,4.8011839760545,0.0,5.7589511600062,2.76,-33.75121606084727,0.0,55.71321470280694,2.9,-3.35358,-3.35358,-3168203339.14777,-331155000.0,61.675,0.0949855549611138,0.0,0.0,0.0,0.1229289150187065,39922200000.0,59.994819262922405,1000.0,2131.0,9054332.0,10.0,10236392000.0,50.0,1410296000.0,81.4537680384821,1370028919.286419,13.880622805529788,1.7282841700547502,0.7764277996979518,1.0119305302702342,16.194412722262598,1.9331911615009052,0.076892790973478,7.538608426365442,3.5494556573481475,4.693274791266404,9.79643147120843,9.628457223193596,86.19,57.67034456058846,22.79447348044909,2.75116144018583,109.54234417344172,0.2080882388673178,8.86418378670388,7.90229815486129,5.9,16.0,6.814,57.437,96.30673581805884,9.64,447.0,12.4914658343012,8.115,896.256068365949,18.42431854623196,26.23630297197804,8.422991222126177,0.5550401586154721,-2.1850696585377136,86.57,158.5907189376118,12.0853863773511,13.827665595181116,-0.238546922802925,0.498857878857273,2.64634848,1.18978770786007,0.0003142068465894,13.7167800102951,1.81,0.80265,20.6300390038453
"Bahamas, The",0.0,-286344000.0,83.7,159.6,69.0,3.67963805260751,7.782432263525408,8.636992163046665,-814043000.0,-8.063216637479496,-2600000.0,1898.0,0.0,34.49963152848324,13.948429835891504,0.4416939530368779,2.4057804172544115,1.1020783789599202,2.53,1.34402738392836,0.0237400975408355,12.0,0.0156591214514199,27.59894562,100.0,98.9617480991338,81.13802229846985,0.0156591214514199,84.40491841592733,98.40103362896252,21.9,0.22,1.039811370440277,15.4,12.7,17.0,82.427,,15.1694703877172,94.0,11.9806420607558,0.0,7.49304173785918,3.83,21.837937103068334,0.0,33.23156769958784,3.8356,-4.15961,-4.15961,-234900000.0,-871970000.0,35.5125,0.0,0.0,0.0,0.0,99.97625990245916,9835610952.44339,11.499877176161082,1.0,16343.44,367478.0,4.0,3772597000.0,40.0,0.0,0.0,47751373.48588904,13.187144333784964,8.71800777996258,,0.02807045985701,0.0551940390406806,0.0348293056245409,3.659317227734423,0.5877075953443409,0.2488370375535424,15.03847050594544,,0.747917667630182,95.46,1.1988011988011988,0.6993006993006993,0.2997002997002997,36.71108891108891,0.0190487593815139,7.52075856497729,7.50460197851969,7.322,12.1951219512195,14.744,62.179,84.1364853260595,22.463,1292.0,50.935064935064936,0.7,1904.8759381513996,0.0237400975408355,0.0024796821089073,0.0575585384329468,0.113873919962245,1.1949215832710962,91.47,86.57936487517902,0.889137456770114,-0.3925655656247926,0.993692219257355,0.0,5.25594234,1.27841716584672,0.015294777644818,14.4915708855992,4.33,1.0,0.0
Bahrain,0.0,106972098.3931064,81.1,68.5,96.0,9.08662104699952,27.51146572846642,0.5811053566339595,770071855.488056,2.872761000922796,-1641755319.1489365,-19329.0,0.0,101.58552641369972,-0.5538481440503817,0.0001325901906405,0.1498932526623672,18.517098660560624,9.59,1.96188468334623,0.0050369375419744,9.0,0.0007509067193193,26.74535942,100.0,100.0,54.7856196764576,21.38243900981512,71.41988559472692,58.105842156868114,19.5,0.25,3.682820665951637,8.6,10.8,40.4,88.634,1336.0825242718447,52.1561952210345,99.0,10.5058199179016,0.0,6.24267117630789,5.6,66.14797103194398,0.0,11.0288985062125,2.735,-0.025,-0.025,-2373013297.87234,178271544.0217684,37.89375,0.0,0.0,0.0,0.0,0.0,9186797000.0,43.92685818603936,3.19,13493.19,1228543.0,7.0,13095478723.40426,30.0,0.0,100.0,1279545395.661317,17.54788370295537,9.412290251227551,4.464186280891496,11.23802820638775,40.54361844978592,63.78817702258007,0.9736987410072804,6.297067566004927,0.0771669589062469,2.3439731234987,14.812009304230534,6.364326514315925,24.39,11.614173228346456,2.7034120734908136,3.661417322834646,1612.261154855643,0.0016767829860249,11.5878627094796,10.5883288246492,2.077,2.5,3.682,70.934,50.14840891834059,16.84,83.0,0.6824146981627297,0.004,3.2558892932522507,0.0050369375419744,2.188930885017646,0.6476749437422485,1.0561131383614306,-8.547823323800444,88.39,100.0,1.5972002294224,12.006950909995282,-0.493476390838623,100.0,4.08934975,4.16585991920366,0.0006816074220328,35.7194041439056,2.35,0.376,21.3816881030958
Bangladesh,0.0,-4458855981.502019,61.5,68.2,91.0,13.3889291451972,75.3560846560101,1.0689676630832234,2108502536.741668,1.8290979472349784,613987718.1931807,-1113727.0,9.412414474467534,40.78488808561892,13.843879927080655,0.0,0.8480235515026876,2.625334537009152,2.32,8.12667639169917,0.3091763784154343,5.0,0.341808535999408,67.95515442,100.0,100.0,53.49829628204875,1.049267655243711,87.5317985195469,44.20780964266864,22.0,0.18,-0.2005089603864623,48.9,16.9,34.7,30.462,208.02432296890672,0.887465112122783,88.0,7.59040285131126,0.0,7.39571415253942,3.72,53.83215227606224,0.0,8.43799575913772,1.77802832192127,-0.445601,0.374253,9337732892.086245,-1165816161.078581,58.25625,0.0,0.819854,0.0375672237551005,1.890118499657232,3.616198217608461,10199858941599.8,24.95647672645854,1308515.0,3035101.0,152201981.0,10.0,29470808767.90718,60.0,10850211617.3056,92.48849280188033,1019718687.946523,9.470821679517664,2.9973798009354384,16.90027941735604,9.206440940927193,38.891910939975325,2.035898472023601,0.7332066585386342,5.528829338452795,4.650462973555136,7.032201958202293,30.44359827163365,2.848210331639004,60.74,70.99177998002611,61.27371898286855,5.108704002458324,1169.2554428823846,0.0511885584458982,8.88495166432712,7.78290125114123,6.049,18.5507246376812,4.345,56.597,43.484558921985126,30.06,2666.0,14.506737343473915,105.0,689.8727553355563,2.1992948780726667,4.183628292928839,3.749530930146844,0.4230051522544411,6.151947120835473,89.65,55.91510919762407,0.220317442860169,7.144663028108411,-1.42578947544098,100.0,2.28807664,0.876530534249878,0.369496255423481,17.6272313781664,0.004,69.6492916666667,0.707459119244303
Barbados,0.0,-322505795.210532,93.2,83.3,100.0,8.75748280072669,15.342034363686096,8.19344765818078,-272352980.335986,-5.246447520370066,38894500.0,-36.0,1.5770723060817382,38.48829608094563,,0.0123969169293713,25.772000093719,9.139773400079964,4.92,5.82421853311866,0.1505994831037096,11.0,0.0142782737551399,38.09718323,100.0,100.0,75.92025217346664,0.2761743458132179,72.28593866078255,82.49260766284219,17.8,0.14,0.6913665921064844,13.9,8.9,17.9,31.87,135.08333333333334,11.741413476603,85.0,4.90213119716005,-0.008,10.9245676824744,4.37,18.688219560414,0.0,61.87982354936884,5.78,-0.047,-0.059,-111949650.0,-101210228.225,57.45,0.0,-0.004,0.0,0.0,99.8494005168963,10158477700.0,14.511822292717746,2.0,3282.0,275243.0,3.0,2154021671.91327,40.0,81868796.19,0.0,-47628974.8228601,1.7889888792714543,0.2894509526823125,0.8486353100673699,0.0596448784623471,8.355222020148483,0.0822058629143131,0.174790325879719,-0.904983682896372,-2.6155998628726707,-10.033200229108402,6.78047681389654,1.1806982514116258,95.41,34.88372093023256,27.906976744186046,2.3255813953488373,640.1,0.0435978390004468,6.96590604773779,6.77496878575726,9.203,10.0,10.473,61.533,87.12386568032132,27.917,1422.0,14.651162790697676,0.08,290.6522600029792,0.1505994831037096,0.4814767265333832,0.1123143228136243,0.1507935030494532,7.089273374594399,141.65,96.36004738975058,0.982820969805432,18.85272899213608,1.06063663959503,0.0,6.77094746,0.407743308362451,0.013925409947231,19.1239655975685,8.27,2.0,0.261896072058078
Belarus,-2.81624589866666,705199999.9999944,97.4,77.1,78.0,21.6057370727199,27.73934064102029,2.43465600372626,-8280200000.0,-14.467804393608567,364238495.0864694,10300.0,1.0052085538565505,105.13017255074035,-14.20757471586676,3.4215270531129565,3.3863680926663275,1.3624266254738502,6.99,7.73574804312508,0.2447915174093709,9.0,0.0,29.16505241,100.0,99.8139746599063,43.47399889009995,0.616456716938427,72.48223562726552,80.25827258367102,31.2,5.11,-2.173401505658674,5.6,21.9,17.9,74.672,270.46070460704607,11.4871890605704,99.0,8.72222150541058,19.3578,14.5042872291795,34.16,-32.15910853253345,0.0,28.437996820349767,4.95,-60.0267970606667,-46.168069175927,-1162638701.9012864,-1342800000.0,52.09375,0.0,-2.3803318,0.0,0.0802407221664995,2.37569852414386,16700286900.0,35.39179119799983,16265.0,17162.0,9483836.0,6.0,36820900000.0,50.0,575300000.0,97.14572288293452,-1477357369.130595,10.701706204774574,1.7847873842411557,0.5603182208433563,0.2550153090452502,8.043924637231958,1.4005721185046571,0.6742984899044769,7.219102991075928,7.985732825819625,11.906913856660095,5.649350339512431,3.2800910885760706,92.13,43.85368305881657,27.279179111097967,0.60127549260234,46.740968546391855,0.5836246008471677,7.33173379880523,6.75924117157765,14.5,31.8181818181818,4.555,59.015,82.84060397840459,10.533,618.0,42.53284837014913,34.0,3585.047231942855,0.3737498208912451,8.276275725984062,15.608797959978402,1.241364510268261,2.310162464404101,108.41,9.46157272959048,0.557668832315228,11.340309882079438,-0.0949900969862938,3.48966894370546,5.65694332,-0.218522755959381,0.418344087739127,32.8007484508267,14.99,0.297851,0.616456716938427
Belgium,0.590242289631961,-5788013888.744612,93.4,92.2,78.0,10.0917161098866,51.92473394704642,26.05964074902885,7337927601.44306,1.523793686671849,-4635500896.666676,105232.0,2.282944822746372,165.89309745144655,16.167440805368535,0.1597578262208597,1.42028924802325,1.9883667649617824,4.79,2.18929920422457,6.680728687579958,12.0,0.018994257931132,19.72496033,99.4955888679424,71.3937787798193,67.916796056848,0.0398098652431534,88.8315612433779,87.03632029897554,13.0,0.57,-1.109332980435419,4.5,8.1,10.9,97.651,324.94604316546764,9.63262689092329,95.0,6.22276976538698,0.0753225,18.988033537401,20.53,-0.6585575483672668,50.69094215540119,45.5984730183062,6.1,-1.96661151947541,-0.459989377662809,7337178891.66668,-58665007469.26345,51.14375,0.0,0.916952330216717,0.0,6.296190566815746,0.429261691037312,368776900000.0,20.659592602625683,539.0,22957.0,10895586.0,8.0,364143639834.4866,60.0,10993669270.2742,32.60802909675305,820363790.7002656,9.300640384783192,2.44426033059394,1.6197759603378652,2.420217747678524,11.65885909129602,2.4605528585287733,1.4278843160588448,2.572923089218236,1.7761834163912056,3.0617147383691616,5.53170353215162,2.4994753173814206,92.89,44.69389773513995,27.49480763524874,0.7153924768404049,359.1990900998912,0.0765447585838889,6.26143145446035,6.34382816160888,9.7,39.3333333333333,8.516,49.67,78.44792196916205,10.865,847.0,22.743216958428118,12.0,1101.363432861711,8.444296423171673,1.1450627835075753,1.7999464057335373,0.2638711951328635,8.505389788125555,101.19,84.56221348349135,3.39487730950593,1.7031044452060513,0.810646176338196,0.0,10.20009708,0.913639391631709,0.0192857936095954,23.3750900930052,11.33,0.754308990105961,0.0208156073120214
Belize,-0.231407333333333,17686049.795,64.4,99.1,0.0,8.50131679342342,10.425030122261816,5.524997255187226,-45736663.0380745,-2.61996122117629,91846600.0,1639.0,4.475830302584196,67.82379561207539,5.519025344847338,1.0177640671606617e-05,18.739205310790464,27.4388214139766,4.31,0.917977378808888,20.467343824009266,8.0,0.426442697260597,24.62802124,100.0,100.0,61.72595520421608,4.315053114585967,80.56522405627834,58.473685460527214,17.6,0.43,2.4428686873382794,18.8,14.0,18.4,45.228,58.013333333333335,14.4150194801762,98.0,18.6633499374265,0.0,17.4220474559436,6.45,70.03174603174604,0.0,21.259216728424136,6.47142857142855,-13.776832,-12.4048133333333,-138499250.0,-95328799.77380335,62.04375,0.0,1.598747,0.0,0.0,10.27314351876217,3214401500.0,18.0615225983846,7410.7,407338.7,320245.0,4.0,809614500.364171,40.0,78134569.5922123,0.0,4992112.538754431,0.4765658431442529,0.0107011879174209,0.7294909312231289,0.0516379015023432,14.08748294785552,0.2968044465288545,0.0260437914934711,2.760844597579279,-1.295373280947132,-11.675191815856778,13.181961677597714,0.4257426049503093,79.11,6.882946076282333,3.288031565103025,1.4028934677772906,14.039675580885577,0.234195693921841,8.53356100337439,7.33516595207045,5.173,0.0,12.843,56.715,56.97391744745504,28.038,1705.0,60.99912319158264,15.26,47651.01718996393,89.72685648123783,0.0462394839035294,0.0120129209587777,0.1226454441874239,7.156410951477369,101.1,91.80646857743886,4.03850588948776,2.2485368571528994,0.0704276859760284,0.0,4.49390221,2.41171251993503,0.39246973566234,15.8610439640224,6.13,2.0,3.88861041732537
Benin,5.19169,38379588.14373601,80.9,65.0,90.0,17.1694427625162,25.756986337957017,0.5611447477502569,-530854983.6854279,-5.567234146291725,155175607.1092029,3947.0,1.4637028891458854,34.98562447900969,-3.414653688909406,0.0006868207409321,0.0765814519468587,2.049509463413097,6.0,2.20783532536524,0.0,6.0,0.0,43.51421356,100.0,100.0,44.54743973231224,0.0019178388773158,10.651537966736743,49.48951127293814,22.4,1.23,2.086800116648229,108.4,28.2,51.8,43.093,9.134,2.20054095786262,68.0,8.40497407596057,0.0,13.6350929720797,7.37,201.4078299196266,0.0,21.858638743455487,4.79,-25.404,-4.77971,-53535382.34847194,-194907272.3008824,52.23125,0.002602326652557,15.4326,0.0,0.0,99.1304347826087,4691545000000.0,18.009053139506836,484.0,40275.0,9797484.0,10.0,2292106207.749448,30.0,139569120.486052,0.0,-294432496.8975742,25.686802005479297,5.984253125357324,1.9074071460572135,4.200867712135824,31.71948205594045,1.6726533068266634,63.66166002778394,2.4291252837945336,-0.8882448051443532,3.367779982989177,25.208631389814723,18.158830853102984,83.68,30.92536360411493,22.170982617949623,3.876764810216389,86.88793898545583,0.2551675511794661,7.68106930470883,6.24212335616984,10.405,10.8433734939759,1.148,71.118,92.45136603248508,15.886,1039.0,32.237938985455834,10.3,1051.2903108594005,0.0,1.5359806287055748,0.4771051060081689,0.5584925164060763,-0.8338778557617985,75.76,87.74857888499477,1.26119083019613,0.8808856704779089,0.261260122060776,34.4369028675816,3.00988984,2.98424162798508,3.4197276134292,18.1666480771061,6.61,494.794262222936,0.0
Bhutan,0.0,69169677.95813806,73.6,123.9,91.0,6.76913182339743,0.9685355428226644,4.404872013453352,-323097108.0934787,-18.90694314598512,115502725.24411376,-922.0,0.4841461851810454,87.48416279563187,2.2414064775232347,0.0,0.0172138351622586,0.0001938386257762,12.14,7.03638316073019,0.0055730367906167,,4.87932610587727,16.48263359,100.0,100.0,43.00530743815722,4.934500518747551,12.54137544454583,16.873541876444893,18.0,0.1,-0.0983095212201809,40.3,13.6,28.0,34.793,10.03976143141153,6.72270307644888,95.0,9.12143561086106,0.0,8.53501179662134,5.15,64.82412060301506,0.0,27.808922539818127,3.05,-8.408006,-8.212953,-87973838.49629614,-75274009.02831256,67.46875,0.0,0.195053,0.269641600488603,0.0,0.0042869513773974,74117283800.0,39.32493053906005,46.0,52.0,701632.0,6.0,935242365.2638552,40.0,8273480.86460516,0.0,89899719.92567214,0.0831919054023481,87.37543265005182,77.01172233939081,0.7006030249416514,6.114735784164305,0.0066997742970483,0.0269090642638817,11.487809930359449,10.712420842869562,12.74428208888179,5.996279899660699,0.0318665250474413,66.84,13.64220688931448,2.639242332817378,0.3253141642836529,18.40732481569903,0.1433800054729544,9.28336024452947,7.61147326846887,6.647,8.51063829787234,4.072,65.887,87.72131556343686,13.693,2200.0,70.97331899152609,78.0,111169.38794125697,99.9957130486226,0.0345950443994161,0.0005290503927072,0.5367312300064856,0.9540076537495992,87.23,67.21724182925372,0.125048272311002,8.326962415046893,0.742221653461456,72.2195876537086,3.29502344,1.0954380761045,5.03483943501182,6.36765418022889,0.68,45.7258121212121,0.0551744128702799
Bolivia,-1.922,-809463787.172368,83.7,76.4,85.0,8.08987975735596,35.366199673428284,3.1654286764789528,873745670.09457,4.446605369375853,1081276594.713701,-12590.0,4.886647570038816,61.02884788405731,8.716751775608062,5.744724821929448,53.332583716668495,43.10431584981105,4.01,2.50327605844241,1.6614692653673164,14.0,0.0,33.27740097,100.0,99.9790019848446,43.55243055100234,5.179731556266431,38.56080981509644,37.12480671642571,17.8,0.62,0.3245844197900125,42.0,17.3,25.7,66.43,7.006242335623255,1.23858606033628,88.0,9.36407931995113,0.0,8.91766027877821,5.76,38.16902644709568,0.0,17.519670274043733,7.21,9.821,36.136,-888938266.5587522,-650803350.548348,72.5875,3.2482634773025,28.237,0.0,0.0,2.023988005997001,131638184200.0,30.14394174608224,856.0,7802.0,10182345.0,10.0,6155587585.3598,60.0,960212746.785506,64.09295352323838,924309284.2094665,3.202204068105294,0.0788347183260706,1.0393639858542425,0.0762245021402169,14.026152611833794,0.0202214233399097,0.0533787261363449,5.160633398847935,2.4284571305270646,3.843101916314581,12.7330374375211,3.043514826282732,83.52,34.772351980060925,4.107716145112158,0.2021600664635834,9.399376903904736,0.4157686662551701,8.07260683272576,7.06814006833995,8.036,25.3846153846154,3.17,66.638,72.95878349315588,10.031,1146.0,49.003978583956425,303.5,29806.493494376788,34.37511244377811,0.1429516897137633,0.0096640548210111,0.5849039356504678,-1.1780796527410755,75.5,423.1170527858683,5.42691385115656,8.777508115545231,-0.415407210588455,20.0644742343417,5.20230532,1.64440681785103,0.752848711619947,18.915983933143,4.66,7.01666666666667,2.65289965051354
Bosnia and Herzegovina,0.0,116462800.8868888,97.8,88.8,98.0,16.8037792229531,48.47447175170468,2.584024491424704,-1030658645.305256,-6.000463994039097,2389723309.451901,-67228.0,10.609404646769455,81.65895504176893,-3.864123317186881,0.0043070676696892,0.0259976851134371,2.598609287626185,6.66,1.99621236745887,0.0020439149731371,9.0,0.0,30.07586288,100.0,99.7782480691262,55.50865567160571,0.2811064870860968,74.74359196279607,76.09880307026886,19.8,1.92,-2.360874437605999,6.8,16.9,21.9,45.558,81.52988047808765,1.01145737783482,91.0,4.53121916421062,0.0,12.8234746970297,10.47,-13.62568161936606,0.0,26.92976712637882,,-5.686,-5.686,279670084.10417545,-362660381.8740806,56.40625,0.809638528559299,0.0,1.41865020328922,52.53445456669002,0.2803083391730904,25777953000.0,22.454009632172543,7620.0,7925.0,3811472.0,8.0,8794058842.553839,50.0,1822304847.02471,0.3153468815697267,-60314598.6594675,3.5389117332768936,0.641076771359002,0.5256602597080705,0.2270179946249144,8.832494684956954,2.234996946129705,0.035563879334913,0.9699719710573332,2.6737224888054385,1.6363023192934776,5.403418956684298,0.1166866053640082,108.9,41.875,19.609375,2.05078125,74.4428125,0.2634152894209901,7.25753261526029,7.66105730030488,9.961,16.6666666666667,29.774,37.303,63.20864166562148,28.728,1028.0,41.067578125,35.5,9313.9868271366,46.87193412754029,15.064395177104494,21.717496303927035,1.4644343827748134,-3.965087120430781,95.42,94.8156989073914,4.88310424603634,1.406293966206036,-0.693730175495148,43.5193337492411,9.01888275,-1.77665932121615,0.494000697024726,30.8597625845279,5.74,1.47673956845028,0.186657140119524
Botswana,0.0,2961378.68189731,87.9,117.5,78.0,10.2515457877502,20.68627894930337,1.7280613479871123,-744133493.778199,-5.888402256634535,1195961787.7053857,5151.0,0.1766304974653345,81.90057814321831,-16.98283965531008,2.5936273472215248e-06,0.0038342654159919,0.0372767911557892,3.4,6.94887658743103,0.0451127819548872,,0.351848657800867,4.99356318,100.0,100.0,54.73649720196336,1.546400046369841,78.85167300514142,20.822721552070423,25.2,1.94,-1.7396728717381342,55.8,24.2,27.3,62.412,83.12741312741312,5.9043934777821,96.0,9.42621942570057,0.0,20.4195918625773,16.46,7.87172646594434,0.0,49.27298925395784,9.48,-18.019,-2.821,-490012357.1730851,-217483477.377689,56.85,1.33622855939048,15.198,0.430760831584099,100.0,3.421052631578948,80757411923.8596,37.27893796273038,0.0,60.0,2033111.0,9.0,6633895052.89407,50.0,22321278.9239338,0.0,-987625916.412573,2.652814231967393,0.8803752036193664,0.8514715103810624,0.1625847526460733,7.815378975170136,0.0732268405983035,18.49551276289118,5.710834927626138,7.821147001964562,16.819795613932627,6.744075854956054,1.7466531829045582,131.71,45.63195878107741,0.4570077461930725,0.0035290173451202,3.5874419917773896,0.1273909786529117,10.1374024282368,8.14572336764749,9.625,7.93650793650794,21.613,49.171,79.96431837603636,35.994,416.0,29.004464206941577,2.4,1180.456945046286,0.0451127819548872,0.1773215860434498,0.0201047490274556,0.2971662103783342,5.816764039295919,90.82,66.71048743311823,2.59631681407604,7.6854922364130545,0.991209805011749,0.0,6.26718187,2.10943597528371,0.338205668184156,18.2851350961765,7.47,6.793625,0.29947288807291
Brazil,-7.574,8415756624.320019,106.3,89.9,72.0,12.8722967919872,61.02199170696342,3.7300128835094495,-86717778084.25,-3.925946044547631,2662987437.095952,-261539.0,0.1395666962386895,17.820140971109783,31.54225788422896,0.4602653373860835,18.203486691928617,13.10166604833633,3.85,5.03872690108075,6.616119818581264,8.0,0.0,29.38520432,90.9381232942568,46.4631156249157,57.61292197081424,1.6781411164888729,51.65174288267059,58.74936918238214,17.4,0.096,-0.9997183850453198,18.6,24.3,22.7,84.335,202.79676529520472,0.298351263974025,99.0,13.157491731561,0.0,17.9864817580716,5.25,68.18288554852221,2.816101203576408,47.08961177208042,5.39,-401.061,220.46,-68231484509.95806,-55626921872.6,75.35625,1.63133477933765,676.028,0.0091357537078027,2.198509636173608,3.115104719097637,3765812330000.0,23.2679773559416,411777.0,1197146.0,193701929.0,10.0,250626841424.66,50.0,3082801866.11,7.0727323142910885,49079976943.22101,28.187038583492047,2.2832621598737317,2.44450130960077,3.853145405270992,27.68869943189544,6.387803059577749,2.5466927406070825,5.803652853035572,6.627829949323271,10.20307129862303,17.502228447942244,18.345059764471973,90.64,27.73753490609155,6.150291811336015,1.2265886907852706,23.175243415401034,0.2653819725254259,8.91934369512752,8.23560405188888,5.801,8.57699805068226,11.47,60.574,70.85725318573819,19.04,1761.0,61.2074815688658,5661.0,29225.31556203552,84.81639788021631,0.9851074361703538,0.9098521172146948,0.258209399563851,6.696942485605973,87.79,99.99999999485313,3.92760378643332,8.423338337604363,0.0134759107604623,4.02228175532646,7.94516611,0.84088322514573,0.49300454638061,23.3172565199749,8.63,1.75922671058718,1.12294789741317
Brunei Darussalam,0.0,-98179666.0597083,75.0,106.1,78.0,9.35718743499064,,3.507100790193997,5016203728.47402,36.595603971366245,-308163715.8243913,2479.0,0.0,83.4967457710696,-14.717806560297134,0.0,0.0099591215446345,0.1070046162963434,5.15,0.356869132017561,0.0213607594936708,9.0,0.0683497628630149,8.26134872,1.76724442391376,0.0,32.50304366463392,18.712135164369517,78.2172579938894,58.114905419602906,16.1,0.29,0.4990239100084141,9.7,7.7,15.3,74.961,431.75,25.5750034324768,94.0,6.46352442569816,0.0,9.47411025978271,1.05,70.13099399328064,0.0,,2.03,-2.7364,-2.5762,-100284779.93177897,-479520595.7605043,33.80625,0.0,0.1602,0.0,0.0,1.0021097046413503,18553043690.2058,68.65335067750866,499.98,2850.98,392332.0,4.0,3837233033.626114,20.0,0.0,98.99789029535864,75535075.55072577,5.585818425440662,5.569898378374962,0.9431577684595804,0.4422776531319254,1.280091216569359,0.0238791478825325,0.0023838368335572,4.499911909660952,0.8087377107755032,2.1797334398947896,40.60500336382774,16.196551703609245,89.42,2.5426944971537004,0.7590132827324478,1.1385199240986716,74.44629981024669,0.0101954467134977,9.59493814826547,9.12086335220427,3.825,,7.623,62.261,75.62277106509822,18.018,2722.0,72.10626185958255,8.5,21665.32426618272,0.0213607594936708,0.0413563781095281,1.2828003182746418e-05,0.5678764102562118,-16.557829521842876,87.2,100.0,2.94853094394666,4.980089565097188,1.27754700183868,0.0,2.27826095,1.89897689252094,0.0678487506900757,18.1666136585473,0.28,1.36350947368421,18.6437854015065
Bulgaria,-0.910965411853508,1428510000.0,74.5,72.2,87.0,24.0686479989118,27.20341153726528,3.635696367832544,-964620000.0,-1.9030145044976008,2009863191.353412,-21668.0,2.6295816624058146,91.03149248515766,-3.408868803498427,0.0005080194120226,0.4318325041567138,2.00748245333756,5.5,2.43899060504113,1.567294707735837,9.0,0.0,43.14134216,99.9643895445421,97.4978132700892,59.50056964705198,0.665859849273768,74.49686172936002,80.22742265865543,25.6,0.81,-1.874738600715108,10.8,10.8,21.4,72.302,97.05335844318896,1.02988985050822,97.0,2.73246255710327,0.0806273017,15.5800221155882,12.4,-39.73601807443815,32.68600090026365,43.68014640111912,3.98,-10.4081709609762,-12.0845802126526,-1061048117.2227818,-1253650000.0,63.01875,0.724359680957923,0.111106875731385,0.676778240205424,48.45561914560693,0.8423895569416757,73320015000.0,23.7541772436849,7920.63,18689.63,7395599.0,10.0,26931050000.0,60.0,1332910000.0,4.216234754463807,-413862612.6609149,6.72420847785054,0.5533091887983412,0.3117153335625836,0.956308365890656,6.421915780221521,3.498628516167292,0.8705690336275697,7.044110601375706,2.226078799625526,-7.155681228322862,3.110481827063352,1.7919265419621502,108.91,46.53647752394989,29.347826086956523,1.5106853352984526,68.1245302137067,0.4307967481741506,6.31407528568732,6.94512546785545,14.9,20.8333333333333,9.607,48.003,80.22245336196484,21.145,608.0,34.42336035372144,21.0,2839.526588718507,13.770154116562708,13.350153541711023,18.75160485627216,1.0412980509828416,-10.862958498073697,87.54,72.008674203188,4.39990705014308,0.7641298789165916,0.360091060400009,2.3042528954796,7.09477949,-0.658275446635908,0.242161387883682,32.9792694633181,10.66,1.47739166666667,0.258182133224804
Burkina Faso,-1.80645721594749,22334535.47005883,62.1,65.5,78.0,20.801313574809,51.21168217172488,0.3844922198256646,-181624984.0817824,-1.796556040091147,706617710.1301955,-42055.0,1.1915600411006555,35.99541914865574,-0.9858625186607812,0.0025729714408366,0.0143885109622261,1.194862878910481,5.31,-0.764230734676758,-0.0305882352941176,10.0,0.0,30.16873169,100.0,100.0,42.12072485248896,3.19018051324321,75.67299801480392,45.09978131830206,25.3,1.41,2.193397931660762,121.5,30.2,48.3,24.633,8.842779488596884,4.31103604603512,92.0,7.88334301348522,0.0,8.33504080152618,8.69,112.94578474138696,0.0,35.382364426342136,3.23,27.115079196676,36.11706,-302076958.60466546,-38187589.15091499,70.54375,4.22402377988937,10.8427923973435,0.0,0.0,85.05882352941177,4852715892900.0,26.055552033644624,280.0,14800.0,16176498.0,11.0,2559213185.518774,40.0,120462189.137398,0.0,-734160216.0611418,1.1187731525929845,0.1099911318790149,3.546621047826183,2.652513428189103,23.118193660666925,1.4108861270270496,23.20822883260309,2.664269087607821,5.31934915891263,12.017033234324288,13.328888745047571,0.3658079194453001,101.07,46.02128252923976,23.38239364035088,0.7090643274853801,59.12462719298246,0.3120576530223043,7.74754179229203,6.25151087894194,11.334,15.3153153153153,4.161,66.702,73.50978508974343,36.495,748.0,24.54861111111111,12.5,772.725963308004,13.851764705882353,3.0106392092216527,0.0733467646083902,0.2166971699113568,14.5667757607862,69.87,93.09228935612708,3.89817471801873,3.779618728157047,-0.117637142539024,71.6377051612389,5.23958349,2.92577947499021,6.86206836140786,20.7207349907482,8.11,494.794262222947,0.0
Burundi,0.0,-3184810.32542533,56.1,73.8,88.0,0.84076444262186,44.03698374990259,0.0384119130803942,-300982004.173613,-14.811121098470892,135900245.0097164,11845.0,1.697669015756219,30.01768791750015,7.8520115775513215,3.230528712384621e-15,,,7.98,6.49326591473993,3.0783398013549954,,23.7911565875236,28.18636131,100.0,100.0,36.9511248689049,23.92788002303212,83.76249723743075,54.31642258697503,25.0,2.4,4.383778925738927,90.8,33.2,26.1,10.642,3.627368421052632,2.48658800012726,92.0,9.74186135839884,0.0,13.8505703170363,7.31,43.16091556600514,0.0,13.853752047029277,6.36,-1.339,-1.339,-10867940.781521251,-780582.003631939,51.0875,0.189455216999623,0.0,0.0,0.0,11.53719660593304,2487671300000.0,15.386156277750878,17.3,17322.3,9376444.0,8.0,606742158.22623,40.0,34498929.5130741,0.0,-9319972.58009692,7.627075761704368,0.1373504917792021,5.64118919832584,20.36509275381517,16.854868492530354,7.226940690029195,8.610427000864892,6.619504800404258,0.3166839877927856,0.7985647211512799,11.13752887501765,2.583422098455985,71.04,71.3785046728972,36.993769470404985,15.57632398753894,365.12632398753897,0.1013177277014612,9.03018575786014,6.55436105665146,10.509,32.0754716981132,1.146,77.155,102.2246008614686,7.771,1274.0,7.552180685358256,10.06,1072.9014112386317,88.46280339406695,,,0.118182630826868,1.0305273939309672,101.46,165.8673305900542,0.656260062876693,8.56155516425477,-1.6259593963623,100.0,11.28196716,4.68101057302388,23.6639205247196,2.99508975676886,6.17,1230.74833333333,0.0
Cabo Verde,0.0,-83332882.27318287,121.6,71.1,,9.94999683524274,6.310750682611356,6.368021377955571,-222769238.2258204,-12.20819613744894,339703516.4662595,-5069.0,7.174120796006278,43.07435910117805,11.316141219466315,9.141733617576676e-05,1.552771654482792,5.056023509230427,2.69,2.07866470906424,1.2129459795278386,10.0,0.31159531826493,28.08193207,100.0,100.0,67.43900995315238,1.34152269412001,97.20175424331296,85.64914658678983,14.3,0.3,-1.369604818877413,26.7,23.5,43.7,61.821,,2.93099826868606,97.0,15.147917895114,0.0,11.5839399516067,14.6,348.10304449648714,0.0,16.012609992441526,4.91,-0.112894007253638,-0.0580199999999997,-73146174.28715767,-116158763.7209378,61.7,0.0,0.0548740072536383,32.8175245458718,0.0,98.78705402047216,145871392500.0,14.941457754395463,0.0,21412.0,509784.0,7.0,1113492819.916421,40.0,130909874.536165,0.0,28308213.36169594,2.395675567392304,0.5943383729142652,0.1422557139548939,0.5116282769992954,12.848479416540606,,0.4025701892947573,3.319227903525743,1.1086794111808729,-3.210399786393125,6.593707043884778,0.2485655399952472,100.26,19.35483870967742,12.40694789081886,0.7444168734491315,126.49727047146402,0.0980807557710716,8.59682778261214,6.68894865912507,5.224,18.0555555555556,10.862,52.812,76.73184441055999,33.061,228.0,10.600496277915632,0.3,588.48453462643,1.2129459795278386,0.5723383667083789,,0.4626774160271696,-2.6694382750110464,87.65,93.88771544157534,4.98118498962025,0.6544154060920988,0.840972781181335,0.0,4.08108234,0.717181999615317,0.469845945590585,21.3192964774576,5.63,83.2786893759019,1.02992737585508
Cambodia,0.0,-283422501.0663804,49.3,65.8,89.0,15.3756593670614,8.761857717208343,10.169807189939114,-980977704.338841,-7.104069188068832,1093481920.26974,-49781.0,4.037000310464821,86.42394349579374,-4.0037511503947085,0.0,0.8244974277016176,0.1695805413444759,5.05,3.99639528107218,0.7903543307086613,,0.0,51.90946579,100.0,100.0,39.720771906423614,0.0,92.17931919225003,42.74612859215675,24.4,0.47,1.1005796278322777,43.7,18.1,40.0,20.294,15.627177161152613,0.570727950527118,90.0,9.49994065695915,0.0,8.00911382226314,4.56,65.73431895322703,0.0,24.203376433354165,1.59027265944292,-7.109077,27.002854,-399298628.997049,-1383735373.141571,66.31875,0.0,34.111931,0.0,3.346456692913386,91.14173228346458,56117115504800.0,26.008898513698103,60000.0,550000.01,14500726.0,9.0,7605896706.50692,20.0,557456183.510441,0.0,163038035.8169431,1.7175410133285072,0.458571118479114,1.5324318866958104,0.157309777228268,1.7935126649489492,0.3010621747745372,0.1200297847933023,5.076709090634111,3.454351171337052,5.682962993352618,55.4603587428943,6.099643579901129,98.71,30.486126217992293,21.232721504645365,0.7557840471334694,82.1477792884659,0.2584698173043198,9.1333504376911,6.44283047754448,6.26,21.1382113821138,0.794,84.098,91.74389596902552,8.645,1904.0,59.98883979152504,120.6,8316.824964487983,4.038385826771654,0.0235663275316228,0.1814601977305293,0.3077377713191119,4.42583388246112,70.8,87.36188133230563,0.329143835229242,6.264998869323193,-0.50098443031311,10.72805723562,5.62713194,1.55621745380597,2.69595952988072,15.9732767108769,4.71,4184.91666666667,0.0
Cameroon,9.836,183870361.7767634,77.8,76.1,78.0,9.86464694883145,44.60656829584855,1.949523866936211,-857140093.1260258,-3.116023035107966,345720540.9144377,-9366.0,0.4179624114569581,32.75833646627645,-3.645531237768244,0.0004142851170617,0.146634943744367,2.976513286300193,4.47,1.27538046242338,0.0232203389830508,6.0,2.67913364582439,76.0213623,100.0,100.0,50.63272793231916,6.366005904771628,71.57292185071368,47.0337433893858,27.0,1.21,1.6164526341880765,110.0,28.9,38.3,51.559,9.239032258064515,1.40399052658132,79.0,8.30510628157126,0.0,13.5444723500097,8.12,1.4849411819890523,0.0,46.14076376710854,2.96,-86.909,-76.602,-264252282.09295604,-35285372.79628605,66.96875,0.0721667406406687,10.307,0.0,0.0,19.71186440677966,13479803550100.0,25.844511730514117,570.0,181570.0,19668066.0,10.0,6377666923.263791,40.0,114971017.942742,7.067796610169491,7049320.524418,15.59515215734272,3.6643124324207577,2.967637327476384,4.006137581033597,24.0435414579348,0.784111663407799,12.8319259919436,4.675114482847505,0.0001364214844272,-1.5329620037036165,15.53047737533342,10.561129389849564,77.68,20.519980537750417,13.1158638488714,3.173192866662436,41.60704448816399,0.3152318077435778,7.91885454848709,6.40424291425631,10.86,13.8888888888889,4.903,73.097,85.8561126540954,14.753,1604.0,44.2141693638806,273.0,13880.368308709152,72.22661016949152,1.0428805355514996,0.5739099144574695,0.3081663560356006,5.019469927716187,81.99,90.0768800552929,3.26845126135057,0.6881870827776453,-0.736971437931061,100.0,3.57742167,2.85766146651935,2.6533964056878,12.241371982529,12.55,494.794262222947,3.63347309449208
Canada,-24.1303814026556,-16167395.288325,86.7,78.2,78.0,8.60932564115648,52.76286450508216,1.8372563874088144,-58162670440.4459,-3.5961856714968765,-3850064041.1192136,225369.0,0.0741436713060294,48.85610661810894,,0.1962912713828959,2.6202170302948096,8.626729368957973,7.02,1.77687154092627,3.002313294728673,10.0,0.0,15.61018085,13.6672176250704,0.0,65.73341912528225,0.559054627602334,90.78139037641574,73.08344165418542,11.1,0.33,0.1767379721624847,5.7,7.3,7.3,80.937,79.65645978719452,20.5450110095849,90.0,6.0490614475443,0.29612293326,16.4774589067645,12.89,24.524688235075786,15.03359666752897,36.55241912980958,5.0,-138.073666783667,-19.2755269071537,-31965433370.139557,6626667134.172776,49.7,0.449991271187577,6.8999372779889,0.246577674456861,13.19009147049264,1.3826703546720265,1633120000000.0,26.351133161989527,162341.0,1138105.0,34005902.0,7.0,500163006070.577,60.0,1199157750.27888,8.603632287292964,3814579540.170518,9.078564466458303,0.9188409221564026,0.8449923251678447,2.121359359992005,26.720267074431685,1.1360389166295486,0.4865636317017177,2.539756503809727,1.9514474469071388,6.681882998773148,13.292294339967905,4.216352156170402,100.3,6.5004087851440895,4.203515886851841,0.0197421474771877,3.792935211179632,1.1082487975175603,6.81741473145775,6.67393111691096,7.1,22.0779220779221,7.354,61.275,86.21857405652489,13.697,537.0,38.73947057583494,2850.0,83808.98115862357,61.28424007853594,0.9743786430649856,0.3236147847769434,0.4011937848282134,1.3019929942822015,78.66,86.35454929904034,4.84956670605832,2.8486377956180178,0.936318218708038,0.0,10.70405102,1.11135202971694,0.0706135095834182,20.2599700733216,10.21,1.03011273517598,0.273815795655638
Central African Republic,0.0,,111.5,163.9,59.0,4.52236781258767,,2.8712892233530978,,,80841681.22386189,-43126.0,0.0,20.535878710587827,12.475215584327383,0.0,0.2133592111134399,3.41432986953899,6.76,1.49102370047802,0.0992555831265508,10.0,0.0,59.52026749,100.0,100.0,29.32937285759832,0.0253474908534628,86.96754917796169,55.7013866979437,32.1,1.43,-1.1423587423348252,149.2,30.5,45.1,38.904,0.2942584514721919,2.10273493224818,53.0,7.29432692544111,0.0,9.0478674072517,10.24,44.13253139738222,0.0,,1.15,-175.81199893,-168.98851062,9643326.057811074,,47.26875,0.0347440245644676,6.82348831,0.0,0.0,0.1772421127259837,1064913462400.0,24.509924142237548,170.0,35170.0,4492995.0,8.0,,20.0,0.0,0.0,,9.31837890562082,0.1394123776825637,5.808069831051095,5.095096695923023,27.414876389734637,9.75844756731427,3.7140719164174927,9.1038920937022,5.470380965936926,-1.7412025491826029,14.770071452453424,8.366995625562598,90.53,7.876463128832387,2.9439147324151658,0.1330363735593437,7.212101512087066,0.4081909728366045,7.24092391757619,5.40444105096861,15.907,9.61538461538462,6.185,68.972,82.39690560858445,29.217,1343.0,36.28206362965104,141.0,31382.18493454812,99.82275788727402,0.2226163810994929,0.5042295640695551,0.0860878897150348,2.962096910599982,99.52,118.26200449558527,1.20635997132007,4.211309310975111,-2.0206253528595,100.0,3.56699872,-0.799202484181735,7.8638187353622,6.568623178326,2.45,494.794262222947,0.0
Chad,0.0,,63.6,105.8,54.0,5.93023044909694,,2.226410012719384,,,,10427.0,0.0,42.67878618631406,2.148440624393659,0.0,0.004452407757448,0.3690349020039929,3.92,-2.07786574641866,8.83,10.0,3.6920106122663,67.58454132,100.0,100.0,26.484006192164788,15.423744855837764,82.5097566150196,42.05714428039749,25.5,1.43,3.3954162155749525,147.7,24.7,52.0,21.985,4.033333333333333,3.50462913928439,46.0,7.38989201480473,0.0,8.67514475454103,5.56,172.6070356445455,0.0,,1.48,-4.581125,-4.581125,-355703397.3849923,,40.63125,0.0116300353875234,0.0,0.0,0.0,100.0,6780068429500.0,37.92861339332229,30.0,91030.0,12312575.0,9.0,,20.0,0.0,20.0,,17.416797200803398,0.1393199809110925,0.9504364190556632,2.716809830837591,33.00787798439132,0.1218440295761202,0.0734084056869773,4.571362388719265,9.923591815927637,9.577251972494707,27.94603261698736,17.24994422727703,75.78,39.10022236340534,3.335451080050826,0.0277954256670902,9.778093233799238,0.3411146734131569,6.89324446547275,6.03009055949119,15.178,5.16129032258065,0.546,63.589,71.87905198572363,35.627,322.0,4.391677255400253,15.0,1218.2666907612745,8.83,1.372131383140248,0.0078138934397425,0.0441775533971888,24.733472671125327,106.28,104.60746280775292,0.729754345698719,5.523090027345788,-1.52482771873474,100.0,3.04079008,3.46077094768596,3.73802900960051,5.88035887253365,3.86,494.794262222947,11.7229173899514
Chile,0.0,-1997294351.481438,86.3,90.3,71.0,10.2200077505735,14.654725233689874,6.84144686828527,1946692533.493906,0.8968816807440761,2755102364.402885,26048.0,0.0287143864918113,60.03928771333672,4.252927887744002,0.290812830374409,17.05690839709636,28.57099565217285,3.7,1.41071107954321,4.826753152199093,12.0,0.0,34.46762848,99.2864982318215,92.5745810154467,53.81278117709167,6.454926455383275,52.62234059483528,48.999163705520814,12.9,0.28,0.5645667339802098,8.7,12.5,9.0,87.074,285.97005790488936,2.17123101856662,93.0,8.38281010391552,0.0,13.5979664811121,11.72,76.49444706060282,0.0,25.90102497043779,4.23,-63.4675,-63.61547060019,-14055598345.37098,-6288544231.524416,70.24375,11.317663311545,6.11795939981,0.0080349820593617,27.908131184432605,14.015289406625408,103604217822400.0,33.46690301561907,713241.0,3761557.0,17181464.0,9.0,68274414824.9859,60.0,62324923.1059028,17.688718271171858,3023068834.794102,29.559198842891675,2.5100613342830527,0.9218631166124058,0.544259441166978,22.139027811931925,0.4483054174205917,0.2142083585750633,7.103510424273821,4.793637480146359,2.1830432607665955,19.657266820795776,26.256159626921043,96.35,19.79527955757116,1.8146687701403568,0.6411796667796409,23.107901206673017,0.07409025214615,7.59399819288232,7.34820819245977,5.76,14.1666666666667,9.857,55.209,63.10080242077108,19.536,1522.0,22.49433783616576,885.0,51508.998301890926,40.7618228149717,0.1783423180793235,0.4580987655555597,0.3613026777584281,3.594804074358592,90.59,75.97174635239895,4.51489744164769,8.85744148942345,0.679604530334473,2.53444381285989,6.81958389,1.00455362363927,0.616495495596412,22.8925898898062,7.79,510.249166666667,0.016923102112135
China,-156.25,-52935988449.15304,79.6,76.4,95.0,28.3788015819986,53.16239610317754,3.935419967315132,237810389607.9548,3.8402567341525,40637922413.70912,-184144.0,0.2202002113575573,48.02535072775575,8.253781284903017,0.5203258680317001,4.063991441086042,5.105334805450618,8.96,3.17532475269199,1.6310761448510014,9.0,0.0,40.8000145,99.9999974253327,99.9852966777226,45.12687198884302,3.89428267632036,77.55859715528908,73.2680420052199,19.4,1.96,-2.133474238732348,15.8,20.3,16.0,49.226,425.2393477857329,0.0633766452975853,99.0,8.45468322056477,0.0,19.1406455408245,10.58,190.5516393380456,1.7557063426673951,29.63550198166645,1.79,-779.23,-1029.72,-26072819263.163696,-185749835191.8207,51.65,2.02001128407646,1.62,2.74101073299239,76.98929156963902,0.3530424123804389,41748810000000.0,45.70662071067777,47789756.78,62843813.78,1337705000.0,9.0,1433387787069.77,50.0,13636040942.0,1.8551124015653069,471658583327.6358,15.227838362030882,3.65610694929764,1.8113158343793447,6.342689704998812,15.653617240249975,4.122645335485328,2.781222967458128,9.597929782416005,10.06342432075354,12.683595697802346,10.558014886498432,6.981788948805742,92.48,56.18347308129312,12.796080105144632,1.5444902122459752,142.48774340500017,0.0898047775854915,7.66285116911835,6.98736712708078,7.11,21.325744894543,3.929,67.746,81.53773258717617,15.855,645.0,21.36832885413419,2812.9,2102.7805084080574,18.792986822934356,1.5607888493180848,2.3368337073631453,1.1844450884535698,4.251069684340664,86.35,78.38348622341303,4.15668697006577,6.928457312959964,-0.65706068277359,94.5970786528437,4.23068333,0.482959688678361,0.188631846924808,28.6998225784778,5.9,6.77026902870939,2.47644230809394
Colombia,0.918789418768032,-748795402.6393855,70.8,72.6,74.0,15.7306614394382,30.13575881259274,2.244335955611848,-8583011647.50193,-2.9958309122297258,5820439468.71968,-34220.0,1.4069343630027331,27.99281338501268,18.874252861090504,0.7740357878533013,17.03834414344668,25.009849354411344,2.39,2.27200227892008,1.9020270827491792,10.0,0.0,17.0035553,99.8760372413248,84.3079999299519,53.39907363158475,5.344495619366382,71.24941507275754,55.85209406160523,11.5,0.11,-0.5603937108031091,18.3,16.2,19.0,77.964,546.9416488796624,0.270636192032419,88.0,20.6432571253912,0.0,11.7403631662462,3.89,28.23844141688565,0.0,34.90568766197282,3.89283198923468,24.7350036733266,75.1553758395,-9959465454.799175,-947330831.294131,71.3625,0.735935017297204,49.8851275813987,1.27474708918259,6.754193537745963,2.802289333487275,525147000000000.0,31.3713561004301,80367.0,161535.0,44777319.0,10.0,49031602002.4915,60.0,4030846325.68114,19.74302726418051,3117222721.49103,8.069350502937318,1.0165193519453526,1.890769996952376,0.210722858243221,18.364020796130127,0.334022923997637,0.854453887791986,4.921617369507956,3.31434936742798,3.2602142050624394,15.89283821620216,5.412919930611406,85.57,38.30824695808923,1.387151870211807,1.6349301487156378,40.35810635421361,0.039372611835023,8.25000894915041,7.58168927103769,5.012,12.6506024096386,14.398,59.598,67.76294488306642,23.437,3240.0,54.80648039657504,2145.0,47903.71661152826,68.5384551947088,0.3094756222456916,0.5739877850651453,0.2817107198284851,0.3038521420320421,82.52,84.98932283164442,5.15153078959289,3.804860291463825,-1.53718483448029,0.0,7.07130194,1.13596836363633,0.172103286971127,19.8288200596508,5.07,1898.9975,4.74812118007598
Comoros,0.0,3420708.408397969,107.2,165.8,90.0,15.2997728245481,28.44085123724669,0.9196691351383566,-39335660.75396942,-4.33221929296756,145587458.8058077,-3832.0,9.60947819523818,27.97420150881077,1.7045671400754632,0.0,0.0106708446693414,0.5167019088794751,2.78,3.35475770328922,0.0,6.0,1.59493788752637,80.46083832,100.0,100.0,53.18987319872123,1.59493788752637,69.68177311045947,57.41124964486516,21.3,1.56,1.9157920088182503,55.1,27.1,26.6,27.973,0.2547692307692307,1.80593821338352,72.0,10.2213891847716,0.0,6.58223244836773,6.35,59.466019417475714,0.0,6.029730532644464,2.39638988802859,-2.06,-2.06,-851364.2237139711,-8350406.722121056,46.44375,0.0,0.0,0.0,0.0,92.71137026239067,336631062400.0,11.775324959772396,,,654836.0,5.0,271589982.8611125,20.0,87252086.9209346,0.0,-89993518.82996567,15.269837573088582,7.612829008888841,13.824833081475434,31.233989698503205,28.591961906670623,9.374337042016451,15.048389316451944,0.9302549646157844,2.7382808640991243,20.449452224671475,13.288559569310689,4.077702380826356,101.76,71.46695325094036,34.92745835572273,28.479312197743152,351.8731864588931,0.0992614944810609,7.83669310378915,5.95025359866775,8.706,3.03030303030303,4.696,41.388,60.235298456545394,28.255,900.0,20.0429876410532,1.2,1832.5198981118936,7.288629737609329,0.4229678054476166,0.156929168034045,0.2106327867283076,5.160283931043438,97.99,101.67523260774595,1.92611503608306,0.6824621516972229,-0.562939286231995,0.0,4.99181557,1.98790768401212,1.59344239758779,16.9002692011172,0.2,371.095696667202,0.0
"Congo, Dem. Rep.",72.19964,867950204.19457,54.0,58.1,89.0,4.29072765109253,50.30949105914718,12.716013502619967,-2173500000.0,-10.078494456457902,1031660725.0358346,8823.0,0.0728007191011681,45.44248708225785,-3.370194195537331,0.0,0.0011732788356443,1.3595698686885127,14.13,7.10000000000037,-4.113607674829589,6.0,18.517450431943,37.0503006,100.0,100.0,35.37742181323514,22.90312242481471,11.909582201800465,40.47924014930448,26.0,1.36,2.321091929531258,113.5,36.0,45.9,40.013,0.8237875795479482,0.893177895255218,66.0,7.96674703194121,0.0,6.4586563515575,8.08,22.02076303974674,0.0,19.02206559609148,1.52,-139.59001,416.345685,-910780608.2509924,-2735100000.0,46.76875,6.41161516606728,483.736055,0.0,0.0,0.0757384498863923,18711588515000.0,38.6891499625549,3025.0,227516.0,68563038.0,9.0,10705200000.0,40.0,15700000.0,1.009845998485231,-10649807910.33045,12.225323711430631,0.1930318235863151,6.323091273382718,5.301892770438718,27.298060226070973,5.279783887156145,75.8650940867689,-4.5503855188477615,3.747731439553832,28.66857556873842,17.85473221131327,11.778595625537672,95.85,12.540085132661387,4.020202465759467,0.4918285878123553,30.243284444542468,0.132928765496068,6.83674752335739,5.54107216405454,11.654,8.4,3.26,65.192,91.7309020193622,20.558,1543.0,60.505502745859154,900.0,13126.60620435168,94.8008078767988,0.9870994728972186,0.0222455961994698,0.1128399884768937,3.6144240552732327,81.26,263.0887034451735,1.83489659510147,20.786325148869334,-2.19674205780029,92.4845959460551,3.72224283,3.18751592835336,17.7354068020072,8.18398581852924,3.06,905.913458333333,1.2881638635729
"Congo, Rep.",0.0,-250479864.991151,43.5,66.6,77.0,24.8279316341289,64.08054486230388,11.577295221729573,901208914.583327,6.854135668565832,119904381.59123196,12318.0,0.2520231713850128,85.84316914671342,-19.490001999769127,7.546751262089928e-05,3.144891545432635,0.7941294167711239,3.13,0.391525011227612,4.036989795918367,10.0,2.68331582899676,42.15446472,100.0,100.0,25.43317443289791,35.06919766062316,50.691814648124186,49.87818745199824,26.2,0.85,2.909088369680762,62.5,27.0,52.2,63.256,0.5411764705882353,10.3207316731258,75.0,8.69583835839341,0.0,26.7074383085313,8.03,102.4520098743598,0.0,66.45576631310564,2.52,-22.6468,-19.6998,-926859980.4417295,-929341819.636554,43.10625,0.0141542458702399,2.947,0.0,0.0,1.530612244897959,6047146000000.01,66.17916978378054,285.0,65471.0,4462290.0,9.0,7302180473.49143,40.0,33137005.1187299,43.75,922728160.131364,26.52109756972887,1.074688238181854,0.4046194542933422,2.244337677403013,7.925790674797469,0.3107239088894021,22.78685120320641,4.664700550803431,5.470469704356077,13.188295798032328,5.174097816943918,22.14335775399532,89.8,30.96750805270864,1.493411420204978,0.191519765739385,13.066734992679356,0.1142910926900761,8.38677656778642,7.40025111638389,8.23,7.2992700729927,20.601,54.592,98.07599455718614,29.337,1646.0,64.64128843338214,222.0,49750.24034744492,58.756377551020414,0.2845856784540812,0.0167382085021824,0.5083819561678432,3.874585673716567,83.76,141.03021663009284,1.13878012847281,29.417683796629632,-0.316415846347809,90.341885439457,1.85172856,4.14243050486562,2.49416286944495,24.9207208920605,4.65,494.794262222947,32.3747224829651
Costa Rica,0.0,-481603805.0478922,82.0,104.9,88.0,11.4438007746889,46.50158789018487,5.063711702133314,-1213874254.443046,-3.2233638744516817,446905079.90814966,2357.0,1.4092094425001904,61.1227970200022,9.548669759251856,0.3552390943344646,22.689383908899423,19.38648300599174,2.54,5.66275708420021,16.730564541375355,11.0,0.0,25.38431358,99.9999999997965,93.0063619609267,61.90775306075616,0.013125611762689,71.0740373035349,70.0949255075193,10.9,0.15,-2.78504431554347,10.5,14.0,10.3,71.736,519.3177333333333,8.91924423461473,83.0,11.8360969867187,0.0,5.97931757780867,6.52,40.80693737667463,0.0,25.20482621228136,6.41787721101785,-2.9193,3.7144,-1208622289.9820924,-1589209907.720508,70.5375,0.0173466150644474,7.1114,0.0,0.0,6.688928310549932,19166481374536.1,23.322965211408555,26839.0,44755.0,4555962.0,8.0,12929757862.10379,50.0,530688786.0,0.0,561140937.1016244,5.941626522136839,0.2438944163247847,0.8525582974858765,0.6131428021688323,10.16335239215448,0.3097854317516656,0.1389469836529568,6.116591044178037,4.06134325895124,3.22294506608813,8.676499444623298,5.20415500117118,97.5,35.62475518997258,4.406580493537015,6.169212690951821,89.22761457109283,0.0493858377220881,8.4963359078422,7.66572571727548,4.256,38.5964912280702,9.092,54.968,58.87463798096814,19.088,2926.0,56.231884057971016,113.0,24802.665167093142,92.51059167275385,0.1019070649243309,0.2138237454919063,0.1546230943846981,6.33269859105306,84.9,75.37958874500599,3.50946083093779,6.628844861793667,0.691537201404572,0.0,8.02937698,1.24057536472066,1.60982054344363,19.6230014293533,4.0,525.829200716846,0.0
Cote d'Ivoire,-8.080317,-24927781.4945086,69.2,88.6,75.0,9.8651376477021,47.52874885448941,1.0260623920151142,464985734.719055,1.3309527010822282,-439749639.2146924,-182689.0,1.0700671617580797,55.12603109347003,5.032947919254694,0.0001305264230419,1.3765553891903657,4.842641150338333,4.55,1.22645612135479,0.0,10.0,0.0,56.47934341,100.0,98.4824793226902,37.8322011028794,1.688044890645479,58.27563499190518,38.68326422508409,24.6,0.9,1.4093401834615966,102.2,25.8,50.7,47.33,32.08586206896552,10.407388702806,64.0,8.18791100268325,0.0,4.05082486514043,7.93,90.19542959473664,0.0,20.202538783219424,4.39678070961784,-29.283418,17.334688,-10940716623.144672,-314374838.451162,62.13125,0.0937491381749339,55.143254,0.0,0.0,1.4249790444258172,11872880917000.0,15.976579375472284,1700.0,49738.0,22488065.0,10.0,10785918960.7851,30.0,373841959.225322,70.29337803855825,1428775914.17825,10.982265635465152,2.9747342462633277,2.840680488782174,5.416655392297498,27.05782967989949,1.5906185271900464,30.737704188699805,7.2164394669523375,4.519307454766803,-4.003464737701108,15.57717329492337,3.880053727819557,87.8,65.73580817610063,9.119496855345911,15.106877358490568,70.7171855345912,0.128957293568833,8.23970049277008,6.80010811239377,10.851,8.86699507389163,6.731,62.541,82.34035302937369,22.652,1348.0,12.470377358490566,76.84,3416.923599251425,27.124895222129087,1.6115405277582182,1.2975476249672058,0.2111448111870356,-4.050426966483784,73.51,84.39886386814011,0.876986150985757,1.5162179241976048,-1.5838942527771,0.0033723149842735,4.57494831,2.20359114199838,1.97683794132654,11.2601852553727,2.82,494.794262222947,1.58801772506266
Croatia,0.824950606968602,546181141.1670184,86.5,80.9,76.0,14.8692746878753,20.351236105129917,2.619540281400332,-1485244974.559182,-2.51814375609402,1712852802.133848,-3995.0,3.877557234144807,54.03875947252806,,0.0054064736339917,0.3649833326541963,1.6246161024009564,3.72,1.03055505333574,1.1583680042947255,8.0,0.15915253246146,13.95677757,100.0,85.3420099256428,59.84060259323578,0.759551195955811,72.49445069816713,77.4716253244613,18.3,0.43,-0.6007509964327027,5.5,10.5,20.3,55.155,297.30981866430784,13.280619957488,96.0,5.53875878322267,0.092259473908327,17.8509505553517,18.03,-17.824523219416243,0.0,48.638217768235485,4.08,-7.71187071661998,-6.98570133319577,-2009851150.3106115,-1098855797.195882,52.13125,5.91090700556906e-05,0.0581152171265444,0.0,16.004563145886458,3.757884847671453,42974920400.0,21.36566746856616,15678.51,68545.81,4295427.0,8.0,22641175687.25796,60.0,2287050682.32973,17.131928600187894,44315594.33991704,6.883219331390906,0.3564020732521307,0.9319910285472528,0.8405536077636281,11.607421892366778,4.109972823551153,1.971304989616836,1.3624291538957325,-1.11003223418777,-8.825917656458444,8.22792610961091,1.5591851317970344,90.12,23.833178471874778,16.160388821385176,1.500964906011007,76.75339503966836,0.2105494983385819,6.41794999513554,6.4619991454689,11.8,23.5294117647059,12.306,46.43,77.09533699584618,15.666,1113.0,34.30776928025159,37.7,8776.775859536201,63.10978392162126,10.915546309537923,20.622261191665128,0.4073925172147903,-9.079919789689924,95.74,88.59321499237693,5.5260997074383,0.9201131494297528,0.608463644981384,0.766856064755217,7.96871901,-0.226821270818422,0.210971233267681,27.4517338226505,9.48,5.49801058333333,0.600397396113374
Cuba,0.0037,,92.6,119.5,90.0,11.5663366336634,,,,,-181481481.48148143,-34121.0,,27.55067777639597,,15.953171130834548,9.19119427637171,11.297990913316166,1.85,,2.679025119273438,9.0,0.125118457233774,9.1819706,99.999999999981,99.6595835775439,72.46922024623802,1.750065475968552,68.57971651672284,42.12576459129501,17.2,0.14,-0.3685050323802374,6.2,8.3,19.8,76.597,37.23382092198582,0.131038430481849,99.0,7.7498903898818,0.0,12.1443954785015,14.36,-23.469381160122797,0.0,,13.01,-23.81,-23.81,-1325925925.9259255,,43.05625,1.1702972760544,0.0,0.0,0.0,83.7155831465195,62895999999.9998,22.893607760228825,31422.0,55418.0,11297409.0,6.0,,40.0,,13.042478588262345,,19.22646836940335,0.0538146988962755,0.9389014349853336,2.589357897910934,30.62307336455428,0.3847397703091271,0.8097254094113031,3.950288504216587,2.3659723658808787,-1.3110263183641564,26.37045321972967,17.64779238513984,91.09,60.70274332957535,31.79255918827508,3.9458850056369785,106.13875422773394,0.2995377081594549,6.16402930940726,6.08699379649351,8.151,43.1596091205212,2.708,53.453,61.63660684099895,13.314,1335.0,27.54603532506577,38.12,3374.225010354144,3.2365925159510263,0.7828142693795167,0.484436990959996,0.3717368742918471,-5.913410770855336,84.39,135.53865278860536,2.21534935431179,1.2020485294816865,0.349292427301407,10.4691787348714,10.6880827,0.023813604568028,0.122333206164896,17.0823595615068,5.5,,1.24842134429734
Cyprus,-0.167580146888531,-370633782.3703331,105.6,34.8,26.0,9.1359598454368,10.416800478668534,125.27273788957773,-2776660684.226692,-10.762275710231746,-251427332.8304448,11793.0,3.340065678335132,38.6473765830725,26.27288748488204,1.9217730113792672e-05,0.1459746590986426,1.026981187975541,3.25,2.43004084102254,1.3739195791055994,10.0,0.0,43.10596848,100.0,99.4148599017614,71.64132889117882,0.0237027728580779,80.15620460258775,87.120875998571,10.4,0.001,2.0938243788115414,3.3,8.2,12.2,67.551,202.772397094431,17.0268690794928,87.0,5.72467463654588,0.0,12.2907667398996,5.21,74.62066674050283,0.0,21.172597428710432,6.22,-0.13129798881912,-0.267273606872987,-368643354.38129467,667593032.4580852,53.63125,0.0384173210170689,0.0087806201888128,0.0,0.0,98.6283352123262,19183056000.0,14.479115212597916,4098.8,5493.8,1127816.0,6.0,15100529525.83531,60.0,861734943.563197,0.0,-296372232.249177,17.40193006788316,2.2442563006253278,0.7376705856554524,2.9248101911919915,10.38515582830761,13.524471817449266,2.756228511991699,3.851019350028025,-0.3567694202190097,-5.063855750222629,6.812841990842508,4.071252560878691,105.43,12.391774891774892,8.93939393939394,3.235930735930736,122.05800865800866,0.0732388971250629,8.96267632005992,8.3275783567379,5.883,12.5,6.512,60.108,82.11567948208301,11.683,498.0,18.705627705627705,0.78,691.6021762415146,1.3739195791055994,2.493948955391281,2.4384880296459333,0.3656790731323641,7.661725632089286,110.17,97.02318111513762,4.72746528678606,1.881382039433177,0.452444821596146,0.0,6.50055742,1.64898311615441,0.0006591116064012,20.4026981594089,9.12,0.754308990105961,0.0042554418147126
Czechia,-0.249465582680874,-1047840370.861508,85.2,79.5,73.0,23.2066231399573,39.96753517411214,4.815029855274234,-7351204483.709516,-3.481200396905425,-1484848088.1756182,34927.0,0.5820294731324491,122.95100562813542,7.714026846835767,0.0010486979467427,0.7035525650482103,0.2289661855266095,5.37,1.47272727272722,3.624751172834476,9.0,0.0319083247646316,13.85482121,99.9684096538509,95.1460232965776,56.288817719625726,0.2988434136556116,93.49819200908264,87.57070256862534,17.8,1.05,0.5497020055098982,3.4,7.8,20.7,73.255,119.2838892748231,3.78604264341224,98.0,5.51107577546436,0.0,22.6259817423191,15.1,-27.3249874361494,32.59257534661187,44.774029501748885,3.93,-5.63631012403803,-7.25249669110563,-16362336863.325174,-4918465928.197594,47.125,0.0,0.253740802147737,0.768828148333853,57.90135385260119,0.2316566359731325,3720460000000.0,32.7825374564339,20420.0,24410.0,10474410.0,10.0,130837451159.0243,60.0,1229063881.62709,1.5855092371628463,2076244473.90589,3.91978767111453,0.6651987793323523,0.3487043009155841,0.0995389060340485,9.564468136543445,1.412584407334002,0.5069092934941727,2.503901983771101,2.415829488839364,6.381065767577425,8.704003908103173,1.2337206264051683,99.55,45.628900686261815,32.99145409814839,0.5165091285769778,135.62618153567266,0.2432528419261801,6.67835653672169,8.2070636006976,10.2,22.0,8.46,54.095,72.45180279617365,9.044,677.0,34.40864948854072,13.15,1255.440640570686,7.559421673282656,2.8637805968844816,2.5591810009282656,0.6930859209076595,-19.574803300894388,80.83,81.55823586202601,3.64533316987566,-0.485125297413731,0.989233732223511,3.75396016571226,7.55343866,0.29136167418042,0.165929686910492,37.9871714619411,13.33,19.09825,0.26693508889098
Denmark,-0.396542377720817,-21898250237.84523,91.3,95.3,74.0,9.22097943592209,26.211700593458858,-3.567941353281184,20620116949.69889,6.396897407219142,-6500268933.113445,17533.0,0.2871041140664129,55.68309395225545,-8.03978917272541,0.1469291899148585,1.5494719962689043,1.6390836228748806,2.87,2.31092436974789,31.929339714888584,10.0,0.0056531229820642,13.7077713,96.0990141660438,2.4180665777129898e-11,65.77849289370933,1.0159347764567843,91.37542000659808,85.8784274339028,13.5,0.22,-0.6178218502915431,4.1,5.0,12.9,86.795,113.7121024370095,9.18291776249834,85.0,3.56555888382115,5.01020743166361,17.42329861874,11.69,-8.45108975073825,0.0,32.203454598966815,7.94,-2.46469149749872,2.19659582463041,5266643848.099464,10927278742.2981,47.7375,0.0,0.0726736951244334,0.0,43.75997118007308,1.9916628068550253,1842517000000.0,19.36793546441213,36175.0,864264.0,5547683.0,8.0,141225146511.8402,60.0,925467462.102494,20.34378055684216,4472020234.202251,7.238660360963058,0.6725495760823701,1.252679753039778,0.469999527959046,12.77892171763651,2.2583097945651858,0.6385968798052292,1.876103076398067,1.1326693825002252,-1.5001946378416733,9.255772651117615,3.3190319935965045,101.0,65.64999999999999,60.525,0.125,138.692075,0.4363984027205592,5.53965301689168,6.20326482355271,9.8,37.9888268156425,6.763,58.677,86.22857811311924,6.857,703.0,14.662249999999998,6.0,1081.5325965813115,31.983377077865267,1.1957216585458357,1.3140059819159813,0.1709174980459463,32.41223471012199,89.12,89.46314069271862,2.98528707766556,3.18685979296221,1.04096102714539,0.0,10.60774708,0.444197154509531,0.0171826041558455,19.8658913270997,10.39,5.624075,1.01028165347472
Djibouti,0.0,-123266243.1564081,41.8,64.2,80.0,0.950010623121984,10.681336963097394,3.234153296971752,50489250.0042201,4.473571378715512,105288626.55510604,2129.0,2.89214171045678,40.66943483333167,1.2427464627227314,5.698833968659059e-05,0.1026307294798178,3.040453407403388,3.55,3.95007875923885,0.0,10.0,0.825460149335157,26.46213531,100.0,100.0,,0.825460149335157,15.13363328352682,51.3902235615825,20.3,1.54,1.794313563265305,75.9,28.2,26.8,76.999,15.35,12.2261381171446,85.0,8.90104221142922,0.0,20.1330031908576,6.31,8.789242531041586,0.0,14.065803024554214,7.80288270781746,-7.0,-7.0,17358668.924887884,-36501032.5172602,48.675,0.0,0.0,0.0,0.0,100.0,,,,,930251.0,6.0,493031211.8432824,20.0,32641049.7352592,0.0,13037345.5906494,84.05841946626802,0.0513271943287646,17.387847038271953,29.31300581740233,46.80629365413365,14.529828204418092,82.93527719496701,,,,17.814680963491863,0.0693797930766528,128.76,73.43830888697153,0.0690250215703192,0.0301984469370146,40.1316220880069,0.0017199659016759,8.26616824507296,7.71890902950989,8.85,13.8461538461538,36.803,24.609,34.68445048792193,23.678,220.0,0.2415875754961173,0.3,322.4936065642499,0.0,2.1958260862417727,0.8998045544157663,,,87.23,,21.2383305875892,,0.253481268882751,100.0,3.35699701,2.03332270229716,0.838156180608274,4.82427237781439,0.69,177.721,0.0
Dominica,0.0,-33552995.04315411,105.5,120.2,100.0,,7.101430291047322,10.988708659388726,-88027438.50591667,-16.932936547354345,19710592.59259259,-206.0,8.8892713191456,50.20589618272753,-2.8524459611575783,7.699815798632727,18.682615779450455,12.887782499099623,3.02,2.99936630549,0.9390609390609392,12.0,0.0501129160323388,38.80086899,100.0,100.0,58.97393881534888,0.0501129160323388,69.60435074266903,70.92357531679512,,,-0.9287641799124338,25.0,,19.3,68.094,52.16666666666666,8.1006646338893,99.0,,0.0,14.1071446261542,,76.60377358490564,0.0,46.90992707781962,5.0,-0.1276,-0.1276,-9440740.74074074,-58690486.76110333,50.65625,0.0,0.0,0.0,0.0,75.95404595404595,1378130000.0,13.542839229991024,11.0,711.0,68859.0,2.0,327189583.9671026,0.0,46211700.0332561,0.0,1937390.651660899,11.68087833655053,0.8430822767801657,0.1951349813004602,0.1943430473785931,8.48882638547253,7.4338749486459825,0.2458986063266273,1.771466617186391,-0.0983573113798996,1.560386037701818,7.684059060726772,0.4902415457894351,101.98,33.33333333333333,8.0,22.666666666666664,91.812,0.0871345793578181,7.42735998373677,5.87364049544775,11.51,12.5,,,,,2083.0,63.82666666666667,0.2,2904.4859785939384,24.045954045954048,0.2819180560015315,2.7293975681243063,0.1309246649085428,-8.10599324204162,81.75,78.93310239337772,,0.9290490618958528,0.903117775917053,0.0,5.15711927,-0.0072609513330379,0.0491548799650004,,6.55,2.7,0.0
Dominican Republic,0.0,-963700000.0,89.6,73.0,80.0,9.7634552695571,8.625759654969613,3.3832051355466684,-4023500000.0,-7.478478113873212,3430599999.044032,-36587.0,7.22476560920223,41.34305671352848,16.391296575138913,6.430339384929469,24.01506729971968,18.335117702981325,2.57,6.32993220146146,0.7522960745628954,15.0,0.0359678866431284,36.44626999,100.0,74.2779906312133,60.11845329537093,0.1045152936918305,72.66444233504669,66.57233545557183,16.3,0.2,-3.2304726803469,35.1,27.8,19.7,73.753,107.00625,3.97778011944454,85.0,13.8254967992492,0.0,4.44951957147707,4.18,98.55696598190563,0.0,11.6452295669163,1.910150584631,-2.249071,2.200494,-1927199998.8484924,-2023700000.0,57.88125,0.116273238164466,4.449565,0.0,12.606299748282195,54.29621062657324,1910062301500.0,27.272995689884155,1280.0,15770.0,9820175.0,9.0,17797400000.0,60.0,3887000000.0,22.94713926117423,70558425.16974299,2.8770917812306296,0.4272194020063249,0.8292114156477656,0.0912152116840949,8.66220745651737,0.0855175563670223,0.0853960467926461,8.2869030960737,7.0223118298609535,8.64404341225935,7.41906245329598,2.246502776156044,94.97,49.61705651003933,16.55971848478576,9.694990685158352,203.2741668391637,0.0814649433436776,8.28197013339106,7.47967274575297,5.663,20.7650273224044,7.049,53.75,57.83520464102813,25.599,1410.0,42.912854481473815,23.5,2393.032710720532,10.392407646778691,0.2284150417312103,0.0442899522256904,0.3759632872076121,6.60415064841358,71.08,71.31986225595176,4.06760226488251,5.349311343617799,-0.0449540354311466,0.0,4.92355442,1.28013209833069,0.0561269389469561,18.4801247269406,6.84,36.8212918670815,0.0
Ecuador,2.99458873,-105213335.3419074,98.0,78.7,76.0,11.0905278680215,17.036104818623585,0.2434190540343505,-1582287237.900603,-2.321726166045277,2641385000.0,-8330.0,3.8136116739264176,55.87712016591782,-3.6292565815847846,3.131716310581409,17.071137351228476,27.38557525281669,3.47,3.55437734567843,1.2271143003587903,15.0,0.442619710008458,46.95374298,99.9997174919515,95.213002688386,53.55842290324229,9.85463781154314,73.45937458232375,57.96011711588668,13.1,0.54,1.1558035898619388,19.2,24.5,18.6,62.69,252.07097100472012,2.17859196560599,95.0,15.5129099576227,0.0,13.5368396524193,7.99,78.00828892212415,0.0,14.419770815314791,3.88,-15.14929486,26.45393049,-1027477000.0,-165893320.3636384,72.46875,0.144998503952396,38.60863662,0.0,0.0,45.530497180932855,67123852000.0,33.906175182585216,272720.8,672594.8,15076695.0,9.0,22635745105.23582,60.0,2599027038.68,8.980010251153255,-1211095148.191804,3.897918599765935,0.0774537435146087,0.7254993290154896,0.2854333759157478,11.522591320715224,0.6724519694480129,0.0343018498949558,6.174691217160472,2.299025938148503,2.3128704880006694,10.104625356822174,2.6774753232853588,92.16,30.188838782412624,4.776936704783379,5.602351425350298,60.70500483169592,0.0786909863202777,8.38499436855786,7.44695520775373,4.814,32.258064516129,4.968,60.121,61.81090197492082,15.66,2274.0,52.45687711386696,442.4,29343.301035140656,45.49159405433112,0.2148310746797973,0.7613306280465658,0.4935944486418809,0.4668343293406423,102.99,86.56805400562455,3.93017415171809,9.01371738601253,-0.586674451828003,0.0,6.34925699,1.67708805313164,0.43634400590223,18.4884294084343,4.12,1.0,9.3046686895969
"Egypt, Arab Rep.",,-2145400000.0,76.3,114.7,89.0,5.96047079139528,12.266491658904243,2.9160165755014087,-4503800000.0,-2.0566830764130613,10463400000.0,-194100.0,5.68677117520305,36.24060251947621,27.618896754483675,0.0910382960448347,1.1229939631473105,5.19896159380486,3.51,11.2651882653185,0.8293494893975828,9.0,0.226362733620897,62.62810135,100.0,100.0,46.232720039781206,6.658679022532676,57.010818428710365,65.92636381628265,29.9,0.32,1.9530570050157532,28.6,13.7,29.6,43.019,473.3727810650888,0.360446632326273,96.0,5.24198904574586,,6.50506254425613,0.93,97.82733540111876,0.0,20.653688351076525,4.4111256,,,-4364700000.0,-5210100000.0,69.08125,0.214767137416821,,0.0,0.0,12.35564161019331,1182550503000.0,35.78451848168407,919585.0,1304795.0,89196072.0,8.0,59862200000.0,50.0,12453100000.0,78.43165422691358,-218155339.080942,23.45925742220391,5.732404808819915,3.210437667082223,11.888746630795612,30.814791859900325,33.01937250722409,8.021189290879294,5.626522306563288,3.149778511682939,4.8272295112633685,13.634723902126442,4.1440879586000525,96.42,3.687779396252951,2.8861319001456627,0.8016474961072881,89.60376914963082,0.0322099385721828,8.58687203572679,7.31805993633526,6.076,12.6953125,21.941,45.045,30.790270327686013,33.084,18.1,0.0659400271234115,1.0,11.21125602930138,8.977752100184254,7.28244812471991,4.438581400757337,0.7340912573373325,3.47448069044853,88.42,24.206626295631672,14.744165783918,10.106864629572115,-0.898418307304382,99.9970567210338,4.15319157,1.91795124102801,0.221850956824007,25.3827090796603,0.2,5.6219429176105,6.34734860805618
El Salvador,0.0,38040433.8563045,82.8,93.6,92.0,18.4211569925231,50.427654095628526,-0.6134061928080944,-532815819.1468634,-2.8882162278829453,3629300000.0,-54688.0,18.81966486752978,70.00789248869249,27.59518885736083,1.603812671458749,40.55829025296322,34.60605016012697,3.91,1.17933576873673,31.85360962566845,9.0,1.05965719467042,37.80865479,100.0,100.0,59.50275152971175,1.05965719467042,58.547416817684,50.37046061110444,11.9,0.89,-2.1912654096923294,18.4,22.3,10.0,65.452,184.17149832163565,0.667803188510155,92.0,20.4477010132172,0.0,8.58780110980174,8.18,59.99750097184429,0.0,22.31606853734864,3.16,-0.126085,2.129357,-538210000.0,225565382.114283,71.21875,0.0,2.255442,0.0,0.0,34.95989304812834,17909710000.0,25.27591186431858,4499.93,44082.93,6068249.0,8.0,8595024121.21816,60.0,3471836719.03,0.0,-297420063.0689181,0.6209859553361528,0.1145617077415844,0.6861437202282242,0.0550685795088348,13.41967655730985,0.0653872160167323,0.0275039867458954,1.353790577622476,1.8180161360778868,2.842176639725295,11.910173247157866,0.4122121109583111,99.19,59.35810810810811,31.63127413127413,10.424710424710424,292.86916023166026,0.1080047967708642,7.81744291942719,7.50051360118258,7.216,19.047619047619,4.159,56.959,60.24587478210724,27.214,1784.0,30.35135135135135,15.63,2575.701821068977,66.67981283422459,0.1749209081459523,0.0055347216005323,0.325890079436739,5.014747074322884,105.48,90.62325940433468,4.11115110699239,2.5979205150403573,0.0588422268629074,18.699827857653,8.90416241,0.329632681613896,1.02874215933074,21.3498014247043,2.71,1.0,0.0
Equatorial Guinea,0.0,,159.2,116.4,68.0,5.34705691574316,,16.75815672582747,,,-198735125.99465027,22027.0,0.0,124.19669772447554,-5.882219587420823,0.0,6.317269915558432,2.381707190465606,2.36,7.78916547991184,-2.536231884057971,6.0,0.628088810810647,62.08293533,100.0,100.0,24.73255120942711,48.39960571841165,80.58298929325612,56.06623890602541,20.2,0.78,0.0555707188727341,111.1,20.8,44.2,65.94,14.062962962962963,1.18812696408722,44.0,6.45267607951912,0.0,25.5301386767304,6.68,7999.945945945946,0.0,,1.0,5.175066,8.5529,-6735987572.952089,,48.45,0.0152098871575581,3.377834,0.0,0.0,3.260869565217391,4739365000000.01,74.7445614275894,15.0,7391.0,1189085.0,3.0,,0.0,0.0,91.66666666666666,,14.847432155198826,1.3013034469318887,0.3719111962748113,4.286408569030616,27.716126635199263,1.026524500170512,4.569555761249523,14.688067883269923,-13.015171837035185,-14.239320687725254,18.90381090631044,6.203032861774913,115.04,3.6944741532976826,1.9251336898395723,1.639928698752228,42.39162210338681,0.0454130697132669,7.60735537102735,6.28534034180386,10.797,10.0,9.31,54.438,80.31975229160919,23.876,2156.0,90.26773618538324,26.0,21865.55208416556,2.536231884057971,1.7820875108199246,0.0014061227927563,0.4376212188440562,18.498171475010167,92.07,122.1075278706518,9.56143559321185,24.90653418024027,0.236128225922585,99.9999999998562,1.62134743,4.59586770504622,0.36876041625937,14.9346387217348,9.16,494.794262222947,47.7525320265407
Eritrea,0.0,,61.4,2.1,86.0,4.83851855313425,,5.725015139859567,,,,-13361.0,0.0,42.33994713324713,128.1914756430758,0.0004204505068539,0.358463736296976,5.760501388999741,6.74,,0.6222910216718267,8.0,0.0,48.65536499,100.0,100.0,,0.0289584181109975,47.17252639777777,52.64907248369237,30.0,2.33,1.0587391670375397,55.0,34.0,31.8,35.175,0.417391304347826,0.334267017850319,95.0,10.6573225459932,0.0,9.51002511943484,13.54,18.344385026737985,0.0,,1.72,-0.221,-0.221,-19627973.98373984,,41.35,0.0390277466462253,0.0,0.0,0.0,98.76160990712074,24137019900.0,,0.0,3586.0,2945186.0,6.0,,20.0,0.0,0.0,,39.16674176180117,10.736007413307656,3.3289722104509907,30.827866550093447,33.73954854779631,26.38047963419952,13.660731840421054,,0.2059188776796077,,15.166806574338946,10.556984288627469,100.27,62.71006104872351,5.6994128192333005,0.0165200371571979,24.327291077429635,0.234280619288561,7.17024879153579,6.41229790341435,7.615,22.0,6.588,74.955,85.15067729268803,23.874,384.0,8.977483792336095,2.8,950.7039623303926,0.6222910216718267,3.6572594129781777,0.7963681472276347,0.2492463050357576,,86.66,83.65524698789953,2.29290028340812,-16.228199699087426,-0.875592827796936,100.0,4.81866503,1.96475727107645,2.48284932852526,8.46540772356152,1.45,15.375,0.0
Estonia,0.339687158492795,22996121.60331725,78.7,80.9,66.0,17.9620576759205,34.44288336044947,13.277033012902706,340438472.3034662,1.743660494786469,144097380.8423856,-3781.0,1.828915918102308,122.29853169296868,-1.7365626343546627,0.0049805498530979,1.0763810064133137,0.2881199649962153,7.1,2.97204512015694,7.844492440604752,9.0,0.0,22.81398773,6.47601161388065,0.0,59.92384494503575,0.581538339036547,89.40113247457097,92.1359031476637,19.9,0.89,0.1769371957766507,4.6,6.8,20.5,68.094,68.38914728682171,16.3570151844209,95.0,5.9447297515638,1.28372456666667,18.1015884719953,18.29,-43.56501556343223,0.0,41.50462478430436,5.43,-7.1575915587965,-5.81515042505442,-1049871266.486756,-1350833077.001151,56.0,0.0,0.567781609127496,0.0,89.29342795433509,0.316260413452638,13949200000.0,24.0345491849484,573.04,96304.04,1331475.0,9.0,13400792030.57313,60.0,357084044.165656,2.3372415921012037,-1111496260.889379,5.932062190526497,0.4213216709302019,0.2852084631699542,0.0471728273535512,4.779372876179791,0.9869066487930086,2.092285638795708,1.3925767976291894,2.683661650946334,10.667864029986871,4.038225276200678,1.524113351139491,90.48,22.38263741448455,15.21585279547063,0.1674923330974286,31.4101203113942,0.4844251675773108,6.547338671691,6.2942470876892,11.9,22.7722772277228,14.089,50.399,82.23304015410577,14.026,626.0,55.10780844538806,12.71,9545.804464973056,8.052761493366244,3.0797434263034056,4.665021824744333,1.1045935857655844,9.289747673768488,65.21,71.90274450723231,3.3425106453303,1.816537691065264,0.661366999149323,0.0,6.59433842,-0.22805796852935,0.838785843997608,30.3176545462856,14.23,11.8068482348947,0.581538339036547
Eswatini,0.1482,47259870.2560733,127.9,91.1,72.0,26.2315416420555,55.31671122265261,3.056264773379827,-388309494.656043,-8.748142493195255,405424121.82010055,-11334.0,1.232106741100772,84.70824491054526,-6.866651877587389,8.123147205239155e-06,0.0109394289117813,0.2897780578795525,4.66,4.50923691774369,9.722748815165875,7.0,1.74622647604491,10.45542145,100.0,100.0,49.55257662536096,1.8362313933757684,26.17500118376761,5.367249870711671,39.2,3.5,0.3053100359543001,81.8,30.1,24.4,22.48,53.4683615819209,2.55425144240279,94.0,10.3987406202072,0.0,18.680572658574,27.77,-13.47229125248509,0.0,74.3916497243822,8.46333333333327,-4.035979,-3.632979,-226150771.00516823,-131753961.991354,60.9875,0.0,0.403,0.181367359083379,3.436018957345972,0.1184834123222748,29902616229.6333,37.705563884448,209.0,269.0,1111650.0,4.0,2624835048.29758,30.0,54690323.8454676,0.0,-230861246.023893,0.3542615694308982,0.0144652362017939,1.7010580778478144,0.2173499732089062,4.521997305243784,2.220355864631333,73.4707372468015,2.6517768945242324,3.187136063614276,9.192876600576838,2.485733838940525,0.3032894864896424,99.67,70.99088953488373,10.290697674418604,0.9302325581395348,64.63081395348837,0.1592227769531777,9.35125616992956,6.87730505795574,14.988,13.6363636363636,29.35,38.118,79.36173853524983,37.942,788.0,28.22267441860465,2.64,2374.8481986236675,49.17772511848341,0.0090587282378714,0.0021994511681495,0.2534213718025678,-12.324819781046514,93.29,63.73455260982786,2.21847741418005,3.1971753503888607,-0.0760726928710938,0.0,8.5912571,0.586161116007687,2.03802835488475,25.8635981521043,7.15,7.32122196115288,0.0900049173308584
Ethiopia,29.2163963959497,-2771696186.41715,49.2,79.7,77.0,8.91621782492822,10.87946510697708,0.9630306253599366,-635273119.692721,-2.122260871734304,4640925413.078893,80213.0,1.4570285668254792,36.520600558420334,,0.0,0.0471820974979276,1.9393400125674127,12.52,8.14926402965082,0.5437262357414449,8.0,15.5814238338902,42.29021072,100.0,100.0,41.75507409091938,15.793720976757752,62.18955677075378,53.26298355946846,18.8,1.49,2.3417217499396155,83.2,23.3,18.4,17.319,21.847099210435974,0.648364822592643,64.0,9.70056127838052,0.0,9.45657182348929,5.57,90.31380916240654,0.0,24.842574009270223,2.96,-75.7539538461538,65.0441279999997,-108215406.09727716,-288271568.250744,62.13125,0.281800575724129,111.60980360405,0.0072449925692298,0.0,0.6203722233340003,384481486400.0,9.43512813822331,25.0,18083.0,90538514.0,10.0,9914637388.3567,50.0,436143876.305004,0.0,-986809039.700992,19.102306295573563,2.1789747925928795,9.889948065255746,19.282298235214792,44.568031313166166,29.925413129495144,18.70813693367265,16.73739950868662,9.40434487750386,10.817155819968876,27.38864812911796,10.441141118105833,107.54,31.61786010804814,12.9057011034308,0.9906332875822612,80.22403021165704,0.160870764899013,6.78708529499355,5.87789316726255,8.98,27.7879341864717,3.02,79.659,83.7085734870317,10.42,848.0,15.770828773732443,122.0,1347.4928470772118,99.56313788272963,3.468875613555773,1.3354687641139067,0.1730934812522807,5.130302621278673,72.55,43.782396292885984,0.574805378171555,1.4445723174068237,-1.63510119915009,47.8996615677907,5.46637249,2.83517457968806,15.5250945121129,7.96940817464546,1.67,14.4095898080066,0.0050220541146677
Fiji,0.0,367360616.687129,87.7,88.1,64.0,11.9941954992326,4.396800156583964,5.671410210849883,-149446716.080541,-4.759196875488897,149334717.74174634,-10354.0,5.593051233652303,84.35857845398064,41.31302622620356,0.0,1.5481017901840537,0.2270939028235207,2.19,3.68901229670766,7.682911550989727,,1.14030198154584,22.37072182,100.0,0.0,57.48799875626575,1.9754783845940176,78.70607285923406,83.73320389422128,41.3,0.25,-0.7169194833948311,22.2,9.8,28.6,52.171,42.68987341772152,1.55252851321934,96.0,6.13464931113566,0.0,7.45771053957543,9.69,41.70854271356783,0.0,13.058264070655367,4.63857142857149,0.76,0.76,-97627897.49748372,-172232357.811044,59.49375,1.10422228776011,0.0,0.0,0.0,48.67723210557087,5837138100.0,16.972580397166006,767.5,42710.5,910419.0,2.0,2006961092.73822,50.0,175631133.068789,0.0,337317852.95251,2.6097639118412554,0.206682494084704,2.243720324091373,0.117925612269839,3.072941235312865,0.2049406125586446,0.8393503663849918,2.900662134110732,2.595062332369949,6.533354773087879,13.193854870465854,18.684163228924685,80.62,17.465790914066776,3.459222769567597,4.537493158182813,49.83136288998358,0.069418586387147,8.85849183148368,7.60624835792701,7.799,,4.716,59.332,54.84612310151879,18.782,2592.0,58.74329501915708,28.55,31359.18736318113,51.322767894429134,0.0444952217603854,0.0060617477106867,0.4360047026571532,-2.648348545757571,93.81,75.70653255252869,1.15568458873348,4.2297849990792855,-0.190827518701553,0.0,3.41664124,0.34990116341096,1.10484995139824,16.6498246289405,2.85,1.91850867822547,0.0
Finland,1.67235540179752,272248264.0692663,98.6,102.6,47.0,9.8989479757961,65.63436521193952,4.899597631967537,3473908712.409829,1.3927410867982055,-3270543016.666673,14080.0,0.4034377154938711,55.4549229168943,0.8147884367010902,0.0042988623796867,2.029513833370409,1.6148026957504378,6.22,1.18413523154646,13.973585045987557,9.0,0.0,18.80395508,0.735149620011244,0.0,58.96772204712273,0.1022676604876512,83.91782797587265,90.4612289492864,12.0,1.12,-1.6217532517022528,3.0,5.2,9.0,83.77,100.53707645910946,4.62274947542641,98.0,6.61701209396121,11.2482003333333,18.6014052032069,18.63,12.704817025047422,28.26189354686764,59.22271472169264,6.07,-43.3631953333334,-28.9867239120001,3261263000.000006,2766848113.708522,60.5,0.14674086949288,3.6513256862025,0.0,26.54386791283437,0.5999454595036815,190607000000.0,26.18537632808389,11772.0,167869.0,5363352.0,7.0,92342948131.45718,60.0,1006293135.20923,13.956169273867664,-2117633011.842083,13.03836623345964,1.564418091186205,0.6075223783553652,0.256238618150046,8.576250960644145,2.711023431769086,1.3309488544735686,1.241892672204699,2.697376650626836,8.426639423604925,5.658721087385062,6.406125240119442,96.48,7.541625534715367,7.41954590325765,0.0134912800263244,17.648410661401776,0.4204087294661995,6.14994523163795,6.03076180741452,9.5,40.0,7.64,54.702,87.61604566553758,8.651,536.0,73.18854886475815,107.0,19950.210241654844,29.99113716934824,0.9582212276897836,2.9636323390275896,0.2818490999052618,-1.553429915579656,90.26,84.19633114644775,3.7139172636289,0.3488729464248052,1.42360687255859,0.0,9.14202785,0.457494535465831,0.322424091666797,23.3005009213309,10.74,0.754308990105961,0.0264536212387585
France,4.21116343646908,21212230608.46862,102.0,96.5,,10.2012392078848,49.64915894220682,1.469616730291445,-22031068187.76424,-0.8325454686383494,-47422873741.66676,52644.0,0.7519474143847478,42.88504733138041,7.221672170551098,0.0585438043280888,2.0118068283030226,1.1523098761497692,4.0,1.53112270420926,2.7197195790523936,10.0,0.0,10.23503113,99.4790077683923,41.5555617062394,70.71065111728512,0.0095582080359104,82.71793897949532,83.95685855031016,11.8,0.43,-0.6652796218012904,4.2,6.5,7.6,78.369,150.53795756446473,11.430036776973,89.0,6.93911343109398,-0.0431713333333333,17.3449504210245,18.23,-4.161880986946298,75.27328043675685,49.89897371779293,5.1,-61.5047870284054,-43.6786649962681,64588253141.6668,33671093773.63083,48.05,0.0013639589623624,16.8694278893715,0.0,4.622448782424331,0.969809603943178,2044794600000.0,17.59458850020222,203409.0,655652.5,65026211.0,8.0,752868287730.4824,60.0,19898258274.1311,4.173290449281294,7780897390.048717,15.05383919808971,0.9549375313700972,1.0590707276293945,4.440217637141656,13.770347943476017,7.389576721215294,2.7904687921728835,2.3432473972547143,1.4987246617740766,0.1331671293357743,6.214171475131977,4.192415676160057,99.43,52.82792476399717,33.42245647485102,1.846565745666661,118.75697142032702,0.2814357428883562,5.96590164305313,6.04226718968108,8.5,18.8908145580589,9.648,51.0,82.61446153348535,12.876,867.0,29.98591927415776,200.0,3075.6828196556003,14.581047872162896,2.2142497018857377,2.136313743019232,0.1632838973423298,-2.9329036838799567,98.02,89.84074032466035,4.48054081117982,1.0894464238029968,0.681087553501129,0.0,11.22560215,0.492976371032656,0.042045913628346,22.2786825579526,12.25,0.754308990105961,0.0086624870281149
Gabon,0.0,-1320430931.61027,49.9,67.4,60.0,7.09194064591213,52.05396396913262,3.645404176214035,2453186895.57335,17.068505955121708,-235995056.87072825,17274.0,0.2673769347612934,81.18924666918431,1.70815440415071,0.0006305653395783,0.0406578659777391,1.4985327409643272,9.09,1.46154402720469,0.055440414507772,10.0,2.28541713549819,25.50564766,100.0,100.0,30.82763449450176,29.62920919726109,82.64575034174986,76.13950191200541,22.9,0.89,-0.4675266537340328,53.5,24.3,60.8,85.533,3.16,15.8237436573243,62.0,7.69709005049004,0.0,19.1070865228812,9.12,2.7968976742361877,0.0,33.84623625065704,3.06,-126.762,-121.384,-1888128201.4543653,-146800672.82179,39.4875,0.0,5.378,0.0,0.0,10.67357512953368,6177241556499.98,55.19246281157307,130.0,32822.0,1719879.0,5.0,4923415827.48669,30.0,38428998.663363,41.917098445595855,-123271734.020114,14.65982799918979,2.035507281703876,1.0683903680790356,2.975136096585684,14.918568489700323,0.5355406383785822,2.6779041006102866,6.495800468815219,3.4583507367765662,13.218673577161042,10.18077086148002,11.806727134966124,92.36,8.218224861256646,1.2613032172934373,0.6597586059688749,6.674735126324368,0.1889667819654754,8.55661633972738,7.11810302841819,7.994,14.6551724137931,28.941,39.071,69.13497080871939,31.194,1831.0,91.78177513874336,164.0,95355.54536103994,47.05025906735752,0.6722625171125076,0.3700492082951905,0.5344121358274685,-5.203385834819599,86.39,171.60295034852135,2.5620564849383,16.564320214108875,0.299279242753983,97.9444137089329,2.47556901,3.44994267851283,1.98518178203554,11.2338149657538,8.91,494.794262222947,27.3437920617629
"Gambia, The",0.0,-43006410.61018439,63.9,57.3,88.0,3.69229915667998,14.482167802035775,2.406596896448532,17499603.55454997,1.133911817490862,55015198.15433083,-2456.0,7.496885979625954,22.87313940150388,12.47707575632612,0.0,0.2467371678459762,12.877955207061328,2.92,5.04968075857402,1.2323030907278163,9.0,3.09020686113351,18.03235817,100.0,100.0,49.20053712284346,3.09020686113351,40.24511233492378,47.81180371615508,22.8,1.14,1.285401086412874,73.1,26.5,54.5,55.662,7.3,10.9724028678052,92.0,9.58680655274292,0.0,16.5453061846676,4.51,107.07134576878494,0.0,26.785339171965845,2.46,-1.109,1.192,-29906232.17502071,-37155533.3575328,54.775,0.0,2.301,0.0,0.0,98.7676969092722,42392974500.0,9.828166236422716,25.0,46649.0,1926630.0,7.0,322618256.7605129,20.0,115699060.997021,0.0,-3408229.81827963,11.688319523979484,5.951379073565774,8.164810581248126,8.496936443413764,46.59411811908471,0.491296585303901,48.06656814109672,2.589156677872012,2.873509505005288,2.89917604149062,17.866277464541096,5.372405147001228,95.43,63.63636363636363,44.466403162055336,0.691699604743083,190.3784584980237,0.233568458915308,7.17427106818676,5.50212327236285,8.48,7.54716981132075,12.39,42.955,90.40233445925688,33.942,836.0,29.64426877470356,3.0,1557.1230594353872,1.2323030907278163,2.9099596282255704,0.0618985399752048,0.3277813103868631,11.807561913029986,171.86,86.92926386409718,1.38944526691631,5.644330860973355,0.0654169842600822,0.0,4.11944056,2.90737929979677,3.03032430579774,16.8416354611164,3.17,28.0119536626841,0.0
Georgia,0.8383,-76511373.03000005,67.3,69.2,79.0,4.25113379742819,9.26550180441555,7.410659314157811,-1198803819.48,-9.646839122396598,1097777474.805621,-36608.0,9.527194961521714,55.79827273466071,1.1613762709210391,0.0,0.6062589174048758,1.9920086586487948,3.55,7.11017897486099,0.0780323982615567,9.0,0.110579055672134,72.72727203,100.0,100.0,62.4461510677683,0.8952241507891138,42.3017155267221,46.87228645318193,28.2,0.51,-1.5915983573953685,14.1,17.2,30.7,55.535,46.88767088607594,4.28697273402332,94.0,4.72123913842452,0.0,13.65015114493,3.21,-71.343821126367,0.0,11.42909974161276,1.90714285714284,-5.3756,-4.5373,-217038088.08859357,-730489603.66,55.0875,1.07783217178515,0.0,0.0250953563047041,0.0,0.316080600553141,21762163900.0,16.87791051514741,850.0,46899.0,3786695.0,9.0,6113856560.93,50.0,1183935749.72,7.1612011062821015,-212357887.6179579,6.441277881311835,0.917395696013773,0.6795793265337723,3.268212494120456,11.569297130624518,3.5574031015252805,0.4812588070391556,15.221509472051096,7.024283668976736,-6.009021355046656,7.144730352655144,1.8032437570490945,99.01,35.40077709022881,5.684271118146496,1.7988199740969923,66.2496063543161,0.1043125997736812,7.39842577842178,6.55283885166052,12.865,6.52173913043478,17.592,52.262,72.50644856057758,34.098,1026.0,40.61591595913081,58.13,15351.117531250868,92.60075069142631,41.55841641619355,51.25700659196606,0.5377598351655499,16.36323440092646,80.73,70.4641618681004,1.38299950794524,15.90582835915437,-0.718320906162262,11.8831308543839,8.93945503,-0.729475256932528,0.120570149289604,10.6016093085183,14.84,1.78234166666667,0.0305528240111228
Germany,1.87215591365369,-102760473381.5291,93.4,91.6,76.0,14.2949802382467,44.79282901924243,2.480786423932351,200147569523.9532,5.771011025732565,-47967080433.33343,130116.0,0.410426882224041,66.71381291521706,3.574038821739563,0.0786327542328918,2.403052196213143,1.6562955083471764,3.57,1.1038103778926,13.303481172605508,13.0,0.0,13.80700302,99.599440069301,45.9226250417122,62.68361581920904,0.0761801376502495,83.57375109840162,82.99115390693973,13.0,0.13,-0.996210590149904,4.2,4.8,8.8,76.966,211.59682593280436,14.4286016089924,97.0,3.86786151573768,42.6675914983963,17.6625099390712,13.23,-23.73601343503198,22.200530705079604,39.43527658754039,4.68,-50.476182721349,-10.290459886122,69224947183.33347,60605522285.28034,46.825,0.0009795808240801,0.745521257114334,0.100605224103438,43.19196992671216,1.3806229466767752,2668277000000.0,26.063125463483257,40694.0,283840.0,81776930.0,8.0,1195119812421.064,60.0,14234237740.6926,14.270912307303512,2134345644.69928,13.30113212139884,1.158089832774631,1.064492914160742,1.1183513639791725,14.71866656239126,3.0294980332399057,1.1960694544521455,1.0836503814361862,4.306441058265449,14.634881655406131,9.832015553946524,6.924280775994244,96.52,47.91003241816565,33.984565510514386,0.5709039791146685,234.6069082250337,0.1448574799763209,5.8780946441082,5.65945094486377,10.5,32.7974276527331,6.594,55.134,78.90759963346302,8.451,700.0,32.73087184783544,107.0,1308.4374774156963,17.623831185241347,2.2115467764361134,3.051527659468227,0.2588636005629525,-1.4156320189358809,91.64,84.81845331235763,4.95644862788231,0.6824985501647518,0.796834468841553,0.0,11.09592915,-0.153198446937304,0.0437125230189255,28.3099934600273,12.41,0.754308990105961,0.0760802701343548
Ghana,-0.915654911868697,-720578860.0,77.1,62.7,84.0,13.3824515367416,25.50591317420978,7.849484552617095,-2747340000.0,-8.532733056674797,2323283213.8563886,-3726.0,0.4219318382335909,58.644021335594985,11.53211853119921,0.0,0.0363295029413251,3.057958498023443,3.3,10.7333898354915,0.1455689977377791,11.0,5.87184066749086,34.31673813,100.0,100.0,48.181160832843936,8.970625148776431,32.2921390658844,61.88551881899759,25.4,0.96,1.0587666638763689,66.5,23.7,42.9,50.713,20.4372267841194,1.3858898201617,93.0,8.1359078178699,0.0,8.33076499701691,5.2,129.70200716569713,0.0,25.264096752285013,4.68,-3.2227348604835,7.27,-534154601.837924,-2527350000.0,53.73125,3.94880910721537,11.9383897723522,0.0,0.0,20.448509884921805,60587715049.8853,18.014942806659683,10200.0,361658.65,25474995.0,11.0,13925330000.0,50.0,135852160.0,10.740631454706405,560644447.344316,4.723012814721972,0.9867614409929998,4.129931021886871,5.766935151785628,30.4404074017806,7.012834240295811,62.98424885520176,9.823398827062448,5.306175081637619,6.947396652617925,18.27498424754684,1.899489501634992,83.62,54.49783774281445,18.578424892326623,9.974127625911928,111.95831502153467,0.1659405546497653,8.4584153176695,7.18887356109844,8.604,8.26086956521739,5.866,67.281,90.71388360185507,20.248,1187.0,34.907840379713456,30.3,1189.4016073408454,68.95642765810956,1.9482949294709693,1.4371167756282155,0.3196683969687314,5.276573458941698,83.88,49.4755069307102,4.91140458206897,16.595644732234675,0.026093240827322,1.99807475576025,4.73425055,2.43301424000427,5.77442765220724,15.228801631156,5.45,1.42998333333333,0.199727156758191
Greece,-1.21874556248627,-575315529.8828238,115.8,79.7,,7.89691808780842,10.82002919391246,0.1797892232670271,-30262611051.72191,-10.209449951121083,-1728864453.56667,2001.0,0.5056319438942459,31.686372850320723,28.847827493059704,0.0599184727783533,0.893509735118638,0.9545482762774732,3.1,4.71298907760388,5.333890776064803,10.0,0.0071406279321398,28.25885201,100.0,86.8944249131378,70.21525432114301,0.1036970213944889,72.82151024394001,77.71486124393785,12.9,0.2,-1.3781684207947889,3.9,13.1,12.0,76.292,126.18788858589794,11.3598566550025,99.0,2.99104425645348,0.244365,17.0585412928218,3.4,12.613281995317791,0.0,22.306947987119628,3.11971672068878,-2.19404739860484,-3.42619036396485,-6570701217.950012,1163732571.118079,47.3125,0.0815059111967258,0.106127201155066,0.171387580541614,53.6486368783207,10.607089974740877,218633661000.0,15.06552778581007,121244.0,191423.8,11121341.0,8.0,80155825964.16785,60.0,1498782297.44565,17.123943907325145,-13936453737.64498,13.881003450036228,0.4319026137318792,1.0632978010177283,8.144642884372132,16.150669593530257,10.175772189210733,1.4830569395491815,-4.897791118648115,-5.815205241660564,-10.079377401967534,5.569560039251173,2.45355069017887,110.16,58.09930178432894,19.91466252909232,8.820791311093872,86.278828549263,0.2308174886463781,6.61734595995548,7.29599212249229,9.8,17.3333333333333,16.431,46.167,68.48325464972594,15.767,652.0,30.27,58.0,5215.1984189676405,18.39547077780681,6.074550689753544,13.277881874964356,0.3717745494793157,-4.218175811434705,99.52,104.18819641161808,7.85120027297178,1.1809206522849252,-0.12720687687397,0.0668037619975914,9.59662342,0.128880432668041,0.0069826690715384,19.7491934924696,8.72,0.754308990105961,0.081409579133524
Grenada,0.0,-12291418.41886833,82.9,87.5,75.0,,7.0481493469942365,7.218296425729721,-149949270.0162548,-19.448299453528687,31782111.11111111,-665.0,4.721444791355316,44.48682352263012,5.284745357249225,7.123697295725593,29.66519199574991,8.09957837148869,2.78,3.43650905943351,0.2437392467979353,12.0,,56.57120514,100.0,100.0,68.36588622978856,,70.14309059532471,78.7560503195607,22.5,0.42,0.3078820166033481,15.7,5.6,18.8,35.865,99.37666666666668,6.6681314902032,95.0,4.99853717005351,0.0,25.0570605785652,1.54,82.54310344827587,0.0,44.70258714254603,3.75,-0.177,-0.177,-39877629.62962963,-53292023.87040704,53.3375,0.0,0.0,0.0,0.0,99.75626075320208,1974066200.00001,14.709329695351006,0.0,2182.0,111586.0,3.0,427556719.2392333,20.0,36403038.8146519,0.0,-15993241.31764014,0.1658944447322601,0.0358142793108341,0.6502543469368383,0.0584176625091156,6.020674013225018,0.0149145718423824,0.0149145718423824,-1.676045374743623,-0.8071537460597682,-1.121875325482236,5.051319997668321,0.1151655935790435,99.86,29.411764705882355,8.823529411764707,17.647058823529413,328.1941176470588,0.0268850931120391,8.68379529555549,6.08622686768636,7.399,13.3333333333333,,,,,2350.0,52.05882352941177,0.2,1792.3395408026097,0.2437392467979353,0.1360524175668925,,0.1386772916067791,-6.530135691555998,73.0,110.86766648204164,,0.4797921953974224,0.518380045890808,0.0,5.4188118,0.297971859311282,0.0,,7.55,2.7,0.0
Guatemala,0.0,233298579.9999988,72.2,70.9,82.0,24.1958650537539,39.30529330408001,2.7103070679205103,-766950989.9999986,-1.8854855047423384,5013400418.05606,-36076.0,10.386025874685233,54.82516195886124,8.493931559765548,0.0527935712971339,38.909411796170176,30.08890436741754,4.14,3.85950909833175,20.21353873833352,16.0,0.0,58.94914246,100.0,100.0,59.46959810424226,0.829301363569433,56.99225574206983,59.654953476237296,14.7,1.08,1.4037555875249788,34.8,13.4,9.5,48.403,150.8052259698707,0.450602931892124,93.0,17.0785278642045,0.0,12.1959787806754,5.73,115.35743450023274,0.0,17.6372560454745,2.88,-10.0067,1.7922,-1033700089.0196556,-607978520.0,69.1625,0.639559752057951,11.7989,0.0,13.156415157989429,22.99561452828067,319433235400.0,27.491826537329217,22792.23,45124.23,14500112.0,9.0,14346954640.0,50.0,4224679960.0,0.0,676899094.41403,3.3219600046162694,1.0260585586810147,1.162607695016436,0.1936390855595383,10.203348585048031,2.773763263236752,0.2890200142438399,3.717792953306713,0.8655254483730772,0.2795771687901407,8.393275314618931,1.211604435728752,67.12,40.28742067935797,13.999626726390444,9.051885031728258,135.31272863008584,0.1034612698163986,8.16692803994289,6.60907847547407,5.421,12.0253164556962,3.84,58.345,51.95788211488739,27.862,1996.0,34.738708473310936,109.2,7530.976312458828,63.49477116833464,0.2673223205975611,0.117353380247293,0.2290026902428865,-0.249889146361852,78.86,87.55299471274427,2.98268690605899,5.137572988466218,-0.852924466133118,9.71108234926238,6.1247797,1.9815646590713,1.53514286279195,22.0080323474166,2.04,8.05777083333333,0.346801174358661
Guinea,0.0,59519999.99999996,59.2,62.9,80.0,2.14363358627846,74.49819019414281,,-326890000.0,-4.7697025907998025,17049999.99859415,-31327.0,0.6749868207972066,41.96416118920809,21.636319584300672,0.0,0.0741622742336673,2.8978605965627486,7.71,15.0502688559001,0.1491388434523236,6.0,4.9483250527964,69.29233551,100.0,95.0869876358265,43.40420555775074,9.1365532070746,87.99742700175338,63.0544205963675,26.4,1.14,2.027480706346139,122.0,31.0,47.0,33.678,0.74248189050986,1.86254484260751,58.0,7.88533640381664,0.0,7.72019508825319,5.15,137.19549720498486,0.0,32.1456235476375,3.67,14.6,33.6,-77109999.99488132,-101350000.0,42.20625,6.68947629723384,19.0,0.0,0.0,22.600147535199973,38801902279000.0,32.31383729581051,185.0,113689.0,10396086.0,8.0,1800450000.0,20.0,46260000.0,0.0,65400443.67676658,6.541281743525051,1.164645388454954,5.977945640917153,16.155750419409483,32.051346084836574,22.30829329757956,5.461291254721553,4.231095051158846,2.2671303926640576,1.2476485863126072,15.588785804503658,2.1260256726239213,78.83,61.28897729122579,14.826576998209342,2.916901351131369,42.3086684030604,0.278951136033311,7.04295931289839,5.69932817971928,11.883,,4.49,56.095,81.35036942052879,32.08,1651.0,26.733680612078786,226.0,21738.95060121665,77.39985246480002,1.1523902188268784,2.2950788910582234,0.3589171733180706,19.14761447108171,83.16,100.0,2.71230046281354,16.102603374833365,-1.6870790719986,0.0,3.42781734,2.45929310036327,8.6026043066631,5.66006909001623,0.31,5726.07102083333,0.0
Guinea-Bissau,19.252,-4220057.71598542,167.3,40.5,67.0,11.5967610438747,57.35813515422659,2.79117647230681,-70790428.7903534,-7.529995171688672,60070363.9526038,-2257.0,4.88136005691192,62.54570337559945,2.6035381508684936,0.0,0.0504685552128515,8.487049586710723,9.31,2.51785140171701,0.0,9.0,14.9949448606002,44.4398613,100.0,100.0,40.79705064673171,14.9949448606002,21.395109674728268,58.72181877053787,28.1,1.12,1.927591835507804,114.2,31.5,47.1,40.111,16.555,1.28876829951854,76.0,8.00370354571946,0.0,6.13816184945204,7.21,58.18335547771471,0.0,38.0398009950249,1.38,-19.822,-0.57,-2320013.969765882,-27710200.0,41.5125,0.0,0.0,0.0,0.0,100.0,464014360300.0,13.749514908818064,0.0,6584.0,1566347.0,5.0,299131811.895162,20.0,45890277.9656637,0.0,-946163615.3222796,70.1683826016374,56.14339259056682,4.361449331804331,0.9206744538860276,22.12144176308764,7.282371819249901,8.436507723634325,7.307344230853843,2.910528339646888,12.789285588121714,7.621167874669761,13.897798618458696,94.99,26.584992887624463,10.668563300142248,8.890469416785205,55.70224039829303,0.1915284416543716,7.9085222952656,6.63085072763511,10.813,10.0,2.79,61.548,78.14142879056212,13.309,1577.0,73.41500711237553,16.0,10214.850221566488,0.0,1.0701460677995591,0.0007007113614517,0.3216090381302031,2.4411106101600524,95.51,80.25382776736174,0.594197131059259,5.215015522293285,-0.690954327583313,0.0,5.26704073,2.58492032110101,14.9307329026999,9.83829805877349,3.88,494.794262222947,0.0
Guyana,0.0,-133793605.997587,87.3,68.9,64.0,9.83330998739319,51.05752901071043,5.767697225718961,-246354258.11448,-7.176246318540096,429210812.32299626,-13655.0,10.714092027628762,66.32851809576805,6.532080295250507,7.182931172212746,8.191384987460648,14.096420287927764,4.72,3.73337757704246,9.769092279350192,6.0,7.89044495123229,34.74687195,100.0,99.7327254682949,41.56457777828639,12.35291540090289,82.6054548583916,69.11761273140888,29.9,0.22,-0.0572876757144653,37.3,18.0,37.9,26.634,39.319047619047616,1.74232307974121,95.0,13.8900832344491,0.0,2.54939538175181,28.77,29.41285965005582,0.0,38.989344549344416,3.38,-153.646,-145.044426,12779877.498279,-198000000.0,60.14375,6.67238486380367,8.601574,0.0,0.0,90.2309077206498,701666441000.0,24.90272707506037,487.6,45675.6,749256.0,7.0,1762917631.51625,20.0,367805406.291253,0.0,-195347322.7971361,4.415641692576178,0.2802900384934362,1.7135805858836537,0.1751726250086914,9.60303580845061,0.7115558261719868,0.1144965270804209,5.813311058346883,4.532892759942314,3.1899568910324803,7.361497574796775,0.9927995559586564,76.98,5.293370586741173,2.1336042672085345,0.1422402844805689,3.806228092456185,0.5605560716230501,7.41971824998273,7.23731407527859,7.842,30.0,14.292,49.49,52.6058830709142,41.899,2387.0,94.08082296164592,241.0,321652.41252655967,9.769092279350192,0.3415888707690699,2.984773499858052,0.4836531676529239,1.6841749811374456,62.39,93.2393644831891,5.87968524986673,3.9722524192748807,-0.458965748548508,0.0,4.21897697,-0.378060196527414,7.91981911075035,22.8201802891309,5.77,203.635833333333,0.0
Haiti,0.0,128143579.161843,100.9,67.8,79.0,8.79372298196488,4.725548446249974,1.500930147685486,-101824279.161843,-0.8586018559570403,3146856761.792375,-28416.0,12.427404142618563,31.40991460746312,1.7763387905052002,2.619164572228558,4.96142941586093,19.030838495941374,5.53,4.82734190074673,0.0665701881331403,6.0,0.664492832553412,33.30967331,100.0,99.9975743742478,52.50044873931922,0.664492832553412,92.89792296196713,54.40740594282125,33.3,0.51,-0.6849217155069024,136.7,18.7,42.4,47.509,12.928889830508474,0.351053445346957,64.0,73.4287751345649,0.0,4.16379823500125,7.88,62.380724865196925,0.0,9.933418132321307,1.461652,0.77671,1.14815,22282608.15634824,-178000000.0,40.325,0.0,0.37144,0.0,0.0,74.38494934876991,478942450300.0,23.53326872616181,360.0,14070.0,9803294.0,8.0,4287321211.20725,40.0,1473804720.89074,0.0,-1670357154.944794,2.129059881542649,0.2138127364302955,1.1030024962397749,0.1379692854257495,23.942590989008814,0.0733157025723519,0.0213343897490716,-4.724249659938181,-6.745903854949901,-12.1553173498163,21.53492007855189,1.8632777635899824,97.2,71.98838896952104,42.815674891146585,11.393323657474602,355.70732946298983,0.120367704977531,8.33160537492574,7.00152185395049,17.931,11.1111111111111,17.995,55.612,85.61296429731982,21.839,1440.0,13.729317851959363,13.007,1326.7989310531746,25.68162083936324,1.1407001098602454,0.0203499044586547,0.2011123264171722,1.6241503300348938,88.29,88.58717018386068,0.734488747899375,7.393823467041386,-0.940315425395966,0.0,4.54871035,1.16672671353074,0.665741356287765,11.7378661474887,3.14,39.7974,0.0
Honduras,0.0,-140593472.9307414,79.9,79.6,85.0,19.1340141855375,65.86241472013265,3.834605747378345,-804073094.360135,-5.076429076282949,2881700001.587713,-5419.0,16.52787351261426,95.78047823820694,0.9180941223244756,0.1196083846912439,28.24243252639057,32.84241609940606,4.86,4.69889064976226,2.5375141562853907,9.0,1.9253569352923,46.26252747,100.0,99.7975904125968,60.635445694085256,2.304324027575609,68.4872302922193,56.441748558308845,17.7,0.57,0.7635826481388553,24.6,16.4,13.9,51.885,85.65641453831043,0.363652113074911,98.0,21.9731868808077,0.0,6.16876930728441,3.03,101.03901797457256,0.0,9.850603636769634,5.77324643999999,-14.994,-7.287,-728866213.9919873,-970575785.250514,66.3625,0.525851263898386,7.707,0.0,0.6582672706681767,52.44903737259343,285514000000.0,25.587130704409827,27509.0,39584.0,8365878.0,10.0,7775195685.418616,50.0,2617906839.39025,0.0,588400004.6063203,3.21820371784089,0.0708498344262525,0.7269644416545903,0.2622832854512069,10.596226957593853,0.1232876338297693,0.0621569396682403,4.951871222450592,1.549121631332497,2.9729942756928835,9.192741560769502,2.9535634461222244,90.99,29.20725712753597,9.098221467512737,4.289927607471624,74.76877290195728,0.1216847771387533,8.66596469575855,7.42141922795016,4.762,17.96875,5.462,59.365,52.54554637168796,26.206,1976.0,58.767271427294666,90.66,10836.878089783284,46.33706115515289,0.3626716693734906,0.0438304369444165,0.4522249786261005,1.773539593140967,91.11,187.25528349886565,13.2667300446984,4.676043294990095,-0.496909588575363,2.66037501007785,8.72536373,2.12597244017857,1.83675935400602,19.0752811370591,3.13,18.8951,0.0016456146159322
Hungary,-1.10819761700364,-567822933.924441,83.4,86.9,74.0,20.0459528585225,48.54090089543613,-15.885438028333873,-248257440.1250712,-0.1882182083905415,-588600305.3704311,10592.0,1.3500260937671011,139.2439411032348,8.187557827300287,0.0024419068895641,0.610572816194974,0.4918691726197656,4.48,4.85555795691956,7.578122073265366,13.0,0.0,27.41594887,100.0,99.5296320730183,56.62701180304944,0.3207340551023331,89.41585132436443,85.35595993983917,24.5,0.91,-1.6662769926069267,6.0,9.2,19.8,68.911,84.33424408014572,4.35978033343808,99.0,5.51193618971543,0.0616234666666667,18.8200109303583,25.56,-30.036992362767023,42.17441331513741,60.44535307890496,4.55,-3.79316511948326,-4.8722306344587,-6061930085.399516,-3749324251.996568,46.56875,0.002634693865177,0.540202493417159,0.0839110518810435,16.991785073987852,1.3111771159455192,26167030000000.0,25.22669796558376,14245.0,20461.0,10000023.0,10.0,101039874759.515,60.0,1780667370.10505,31.03475957293088,4162434187.679986,4.201094544895286,0.4318506200054346,0.3428675195573149,0.0818976942102318,12.252059644880704,1.669138874853387,0.589146431401953,2.220955342256687,1.2966366075498996,3.518647888592767,11.317915664190382,2.0174510265801087,89.46,59.01910968739645,48.51430465039213,2.07665967082735,110.46087484811665,0.4391989898423233,6.47880907392613,7.81170999912933,13.0,9.06735751295337,10.675,46.194,80.31612658838114,12.555,589.0,22.60455097757649,6.0,599.998620003174,8.081185946322014,2.389538508390568,6.319547277084804,0.4636588134539173,-22.171878477306933,74.53,70.60107012211952,4.00983103918682,2.531208331753689,0.685783743858337,0.0,7.44858313,-0.226013875689698,0.101650565628247,30.7039406556807,10.84,207.944166666667,0.320676764544416
Iceland,-1.53071311131174,192715336.20996,71.5,94.9,91.0,7.78647255080376,32.979173788563656,1.868803547113532,-844996658.1867731,-6.1449109772802535,,-2055.0,0.9857964878364274,61.98748913721654,-2.4130334938307256,1.088315130277921,0.2004529026571018,10.972879188170957,14.89,5.39673113167477,26.176211970221,10.0,,18.66119576,16.8128143430919,4.29464534965659,61.797669835075794,,95.79510180207626,78.57675581074156,9.9,0.43,-1.1191241752769543,2.7,2.6,11.0,93.574,148.6991869918699,11.0334484124738,93.0,5.54270504485426,7.65055289234039,22.3857019575037,12.94,12.699743874521175,0.0,37.48301294188904,8.06,-0.301347571206126,5.82213623441764,,-2748651912.985401,41.44375,0.0,0.0036766447497028,0.0,0.0,0.0117240166481036,1424783000000.0,21.984019163389387,5050.0,1086705.0,318041.0,6.0,5784056011.797904,40.0,135558471.221779,0.0,-10025194156.28356,3.1470956537779955,0.0783756709844146,1.2147406817307882,0.3315447337092855,19.729116121916476,0.201799625370112,1.9307366818887293,-2.380089660340019,-2.692847714997484,-2.688321642864935,7.01271480730689,0.8384383340905012,88.96,18.693266832917708,1.226932668329177,,3.1724788029925186,0.3867425897918822,7.31860001896993,6.96006829175756,6.4,42.8571428571429,6.733,68.917,89.45108005082591,7.885,1940.0,0.4455860349127182,170.0,534522.2785741461,99.99062078668152,0.6058129370640466,1.0562590168061723,0.2438220325158225,-10.688161640721972,102.39,72.22742515066406,2.27485090036568,6.368854473394592,1.02225363254547,0.0,8.36173058,-0.143903000294037,0.0,18.4416348472089,7.47,122.241811205165,0.0
India,-200.218353406381,-1969864182.593823,78.0,81.0,89.0,17.7238795427864,69.65302574878336,1.635034094349102,-54515877624.36609,-3.2534836894517944,53114429627.45759,-50905.0,3.1916605845045862,34.410280478735785,22.837894852766837,1.430375902643274,2.894249663019606,1.8995515346315135,5.41,11.9893899204244,2.093332702496161,8.0,0.380636441427565,65.18476868,100.0,99.9837417981599,45.03374956256008,2.241486272913824,65.31151642635795,61.72440351014856,22.6,0.19,0.9592348901974616,58.2,17.2,49.9,30.93,179.03587692425276,0.441598735186028,82.0,10.1960360603314,0.0,10.3220067272257,15.9,98.66168140616509,2.7015601906088227,57.81671141288391,3.08,-85.5347039585042,-252.532,-17955017307.66044,-11428785745.78441,54.65625,1.51316086876236,33.221057364885,1.63399933661428,67.67322908749061,1.938281496688619,75526651044000.0,30.725078228581665,3790021.0,8505837.0,1243481564.0,10.0,439059034248.0498,50.0,53479960083.2432,11.045273195351417,14126806481.59589,29.54746106947377,5.070535698466981,0.5931157509600281,25.012200553178037,36.25210483624814,20.03703076962439,6.4442167089515126,7.835665991229533,6.930797804152533,7.896980228060627,18.300490835499144,14.768407295511771,78.77,60.39741826119421,52.80826317860614,4.111745297138763,418.23144972235207,0.1262656436135148,8.44309759636657,7.43346063563728,7.164,10.8256880733945,7.713,50.575,35.67887133012841,28.943,1083.0,23.37422095459759,1446.0,1162.8640438773723,14.94194309505859,0.8382710926835589,1.615427074122132,1.1352921727249878,8.791758287378926,87.88,91.9679089631846,1.11276300915217,10.52603085516614,-1.27798449993134,90.0830299815049,3.33625913,1.45460361883041,0.376557740904705,22.3778869612926,4.62,45.7258121212121,0.986014030556976
Indonesia,-38.279,-1327191796.652291,86.7,89.6,89.0,14.9452894276269,37.741324523032986,2.0251791456935604,5144284990.197029,0.6812772868483372,4630300000.16612,-57752.0,0.9159190285447452,38.86164354974682,5.458526678336118,0.0005929702155609,1.905013824620952,2.18691861832586,4.26,5.13420400767928,10.155795116491417,9.0,0.0,60.58386612,96.4230587767447,71.7879167335294,40.6659902908934,4.21032276374956,63.83856504833558,62.99037551316088,26.0,0.39,-0.2847774994812638,33.6,13.7,29.6,49.914,238.77113873251213,0.126407039657274,78.0,5.60726640839076,411.922,18.7497596794669,1.82,96.92587839600624,0.0,35.244316162533536,2.55,-390.79,160.212,-20105846327.34801,-11106333134.53727,66.90625,1.51452958965276,177.359,2.0169329921964,40.319872757798,20.117227769432414,6681362244357700.0,42.77586633627486,6277924.49,11668385.49,246305322.0,9.0,145424174547.834,60.0,6916051073.08896,23.708874554505023,30342468775.42224,13.515217049861125,7.620769426858967,2.5894742040485244,5.860632403707905,8.606776025405438,3.029057479279406,1.4763318492720672,8.414451955839894,4.8932624690878725,4.91924932654355,28.402255491218124,22.60522678315012,79.39,26.59946450608489,9.555695574851706,11.184973361121775,131.1865935844058,0.0949228372742997,8.6455684477076,8.21318359636727,7.528,18.0357142857143,6.391,62.845,61.90776928962678,26.649,2702.0,53.08026177098607,2018.7,8195.925218375914,20.43885010750788,1.449331828783969,1.0352579163206914,0.6744931592614098,3.005673173044258,92.62,100.0,2.91170221939743,15.264293657644942,-0.853916168212891,1.4022313136594,2.7908783,1.26054140134601,0.461892591342216,18.6543784577853,0.1,9090.43333333333,3.25930590053563
"Iran, Islamic Rep.",0.0,,133.9,119.0,83.0,23.6324691907091,,0.7491686262690639,,,-25486023.793403614,-12849.0,0.0,34.22919642507747,0.5927444925856726,0.0007652290586706,0.1838749395691598,1.124439046533289,7.52,10.0893629287979,0.0930292454895496,8.0,0.0,59.39722061,100.0,99.9800386871922,51.13731452471143,5.6272839754083375,49.08356136792112,76.43313092484735,15.2,1.02,-0.7069571760928678,19.3,32.5,20.9,70.626,90.24886484730344,3.71910512401908,99.0,15.002909102333,0.0,10.8685366359048,4.96,130.8462750630643,0.0,,4.11,-49.9902,21.5286,79100000.0,,63.40625,0.952827159850501,71.5188,0.0177607864327432,0.151528809790564,19.76141724509463,5430017852295290.0,44.209379419543325,220034.0,663684.0,77420842.0,7.0,,60.0,0.0,75.92366038659164,,49.1547367937433,14.325635445671406,3.535052160965276,36.023004892638376,23.07712246995116,3.534507358630491,3.858255109162826,5.3299019277980335,4.481946238571254,6.182454055270313,10.623052862751337,21.615856631140947,93.76,28.573516049018888,9.448905916157075,1.0267933888356788,47.53360961713205,0.1987836815311308,11.3072993824443,8.78588484675849,4.613,2.75862068965517,20.838,36.51,22.117688307134927,34.426,228.0,6.564490778260764,128.5,1659.759784064348,4.182160809412816,7.636679897074325,9.171114668198962,1.41874606545484,6.116945262704704,88.74,38.292644429673295,4.01552009160259,15.882625978133987,-1.63059186935425,48.0698031218117,6.29153061,1.25167392158024,0.0115312621774118,33.1206780839336,1.12,10254.176470289,5.25421446845582
Iraq,,-7950700000.0,89.5,63.2,90.0,12.6508908420484,5.961529716702287,1.0079649397511266,6488300000.0,4.684127573834145,-2507300000.0,92779.0,0.1275658249921387,69.07397039854463,-6.759396149431566,-1.1194984899383891e-14,1.504564874285948,1.0503222361119806,5.17,2.8777472527476,0.0027602846160137,6.0,0.0055445023654893,26.03185081,100.0,100.0,39.68604802756837,8.603166691274978,67.36879801059163,27.783585403679457,24.8,0.27,2.83407605809817,34.6,20.9,27.7,69.103,34.29,0.380291585930821,75.0,18.7417826923543,,12.7069999546928,3.57,22.42863304952813,0.0,3.1083767943953404,4.6,,,1593200000.0,-1271300000.0,61.875,0.0046376301070444,,0.0,0.0,59.44630735258036,163928609500001.0,55.79349515486777,20320.0,39668.0,31045366.0,6.0,47191500000.0,30.0,176700000.0,30.80682096998446,5066080835.96004,30.47355162869065,14.006564326290652,2.7450395869918225,38.00152848968099,37.725905730147566,4.464317803464468,0.2965176643436798,7.871868453295619,3.019246512690785,5.06542128692648,13.618225729154718,12.06687359669022,108.19,18.926137410204458,9.209799226376864,0.5065389574507276,71.48039694234666,0.1288437056918575,7.82746225506201,6.88809721873493,5.409,25.2307692307692,10.491,37.866,16.75357723916399,43.038,216.0,1.8995210904402284,35.2,1133.8246100883464,9.7496319620512,20.261262407085063,2.5990311670801542,0.9251251000323186,13.51471425539765,124.06,122.14047387296756,0.85859521054295,16.586740750225815,-2.23926711082458,100.0,3.23955345,3.23138521802744,0.0056082744574052,27.2984487375733,0.24,1170.0,8.59761858276157
Ireland,1.67115946274678,-9897319221.068249,79.3,85.3,74.0,8.64953377200886,68.7260558680837,17.004910057797048,2319661324.963973,1.0449601685450192,-3550541005.2500067,-26974.0,0.2964200673460592,79.63263511197162,16.578503784061404,0.0009822881942666,1.0309586860538584,1.879474062429955,2.46,-0.918388645376774,11.038161746552392,10.0,0.0,13.79563713,49.3392349914634,0.0,66.68276620935437,0.0915149820061444,93.45933962548268,90.56575541296732,11.5,0.32,0.0261760026860715,4.2,4.8,11.3,61.542,1065.372345273904,15.8217274297246,90.0,5.05501740113206,10.291120052842,16.9777705763386,12.08,16.40588155150551,0.0,78.05792126115448,6.65,-5.62466678747715,5.73043831224573,-35378778922.216736,-20925416484.70406,45.49375,0.0718400315222618,0.2115555841341,0.0,20.220082530949107,2.126759073113956,140759217000.0,23.33190421375281,46490.3,394931.3,4560155.0,7.0,169386495216.7383,60.0,658009928.860027,63.87331146615879,-41708608.81040872,5.719808008397691,0.3340512473919768,0.751231060363793,1.0853253509163128,8.998628900108239,1.6358735802031412,0.8261885384051239,2.7700682102994136,1.1304243741417963,-0.9521896832637252,5.097320252131896,2.877670523870735,88.91,66.30860792567861,6.370155320075482,0.0290317898098417,66.19473073014952,0.096233571008003,8.44299953914591,8.42009846806869,6.1,13.9393939393939,11.41,53.5,78.73419886274566,19.454,1118.0,10.456960371606913,49.0,10745.248790885398,13.775085528868198,0.4346333987301757,0.7700611703021071,0.190772227890134,18.58293328832947,85.81,83.27786598227583,4.03012579952814,-2.8583031091789906,1.02016532421112,0.0,10.52404499,0.544884384079014,0.0182385851282773,18.0836367093757,12.21,0.754308990105961,0.0143827302306965
Israel,0.0,-271600000.000002,91.8,96.7,84.0,9.3374282922359,63.53885707976467,2.914188949555525,8246599999.999993,3.44068472395444,8193528975.18705,12906.0,0.2384438822957296,48.86534994658942,5.542352564505754,0.000413011514761,3.8631074312802314,1.4507029455981233,3.7,2.69137006338371,0.2796163233261081,13.0,0.0,23.8116951,100.0,97.5554477431689,66.80734543810948,0.0706744923094515,78.48907669372916,77.65359898233962,10.4,0.016,1.058939898451964,4.6,4.9,11.6,91.826,206.4032697547684,26.2873081227238,96.0,5.22801580232753,0.0,15.6563186564068,6.71,98.62675273178633,0.0,45.6787182083507,5.35,-0.411075600833333,-0.411075600833333,-1497915605.2126586,958700000.0,39.55,0.0871568516301515,0.0,0.0,58.5226399959038,3.660971821610828,890553563000.0,20.81424949311665,19895.0,22507.0,7623600.0,7.0,77024500000.0,60.0,571500000.0,37.47162533494905,12076027528.94851,20.852772206790288,5.272358726311387,3.880449686937272,0.9356775866911168,21.410310419454497,0.6179327406040976,2.0468463444193006,3.474904432819841,3.623991033341525,13.007194984068263,11.657663015644877,6.552911272937871,86.27,23.313308687615528,13.56746765249538,3.5720887245841038,352.29205175600737,0.0385119890865208,7.36450434986919,7.16267354865998,5.2,19.1666666666667,7.951,57.893,82.87927080779382,16.158,435.0,7.116451016635859,0.75,98.37871871556744,0.3308187264255602,4.032231418611951,3.1175484318415,0.2833665151107982,-9.54697610243626,96.76,87.1530782081942,4.07447696611254,1.1908579544763145,-1.34115171432495,5.63328281652253,6.88817596,1.82675240987847,0.0001934130907024,19.678416611045,3.16,3.738975,0.0347037681531794
Italy,-8.53214720895881,-36743543671.14059,107.6,94.2,,14.1279012185506,41.024635726815234,0.4629741965484065,-69584352208.80186,-3.24412215335914,-25330468350.00005,274387.0,0.3718121333190496,43.56073510457566,25.385663675649678,0.0684453460740617,2.6984356044251343,2.0088966669979205,2.86,1.52551602118248,8.559376686320403,12.0,0.0,20.54892731,98.1121664773954,71.5049791292514,66.44978657181547,0.0756451395213109,81.06772176421147,71.45293321205983,10.4,0.31,0.070364543440908,4.0,7.3,11.9,68.327,122.74595285430276,9.71318439967291,91.0,4.1272223583359,0.854453196666667,17.5718553578558,7.0,-1.2415317684000948,0.0,42.07126908847527,4.12,-36.5074612315124,-42.4589573806684,-4679779833.333343,20798672662.48224,58.68125,0.0004768992712389,1.86784605514898,0.0002117315293926,14.710176353939412,7.188566623518934,1614414700000.0,21.369080166955023,153493.71,388454.21,59819407.0,8.0,573453673847.7616,60.0,7975133246.32032,50.56494837169729,1335572095.109575,14.4616065023312,1.3195925504761188,1.4325083253449786,9.589156007722726,23.637142490549277,7.542654117405366,1.294153571490375,1.0279049941246683,1.0811087798198002,4.289508354965378,9.37794098244091,3.579619437715633,109.48,48.45088902264996,23.81322746670815,8.75090457801013,202.28530897679545,0.1177209931218475,5.45823690738739,6.54389339044564,9.8,21.2698412698413,9.601,43.98,64.2355694227769,18.997,832.0,30.529220405927266,182.5,3050.8493673299035,26.570851113840487,4.841478951316827,4.28671565709167,0.2220167670581016,0.2478841626027588,108.31,88.85263818979571,7.5302876738815,0.5978397029165592,0.473923683166504,0.0,8.91602039,0.442226157086815,0.0134471063472109,28.6090860515751,7.22,0.754308990105961,0.0752939396048865
Jamaica,0.0,149479230.37,98.4,91.7,36.0,6.84282516786869,10.16322506440592,1.405203504303299,-934005337.22266,-7.064799450133745,2010015035.5269144,-13248.0,15.327999508639683,49.56677328460479,19.336651714419304,14.309954709204831,2.831411915934575,10.90267596652285,3.77,12.6105519975603,1.77427011630667,6.0,0.0,23.48727989,100.0,50.2733271880777,66.54160677526781,0.333985081239795,93.18863914090804,67.65667862418232,14.6,0.08,0.0206092471746674,19.1,11.4,18.8,53.743,62.625,0.863729104902028,89.0,13.007923519558,0.0,8.38909009083058,1.01,-2.9463887711058123,0.0,36.74753150148796,6.23000000000005,-1.767,-1.618,-494617268.97883767,-169451029.958887,60.95,1.20174205243424,0.149,0.0,0.0,94.65938760977926,1109652280400.0,17.986330447847422,3957.0,19347.0,2748568.0,7.0,6453776928.46442,40.0,2026445824.97593,0.0,-348094801.0416649,3.963117109918705,0.0505135408324112,0.5635678534674372,0.0301992946535239,7.130690700090001,1.0703529429202825,0.0714401036164574,-1.7637605322755403,-1.8720674280560277,-3.2358228468704056,6.115452460849351,1.171169343597711,90.01,38.901200369344416,11.080332409972298,6.675900277008311,253.7920590951062,0.0436590981194571,8.66684806653959,7.44124412405153,6.448,13.3333333333333,9.766,55.876,75.9455655983867,31.609,2051.0,51.56509695290858,10.823,3937.6868245573696,5.382150486589129,0.3929660682217788,2.6503702182781392,0.5575734421943885,0.0228639367126248,93.01,139.22005052969223,3.26575833798313,9.81023516820396,-0.4295414686203,0.0,5.2951932,0.421944554103184,0.224589137919352,16.0270751590585,3.04,87.1961463300915,0.195396374155255
Japan,7.223612011074,30940309470.53892,88.2,99.7,56.0,14.802375214463,54.23821420545113,0.1292044895880497,220887986144.0537,3.835478962643758,-9682173732.87442,131860.0,0.0292489662024516,25.417863480642914,104.34222972852685,0.0151811201856484,2.808506046373412,2.6564438375516874,4.3,-0.728243207517779,1.9339432491339787,9.0,0.0,14.57035923,92.5888312183221,35.7249265164177,70.54419653330581,0.0077328534030604,62.031126823412286,57.20273779627612,9.6,0.38,-8.560655094034818,3.3,5.3,19.9,90.812,255.0904694068193,1.67621294290106,94.0,6.33984440942013,1.20669197853471,24.27565503755,24.31,0.5319924264624243,24.61669593260408,48.226937652844505,3.04089454633144,-82.6079980187255,-71.4860411126111,153405322119.6772,72215534552.46616,56.21875,0.0028059802655847,2.64972727723937,0.00082079934136,27.094763560833297,7.753622940850921,518996500000000.0,28.335970166791093,1151101.34,5339477.64,128070000.0,7.0,791792570423.9095,60.0,1684468955.29358,28.37987414508161,49657419448.02982,6.890156012394588,1.5896188059560914,0.9578280283611434,15.713944641147542,7.71997002175767,3.225297064782426,1.143117686289969,1.2014963748843428,4.079223048563179,11.254336912927982,35.06211106178056,30.99896183771037,92.75,13.588477366255145,11.747599451303154,0.8532235939643347,351.358024691358,0.033434840321699,5.39813065608728,6.36081151692554,9.5,11.25,4.603,56.539,67.61690282692928,4.34,1668.0,68.49382716049382,430.0,3357.5388459436244,9.67868392104346,0.2157939518861154,0.485615282807576,0.2892818596705775,-5.179173885534254,100.44,97.12316261616309,2.47410799802231,-1.8807419500621307,0.879353165626526,0.0,9.0630064,0.0179605415195644,0.0097231453431004,25.7979516136847,6.77,87.779875,0.005729487488349
Jordan,0.0,756103339.0755056,89.2,97.4,90.0,11.6123946875384,9.903955107106228,6.222475669739118,-1881948409.498041,-6.935807429979417,3822112676.056338,4872.0,13.35219240320827,83.2614542817828,22.618893193932355,0.0147922062917767,0.3166977438383752,2.5759555948825934,3.62,4.84551875852116,0.0812017864393016,10.0,0.031026762614547,21.85514641,100.0,100.0,59.11528216375385,0.2346397340741672,44.27427905384674,64.78200711900357,17.9,0.66,-5.857562411476183,18.9,22.4,27.6,86.088,130.63063063063063,41.7769218117704,98.0,12.2814160603243,0.0,7.36380221250345,0.98,115.5077085341837,0.0,7.058400836164083,3.56724972540492,-0.922,-0.922,-214647887.32394367,-1659943661.971831,64.725,1.59448845503621,0.0,0.0,0.0,28.33265665177968,19112601000.0,26.266828639147228,541.0,1027.0,7297043.0,9.0,18241408450.70423,60.0,3622957746.47887,71.17336581404791,1459761279.745935,25.20459990955158,13.641712497472115,2.9109968775535364,34.903782652473986,25.333872722267717,51.20822336925189,3.7866805668249,3.382393680929382,0.1374494078889512,2.184467056678301,13.867418806269328,6.155120600207041,92.86,11.289704888488398,2.000450551926109,0.9315161072313584,82.19241946384321,0.02433862593382,7.8699059521075,6.85171393290438,3.711,10.8333333333333,21.91,34.563,23.14980793854033,35.717,111.0,1.0982203198918676,0.682,93.462516254872,0.4939775341724185,5.346182624467854,1.3043885012091423,0.6104675022332712,6.912858782874821,84.57,79.37772432658768,5.57016179890548,8.077456097130735,-0.312492519617081,22.407258565231,8.17025661,2.15109331746781,0.0307813186294083,24.0238975211649,0.48,0.71,0.0217572582543582
Kazakhstan,83.5716766666667,4762013825.420216,99.4,94.6,76.0,11.5097033051595,13.04114859110804,5.036306282880471,2678134192.527685,1.80897140296935,-489300000.00000006,-6840.0,0.152354119782253,61.5195078347215,0.0787308826957435,0.0001517910074833,0.0589017860988744,1.881969327624277,8.52,7.40046356341392,2.4199598286668444e-05,9.0,0.0,27.29583359,97.2109484001743,44.7786564580017,51.68003948748957,10.19781767892539,71.22848184430521,65.99141499595767,31.5,3.17,1.130377620160942,20.4,25.9,29.3,56.827,2.046032952398218,20.4444845273853,99.0,11.1207486163949,0.0,15.8314290257671,28.05,-8.389678046267068,0.0,66.62099196963018,3.60934274489797,-18.1047566666667,65.46692,-19375600000.0,-3665239041.08145,66.25625,3.89618903524003,0.0,2.44766697370492,80.65363114972291,0.7501875468867216,18960425462000.0,40.60242211999835,224.0,47051.0,16836810.0,9.0,44260042068.05528,60.0,225556234.272999,8.889722430607652,4706354382.657058,21.2380570754099,0.8900145746092393,0.9710676887895444,0.7284609680826051,21.183759097426258,0.3728969075627867,0.0496096240958997,7.099999999103758,5.91730119035698,7.41545013083595,17.676467845898948,17.98972450242036,95.36,80.43923398896173,10.624810164092306,0.0430788606141423,6.236548505389488,1.703636258887521,8.38389313476989,7.45837837720973,8.926,17.7570093457944,6.623,67.268,86.89833997863082,8.198,250.0,1.1416748157202652,64.35,3821.982905312823,9.706483072381,12.82467411560859,7.533444137919823,1.7050536909596234,-11.599999985622816,64.66,212.53659512120225,1.99282295999719,19.5422853937296,0.52297180891037,0.001308927745447,2.73641348,1.29700375015965,0.0040768263473881,18.7155675229416,4.2,147.355,8.04715316887993
Kenya,0.0,175442648.909478,71.7,88.5,86.0,8.28905782236138,14.0910696894488,0.392164287395035,-2368671949.98368,-5.216693897126533,2327220302.935821,-21069.0,1.510291781050585,38.01732445593349,10.057307600428643,6.002598459456812e-05,0.0844373373429479,0.7013423916210887,5.18,3.96138889115385,17.69805784546598,8.0,2.95060010039422,30.17857361,100.0,100.0,56.99824606755003,3.014121207463828,39.294418078135095,55.69124715751124,18.6,1.56,2.3952120720902177,53.5,25.7,27.5,23.571,32.47726032821074,2.29853155523763,86.0,8.40545976413459,0.0,12.6690079415703,5.88,104.72200927244188,0.0,29.79284519633154,4.88,1.692709,50.428843,-5553130083.730608,-176486731.868799,64.3625,0.0667009022992329,48.736134,0.0,0.0,36.1324577336873,3157638000000.0,18.574672770685147,12194.0,152801.0,41598567.0,11.0,13531331102.0134,30.0,685757272.44336,0.0,141599622.535805,18.74487183469733,9.893889263454136,11.956940780883086,19.24493904992837,34.29675736381339,19.73585812435212,41.94557132658341,7.297064588775242,4.96811299885232,8.926801672931902,17.592877072516984,1.4277612095128522,106.04,48.25946709069825,9.757510102962364,1.077070492321749,73.09021857539446,0.1322160929245471,8.41118288737499,6.78391835785688,7.424,9.82142857142857,2.978,71.645,93.00392670157068,18.588,630.0,6.354042941982641,20.7,497.61329518875016,62.7448651669694,1.4660711588691124,1.0055708739510762,0.2430629610896043,10.35023665327344,93.82,62.09754563465282,3.27016167191725,1.6391996480253257,-1.16552352905273,15.0929781723734,5.38849831,2.90158845467743,2.58974019001637,13.0616124576,2.51,79.2331517045454,0.0095135378206382
Kiribati,,-11052455.20750387,62.9,40.8,90.0,,17.22436153028002,-3.990410608199271,194588.006141652,0.1176053722154705,26703994.55492272,-456.0,9.4585572094724,46.537368053399575,,0.0,,0.0286989339129146,7.78,-3.89955040651649,2.964959568733154,,0.0427259602960497,0.63371354,100.0,0.0,62.86551425910321,0.0427259602960497,93.6052436134358,63.66249884548048,42.6,1.84,0.4890499584916747,58.2,5.8,24.6,47.39,,2.79401449614216,89.0,6.25376415912025,,5.49650990449478,20.35,158.08383233532933,0.0,12.128066772271964,6.1,,,72489609.31387073,6662197.4497255,43.79375,0.0,,0.0,0.0,97.03504043126684,259401200.0,11.977591253825343,4756.0,47872.0,108704.0,4.0,122655877.9257702,30.0,15649980.5552749,0.0,9504283.9077722,,,0.3946253483511142,0.0053370521709128,0.7748725799258351,,,2.607390275153648,-0.8571586101766968,13.631797358635438,35.562628574593695,6.394756386564203,93.62,41.9753086419753,2.469135802469136,39.50617283950617,134.20246913580246,0.0183985869885192,8.32937166434946,6.5416872224963,6.926,4.34782608695652,,,,,,1.4567901234567904,,,2.964959568733154,0.0258339519193264,,0.4229997051170296,-7.237414303383232,87.51,90.98466169782616,,-0.8581807479639707,1.42273163795471,0.0,8.76666641,2.07935139998903,0.0626677431300746,,0.65,1.09015948638677,0.0
"Korea, Dem. People's Rep.",0.0,,73.6,49.2,91.0,9.00618983561627,,,,,,-3053.0,,,,0.0274405157966417,15.711979881847604,1.909469648714534,7.66,,0.0066663853845829,11.0,,,100.0,100.0,,,9.498062633757929,7.178145914289871,26.7,1.37,-0.0214002349186974,28.7,23.3,28.4,60.377,73.73414166666667,0.179628943173663,99.0,7.40128678165902,0.0,,9.82,-41.07397538746754,0.0,,,-19.309,-17.006,,,38.225,,2.303,,41.05312012151386,2.4049618159571327,,,509785.0,727285.0,24987258.0,5.0,,0.0,,0.0,,34.90582376419509,10.579927390069164,13.065585127143516,7.310516192554012,28.864507270361944,4.757642535916197,4.193490859177464,,,,63.92990629955154,53.48002575135487,94.11,22.20154472219916,19.931899343908317,1.85439747529275,207.5181297234449,0.0960489542309924,6.91270452402889,6.44040811190813,8.794,15.5749636098981,2.95,79.695,89.35353768149342,12.245,1054.0,51.84278714392493,67.0,2681.3666389485397,56.544365216657525,0.2024475309709769,0.8586169780577699,,,99.84,,2.40869859918083,,-0.296562105417252,78.9696638694942,,0.436879111426513,,15.1322719583141,4.43,,
"Korea, Rep.",4.6737,-6366800000.0,80.1,75.7,89.0,14.0437442475737,37.25154671135419,0.8304302280216589,27950500000.0,2.4439257152820115,-4495961814.502879,52042.0,0.5118337045686593,77.95904874841526,-3.872521040196847,0.0293026045372359,4.817275403210035,2.1580229550173504,6.14,2.93928652655686,0.5272924753092136,9.0,0.0,38.60714722,100.0,100.0,54.69835731014526,0.0430351984507114,51.09586045112407,66.51940940453251,10.9,0.38,-0.0593358721954815,4.1,13.7,14.6,81.936,330.28210351692104,1.87263033656867,98.0,12.7241226603015,0.0,18.0537267896567,34.92,104.26037199426963,31.27836388283138,45.9281643030562,4.04247731969356,-58.84338,-54.16968,1708403230.5483975,18724200000.0,61.2875,0.0047894657710645,0.0,0.0066702816635492,46.355740976180655,3.985678080980727,1324586900000000.0,34.116775965605015,1377233.0,3112233.0,49554112.0,8.0,512823900000.0,60.0,5853700000.0,16.37695863398698,26970600000.0,14.783380981845625,3.087332660397587,1.4756786676419418,17.199529778320198,8.377068562538017,4.967178084212073,2.1247247247516823,5.104067259127177,6.274019888653882,10.227467030054555,25.074219428392247,33.98018652689358,85.5,18.24074074074074,15.504115226337449,2.139917695473251,509.8159670781893,0.0304111997809586,7.41012073017772,7.70768405605425,5.1,14.7157190635452,2.836,58.328,70.35099871361729,10.9,1274.0,65.70987654320987,64.85,1308.6704086232037,1.8896008217632547,0.441431774684938,1.552582835685182,0.4741661871883363,-3.643368532701104,101.3,92.70955504556932,6.25792327394977,2.7374968372649136,0.325895816087723,2.91573088917831,6.02606916,0.49822508440111,0.0157304647609605,24.8007766448204,9.38,1156.46,0.0421614467107498
Kosovo,,259165886.4456808,,,,,26.17548108949711,9.170158873984391,-677508208.7595401,-12.678040368276772,1302488237.579029,-29433.0,18.83771610838301,,-19.91252263091697,0.0,0.0310775164403742,1.764678109766151,,3.48050763735842,0.0193498452012383,,,,,,45.858089451970855,,52.71020135861032,46.39060516877924,,,,20.1,,,,,,,,,11.6163196176374,,,0.0,46.96933174534446,,,,89415080.5571722,-439950541.3815119,,0.456136814085565,,2.09943006832557,96.53637770897832,0.4256965944272445,4098436599.99998,27.041198316046422,,,1788743.0,5.0,3221588874.607252,20.0,1006678234.72517,0.0,16914876.05740654,20.78899508571997,15.53729157267106,0.6690959169060138,0.3167599970415984,10.979557078768504,0.1838332303658839,0.0449073625726202,1.8564459930313573,5.288314826753165,3.952776481567895,8.20156070455303,5.0185002891555,,,,,,,8.25487366526906,7.71097218128143,5.587,,,,,,,,,,3.0379256965944275,42.62983775245226,26.500803555669712,,21.346354844049277,,103.3781371341704,,6.392401389530988,-1.04482114315033,,,-0.331415173591033,0.0,,,0.754308990105979,0.291592454340275
Kuwait,0.0,7047329675.561362,72.5,98.0,89.0,4.08782978408241,42.215969428357226,1.1303673042873397,36989237365.99797,32.04855372791688,-12257202371.191214,101566.0,0.0041658901090064,80.2772606304739,-7.931895059606188,0.0007281330090993,2.2756874694735743,2.125255090532496,7.42,4.49640287769787,0.0,9.0,0.0003918156877778,14.33214474,100.0,100.0,47.04019064953193,9.492561165910798,43.88199819817752,68.52316570149993,13.1,0.52,,10.7,20.1,26.1,100.0,228.396,61.1718750255354,98.0,18.5229338389559,0.0,7.25766577363784,1.34,149.23313429646603,0.0,18.43264580431027,3.19,0.13392,0.13392,8461063407.38363,4585217036.303911,38.0125,0.0,0.0,0.0,0.0,67.20682526891139,35504108000.0,66.06555829096568,310.0,6683.0,2943372.0,7.0,35354120068.3102,40.0,4808113.94457635,32.79317473108861,610784852.0553708,39.700221609009645,14.112006723945807,6.642934525887973,13.732263341421474,28.48717124239557,50.005077236908456,0.5369312279886996,,-7.275882605622414,,16.47387948053862,19.81238809267237,55.44,8.529741863075197,0.5611672278338945,0.3367003367003366,165.17239057239058,0.0033974638611769,12.6690341206045,11.7528586355466,1.944,7.69230769230769,2.82,67.449,56.374582737243685,19.46,121.0,0.3507295173961841,0.0,0.0,0.0,2.326589757407617,2.963208094929192,0.9023285203815988,,75.44,100.0,0.537179324483262,11.103350581383935,0.451988816261292,99.8902288688839,2.67879915,5.15506049102987,0.0004237965808163,24.3818709173521,0.0,0.286606591666667,9.49216935022302
Kyrgyz Republic,0.0,91477560.9128628,79.1,117.1,,10.9970076752189,45.77872481886431,9.860922339784308,-474562170.601211,-9.898338593552092,1391301180.715165,-6521.0,26.410093875891228,103.85115146211383,-1.9056833351651068,0.0,0.0033619982224287,0.3370659451421167,5.11,7.96772225579684,1.2115702479338843,9.0,0.0,43.09150314,100.0,83.4910349833979,49.33849678698439,7.2684214434384,76.33891426359585,54.88898523326419,28.0,0.96,1.3921720345406146,29.6,18.0,34.3,35.306,22.65945776524056,4.23658452719127,99.0,10.1500550943121,0.0,10.9093680029233,11.32,-57.72795512365268,0.0,24.591608614475888,5.81,-10.367,-10.367,-305100258.22018546,-455152400.0,67.70625,9.17570825729604,0.0,0.303050305289713,4.991735537190083,1.7107438016528926,206345592100.0,26.26527379267439,352.0,379.0,5467059.0,9.0,3736233540.94812,60.0,1266195468.7718,1.4958677685950412,103224199.134525,3.518341419262672,0.6730193029510902,0.9112831716431482,0.6323424109615493,22.92616763289396,20.410616295734783,0.0032805685292716,-1.1987682758848024,-1.8809337172750131,2.5258346837824206,21.147621521735328,2.0622367426982184,87.91,55.32794577685088,6.653806047966632,0.3868613138686131,28.50395724713243,0.233434466319094,8.33752562329421,6.92397351802774,6.6,23.3333333333333,3.049,68.807,75.56622520643306,14.872,533.0,6.41126173096976,48.93,8949.967432215384,93.01322314049588,22.184847133841853,20.142744317141474,1.2549273588812373,-2.571594527597057,89.03,50.70474929078678,1.86808300095313,10.03390354196685,-1.0396523475647,35.5874144704317,6.95027161,1.4261662918386,0.0179756670650179,21.6047893104097,6.39,45.9642614008139,0.0871619316758997
Lao PDR,2.648,-402247097.6482791,36.0,41.7,91.0,6.71012684129776,8.25276093424094,3.90935018167503,29309198.0082791,0.4109666161160846,243621568.69101724,-30046.0,0.5857482600586624,53.36682840983874,-0.9469344246058304,0.0,0.0267651548110366,0.0085768924722426,3.3,5.98254521550082,0.1020239081548112,5.0,4.23413013145971,35.9601326,100.0,100.0,43.57147661781654,10.28748700879474,9.359684845128095,8.689144559415691,29.2,0.42,0.6332592099077999,68.0,14.3,31.3,30.064,11.498821428571429,0.338389124012226,64.0,8.42901623264971,0.0,15.9155226466272,4.96,84.01066786306251,0.0,7.607500692288056,1.49069025576689,-45.833,-35.147,-452169060.9132541,-278805903.12,62.01875,10.4469530516871,6.364,0.397807012077435,0.0,0.0,55134523502000.0,30.466021085875543,82100.0,113000.0,6334194.0,8.0,2323546716.517939,40.0,41774224.63,0.0,102581084.7028663,3.359154941915539,3.2624165649246084,0.3234496721448275,,0.3430626428598037,0.4463168114685334,0.0112150383644182,,6.941165933253359,19.37511253436115,90.9677927977245,87.28116021295637,103.94,9.495476603119585,6.065857885615252,0.4400173310225303,27.44451473136915,0.2210225957714588,8.36458729122777,6.77222852836804,7.853,25.2173913043478,0.658,60.347,87.97265739781321,24.167,1834.0,73.39904679376083,190.4,30059.0730249184,,9.516270072084552e-05,,0.2987556698371119,2.7930568925977184,57.91,84.18518078199403,0.493825538245609,9.196571111386746,-0.282062977552414,35.3417699042509,2.91154933,1.47192872108695,3.96567750708735,8.31545374994918,10.42,8254.16302973342,0.140067706142029
Latvia,0.435508527241474,416676021.5007168,72.4,70.0,78.0,13.5921678021085,26.676334790354588,2.0239348136408006,412690878.2106691,1.758501664397344,686329997.484675,-36128.0,5.357715505538946,90.43253145143056,-10.361384317062877,5.412092600353591e-06,0.163778053188856,0.1077471165232107,4.25,-1.08463595015162,1.7439263618530254,11.0,0.0,37.18564987,99.5500346799215,58.7581396873634,63.72646396879394,0.0482324265307126,89.26160236245317,90.66968468779255,26.1,2.3,-2.165245371476147,7.8,11.8,19.1,67.841,77.64791133844842,15.0099568576033,95.0,6.54321049783392,3.39698114017821,24.9980295005903,22.72,-53.50331407049092,0.0,33.79913318600704,4.35623500043244,-5.89520585307435,-3.08725200464079,240432042.5182367,-372158418.3261227,43.28125,0.0,0.73669502001388,0.0,0.0301795684321714,0.0301795684321714,17901177000.0,20.86120259779544,548.8,165367.8,2097555.0,8.0,13334529971.42854,60.0,1257366064.50216,45.0882752376641,577813856.8218558,5.120041441926093,0.742226190070945,0.3376343302877636,0.1330693386952474,3.4151232327970247,3.3671974624592065,0.4223186916352811,-3.3303399010070365,-1.635143791255956,-6.623077663139227,2.7947321036325,0.9585673210993604,88.93,29.0067012711524,18.850338277596546,0.1124913622703971,33.70811705529754,0.559222523366491,6.42866994580548,6.02091527153922,14.3,20.0,16.289,47.359,82.56373219416999,17.814,667.0,54.19062464846449,16.94,8076.069519035258,54.85996680247472,5.915186667317826,5.615116953255126,0.4030936818009961,-7.207111522069397,62.37,77.95346699369074,4.17317570895785,-0.4838613177270758,0.527854025363922,0.0,6.097435,-2.08130508988111,1.21927163209873,23.0742617221401,10.99,0.530475,0.0482324265307126
Lebanon,-0.95214,7036874279.36022,94.2,125.8,81.0,7.21107403752265,32.77261494735845,11.132793630568624,-7552051024.23649,-19.64433795961935,2417490000.0,-40915.0,17.98478759592223,61.07859946251569,84.26377355767575,0.000467085964444,0.201165499491561,2.5092793884980584,2.8,3.98347941855833,0.0048988420918691,9.0,0.0,43.58500671,100.0,100.0,71.86177673485693,0.0,49.02628682630059,66.91004021559452,14.1,0.17,-0.1771252356383513,12.7,14.6,28.4,87.334,365.0266666666666,18.9215006331338,80.0,6.4276666402347,0.0,16.1605405019996,0.84,220.7583390236675,0.0,40.58730952493329,1.46,-2.00793,-2.96007,-509670000.0,-3793230221.9322,57.4,0.0,0.0,0.0,0.0,88.37638376383764,57185862341000.0,13.809376206629,1180.0,4580.0,5041288.0,8.0,30221727664.049,30.0,6914055025.09956,6.279424863214149,3059386779.2434,27.40625657745792,1.447076030882985,1.946309207395107,13.208116961076485,26.425787702156057,45.22699133344779,17.725467422361003,8.578166741291,6.925624080926212,6.164691591750454,11.949368478442269,1.6319418048057597,77.54,62.56109481915934,11.143695014662756,12.316715542521994,492.79452590420334,0.022613268672609,8.52618348995717,7.63942567552234,4.203,3.125,10.679,41.731,33.90492889727626,20.108,661.0,13.42619745845552,4.8,952.1376283203816,5.342728082453238,7.703909181481524,6.400605819916584,0.4575494152298979,4.357418990466599,92.7,100.0,9.58700245257462,0.5786067232631353,-1.62501502037048,2.8332832798997196e-11,7.43864489,0.976748358836896,0.0018807991655535,23.2703277226194,1.82,1507.5,0.0
Lesotho,2.621,450669077.6187877,110.1,123.2,65.0,28.6821465396322,34.87863805557298,0.4254905832988073,-245868594.8618655,-11.002041756981598,678059359.5453428,-5886.0,27.301830425690536,142.2080307707918,-19.54785103596788,0.0,0.0018352406291665,0.3758704177002504,10.64,-2.40524254598706,0.0,7.0,3.06128874173257,22.73561096,100.0,100.0,53.84333484589005,3.06128874173257,21.75649117817909,15.314896968096775,34.5,3.21,0.1035693527322275,90.1,27.7,23.8,24.798,,0.319011472277237,88.0,10.7566446858763,0.0,11.4918699685689,25.99,31.212564259774567,0.0,14.054433116930056,9.03813382093626,4.869,7.49,637346225.3067024,-9508668.859236749,53.975,0.0,0.0,0.0,0.0,0.0756670649143767,21023200999.9999,31.46335213154804,300.4,345.4,1996251.0,8.0,2415597622.156913,40.0,610128813.5597,0.0,-209371430.9718073,0.9609055616980604,0.292607704101701,2.0903884753228,0.0851999289790359,6.039946941868959,0.4337383856951721,77.28260326012285,4.519222208715945,4.459259514366522,7.403977180244411,3.5099607113680724,0.2328424352977841,91.44,76.61396574440053,10.606060606060606,0.1317523056653491,65.75266798418973,0.1613023612762122,9.3741626645075,6.49270549857209,18.204,24.1666666666667,18.161,56.182,79.24214393142826,35.345,788.0,1.137022397891963,5.23,2619.911023213013,99.92433293508564,0.0139448649968342,0.0008298907642121,0.2641518903680711,-5.642463951165581,128.68,89.4343235824151,6.03033292023909,5.337110137209706,0.456775397062302,0.192470618712937,7.64083624,0.772821659424366,3.93439968984273,32.2739011552588,3.39,7.32122196115288,0.0
Liberia,0.0,-3575139820.02429,48.7,57.1,,5.44066464034385,-4.064304448547773e-12,103.33738709903302,-853418361.36208,-42.7136316998038,978000000.0,2850.0,14.726324432432431,46.64664664664664,9.100984166490592,5.890565035921273e-15,,2.188061619075165,13.25,7.28992796890218,0.0089007565643079,6.0,19.721922728985,53.41116333,100.0,33.7810509576137,50.1995995995996,20.05489680336284,40.50064646677068,32.02181098545269,23.6,0.91,2.193397467486474,104.4,33.1,42.2,47.813,12.416250000000002,2.50452881386764,65.0,8.19478415858473,0.0,19.4306390275542,5.8,85.9364040215104,0.0,82.17728327481423,3.66,-21.467,-20.504,-179400100.0,-2064680994.23868,51.78125,0.413568041078707,0.963,0.0,0.0,77.79261237205162,1818599900.0,4.999614614614615,80.0,11780.0,4058890.0,9.0,868019609.325615,40.0,294231962.16,0.0,888737611.487859,8.518799211173993,,7.790261515953047,3.536316766438062,51.83774390779492,6.741123929065839,50.980554322055326,11.977712927881228,3.071179981864546,-1.4285837252207043,32.79665744469438,8.518799211173993,90.66,17.307252906976743,4.983388704318937,1.8687707641196012,42.13963870431893,0.1182589328609546,7.76979438584382,6.57412132716038,9.819,12.5,2.289,75.403,86.89787820869522,13.345,2391.0,82.22632890365448,200.0,49274.55535873108,22.20738762794837,7.871177242511276,,0.3161961368851267,3.624380031947254,91.79,74.007400740074,2.01789216474295,6.512003689056684,-0.468525290489197,0.0,10.35444641,2.89605811562763,17.9510944458158,10.7859944608007,3.9,71.4033333333333,0.0
Libya,,-2136900000.0,201.6,153.2,61.0,11.0996033650453,2.9261155815654547,2.3666496068764165,16800700000.0,22.28776348108106,-1817982315.9184363,9611.0,0.0,99.58633370998078,-82.5523920428603,0.0,0.4652792177501371,3.3394392467579235,4.18,2.79989500109268,0.0180600774003317,9.0,0.0451990780700522,29.97363663,100.0,100.0,32.16104872051574,17.82752854639915,73.50947339800447,49.48891187429668,20.0,0.78,1.0642301631342193,16.6,22.0,28.8,78.052,38.555885780885774,10.9165508641736,98.0,13.5791381013593,,9.26492639111558,5.22,21.78158226045084,0.0,4.063678257226641,2.1374382,,,-29207705.46634049,938000000.0,36.04375,0.0,,0.0,0.0,52.85336937158303,95454600000.0,75.74498699362037,110.0,50116.0,6497839.0,7.0,30686400000.0,20.0,0.0,47.12820197800848,4169899152.863313,24.30039233024894,0.2028912820795431,1.245677289912389,18.734776206502435,40.38230465167922,8.348853710946011,0.0001222307298571,12.808856591597449,2.907367722447177,1.763784410904563,21.831258948649733,21.36098382133668,127.86,8.724439342100776,0.9752548961660432,0.1903906702888255,3.692919172056333,0.2640877990359564,10.0954859002025,9.72947397085473,4.627,7.69230769230769,25.361,39.409,54.38088111197796,31.797,56.0,0.1233276879184332,0.7,107.72812314986568,0.0180600774003317,13.769801187237874,2.271115778352727,0.7587365180491381,7.62603246938194,94.93,75.81881599496931,2.34557830406932,19.278545342938955,0.0280884467065334,100.0,3.28064442,2.0390577056462,0.04564164200233,26.9240584477817,0.007,1.26678941001316,17.7823294683291
Liechtenstein,0.0017722967597564,,,,,,,587.8386156565882,,,,124.0,,,,,,,,,,9.0,0.0109577752426171,,,,,,,,,,0.8441344021719428,,,,14.464,,61.5889293196604,,,0.0061814288073464,19.9099303277105,,,,,2.80073538891727,0.0072188357930685,0.0205925476458938,-796428441.2976816,,21.8,0.0,0.0052060959950444,,,,,,,,36022.0,2.0,,10.0,,,,,,,,,,,,,,,,,35.8125,14.5625,,225.1375,0.0646826939092776,5.93269310145566,6.2298780991167,6.6,24.0,,,,,,41.870000000000005,,,,,,,,,,,,1.54408740997314,,,0.780339504026041,0.0092406353821315,,,,
Lithuania,0.84377831288545,-523400321.2005693,73.8,75.5,74.0,16.6060703701925,19.707509447426816,3.0096956116912126,72529005.58008917,0.1979604539916805,1048333609.6930244,-78887.0,4.566718049265504,120.50560922878628,-1.803825222855557,0.0090390366687236,0.2713885520779122,0.5165731317050537,3.97,1.31921362055463,6.4548617150808845,10.0,0.0,27.59107971,99.9370387677268,30.9071744745651,60.03432545648526,0.0632545993679849,85.62765320587117,91.976959618868,23.7,6.52,-1.8409970733441428,6.0,12.1,19.4,66.757,103.97668515558898,5.14827072195617,96.0,8.97816525897928,0.0,14.4729688463784,37.47,-51.34536252424606,0.0,15.5210329014934,4.92572707436434,-10.0235401881568,-10.4972098444299,-241410792.1914217,-995861483.6017244,43.79375,0.0,0.0,0.0,0.0,11.254131153244042,27481158000.0,26.211651814449358,3190.99,153041.99,3097282.0,9.0,24474123582.29142,60.0,1673160028.67821,55.41833362323882,491140598.4398175,2.2620951742312747,0.7287525182164853,0.1971414781509989,0.7455798003239614,4.405840994270474,0.7269912542519541,0.6700058416638474,-0.1506426605791517,2.555336047617402,3.148753390475221,2.8937031331549705,0.3019162195179251,97.1,44.23294774631033,33.94335859593139,0.4898284802552852,49.41814120462704,0.6868602858893701,5.93281786601805,5.86741068459117,13.6,19.1489361702128,14.518,46.541,84.56054703286401,13.174,656.0,34.623055444754684,15.46,4991.473169055966,28.98051835101757,3.608160350192783,12.10577689410391,0.4164494149517946,-6.27571543803704,56.13,80.03329967202282,0.989907702642879,2.121721507529543,0.715260624885559,0.0,6.81462288,-2.09694341985475,0.444399073634748,24.5594454168871,14.05,2.60633333333333,0.0632545993679849
Luxembourg,0.0335261007206343,-978539.888685369,102.3,102.6,0.0,4.93019553414704,17.7405275590351,69.60639433887276,3268451960.548574,5.81430386608806,-105792190.0000002,7909.0,2.9700377206698816,79.76662606710937,-2.322964461120001,1.4976162273723518e-06,0.7633212065121957,1.2089932682756912,3.04,2.2736791162154,3.514702679154869,12.0,0.0245297850888566,10.23186111,99.8742679546595,0.800681279241089,78.90693084157465,0.0504142093254458,94.29842699893923,89.36736367221076,11.5,0.67,-1.346366641191795,2.8,6.5,11.1,88.547,258.19209039548025,32.1215856220552,96.0,6.58955797302161,0.0,16.0732070442922,11.69,-5.536458091389108,0.0,26.944403797975824,4.3217972224711,-0.235332777688719,-0.223154095118619,-18010788918.333366,-21630958283.06469,42.6,0.0554468546189907,0.005600873703589,0.0,0.0,0.0,28816900000.0,10.997972653402028,,,506953.0,6.0,66630494280.83153,40.0,1669576588.11836,63.51557394903071,34276523.29845582,3.473930640435395,0.3911808581062678,0.0539607762405216,0.0967988984267487,10.482310565161985,1.9119157729138463,0.6504092835310954,3.696401895084108,1.883548243245173,3.0145913069383283,9.194014437654612,1.1777235193513955,87.04,50.89999456196639,24.06329871118604,0.582646457897967,196.916246513832,0.1222006773803488,6.79073687511638,7.34738678348475,7.4,20.0,5.188,54.53,74.60632627189834,5.215,934.0,34.45382721036644,1.0,1972.569449238884,35.46852537573513,0.1503242650110247,2.2027893838445576,0.2076043803146112,14.94477555687574,104.98,80.7780881671812,3.12372441701743,4.648417503602246,1.46121859550476,0.0,6.66263008,1.8254058035237,0.0174728891170373,13.3455057782538,12.13,0.754308990105961,0.0
Madagascar,0.0,-84965011.2017106,87.2,61.2,81.0,5.29302179835135,35.988451312299816,9.138671338281116,-893306534.967191,-8.94853617133511,542971538.697098,-1979.0,4.566149703991735,37.39465034678253,-0.0525001142829312,0.0,0.2873999640560334,1.0909006572310789,8.5,9.24732173644116,1.913477537437604,5.0,5.79152249761798,36.15040588,100.0,100.0,48.75411830932848,5.799602963066491,73.16597825738332,60.74990853906678,27.8,1.54,1.9776378545162967,70.7,26.7,32.1,31.938,2.977286666666666,0.137123537657288,66.0,9.35295118132974,0.0,11.7701155168325,5.94,18.30460719108076,0.0,52.00062863811681,2.605,0.0,34.342327,-179338079.47558555,-868739719.307926,65.23125,0.120966458978006,34.342327,0.0,0.0,39.85024958402662,20488559942000.0,18.007520556858392,10886.0,140524.0,22183340.0,11.0,3412187030.8448,60.0,455825544.213646,0.0,47059290.9680174,14.171419542468987,5.432499282388857,4.962041451166731,15.228069276460884,25.2095218924463,6.180760938450334,12.6626022001477,0.0786083871676908,-2.265802527279419,2.4731840948765864,16.38757118377938,7.032162592009279,96.9,70.32190391030711,5.158716511331981,1.0317433022663962,38.14585411149706,0.1352366235201732,7.45252625824576,6.46874580336057,7.826,12.5,5.345,82.79,94.18235287515012,23.264,1513.0,21.60123121367404,337.0,15191.580708766129,61.0648918469218,1.1599944703997067,0.1536875564257496,0.1982931014125208,-2.3077634593773126,106.3,126.67879509643625,2.17031196082604,10.218541029330282,-0.978338837623596,0.0,4.69762659,2.90919662127516,5.68747856738867,5.98484798382249,1.06,2089.95,0.0
Malawi,0.0,252936332.819358,92.3,98.9,83.0,4.78307715830088,14.160814426602244,0.9578146213455416,-969288544.254908,-9.570079303750566,574982714.0870255,-9327.0,0.2149187343258082,32.3251933866242,6.173548536019712,0.0004937976764777,0.8234332981430216,1.3949150006178113,3.79,7.41159092883827,2.3385370766712827,8.0,5.97272438264437,10.92772293,100.0,100.0,51.19435033296058,6.059657719103818,58.700209979960846,34.00457193397929,24.2,1.27,2.8117253232651858,83.0,30.6,26.7,15.544,37.398,1.47410016531003,93.0,7.00681726788178,0.0,13.8125819101808,6.6,94.8095294858914,0.0,23.958419314246,4.11,-2.627,-0.562,-107156116.78640038,-54710315.0817077,59.90625,0.0,2.065,0.0626336908273944,0.0,1.0596332200260188,1508052336000.0,17.931728819343817,2631.0,100929.0,14826463.0,10.0,2642513116.78456,40.0,21767663.6228217,0.0,114217780.066501,19.053487934703693,1.6216640963477584,7.5752374321172224,5.947240773525886,21.484987423407794,9.678972109162215,22.23878767602124,6.35113463494659,3.769617523380092,8.307567655210946,11.28854260318887,5.621584174306498,49.48,58.17776834959695,37.1234620280017,1.4319049639372083,157.25989605430632,0.2360643937802293,8.29377961613588,5.81390326949361,10.708,20.8333333333333,5.661,71.151,88.76045129444948,17.896,1181.0,28.231862537123465,16.14,1088.5940901751146,98.94036677997396,0.6131369234765791,1.469563547470109,0.5958590343343493,6.8038000321299,72.95,30.445800119876875,1.14654320950657,12.127222061170045,0.0438957661390305,0.0,5.14304781,2.94779608735928,5.88073470813202,7.34906327414495,3.57,150.485833333333,0.0869333364594482
Malaysia,-17.01653,-19990767345.74159,82.9,87.7,76.0,20.165825909876,31.888798190728775,4.268646638540306,25643752186.14945,10.05567785093234,-6764928112.776836,157164.0,0.432489840716057,142.43485360455009,5.747765603984009,0.1130630815114203,1.6530445375075464,2.509458143922012,5.23,1.62285235577035,0.9977801997018896,6.0,3.0323459726144,34.11669922,96.9973111624753,78.8430714736825,48.477418757928206,8.192641640643311,64.53999629159495,64.8161173950689,19.2,0.63,-0.9664508728135598,8.1,25.1,32.9,70.912,2166.750064380194,8.5563790252316,95.0,10.2871918358414,0.0,17.4472015171452,4.38,177.85175879396985,0.0,34.50651588291362,4.9897116725365,-224.94154,-237.39468,-8112633406.052057,4463611679.292784,65.1,0.166394103186287,4.56339,0.0471703338910635,34.32997291362813,2.94103505200904,795303000000.0,40.49893235488183,581242.92,2018698.92,28655776.0,9.0,181577107696.0995,60.0,1102925378.35443,56.73312711361852,-36914995.24995486,10.94403730384266,5.368032864368534,1.671579449382962,3.652096174921075,6.5908944219197645,4.098018002548049,1.4863927676967517,5.290313565525935,5.434240703797229,4.855683925215828,28.47992510149992,24.49605111380657,79.26,22.4906406939583,2.600213057373307,19.022979759549536,87.21891949474966,0.0298124887631729,9.1214169287823,7.54136833693543,4.334,9.90990990990991,3.58,59.772,58.50785679152968,14.741,2875.0,57.6705219905646,580.0,20240.247550790456,6.184259452182136,0.2957986228997419,0.6315815788288318,0.9265887190094254,14.396133686284545,90.97,90.40368208628088,3.47630952353945,7.266845933894388,0.143352136015892,0.0,3.16474271,1.87040612656176,2.9358826747592,27.6126869040678,0.6,3.22108691472175,5.12313692818805
Maldives,,122569586.729833,54.6,84.4,81.0,19.8061389337641,2.790185506496087,8.363764330607362,-196081418.93914,-7.576046404726325,,6369.0,0.1220627350530227,49.803412625870834,24.64332204259373,0.0,,0.5847719483291086,2.25,6.14988536750173,0.4709467414640903,7.0,0.0101915792293845,40.07978439,99.9999984616526,0.0,77.69400618712137,0.0101915792293845,42.82118298192027,62.21803692554436,20.7,0.15,2.8832244616054594,13.8,3.0,44.3,36.434,94.35897435897436,22.1315492745997,97.0,6.69472020809206,0.0,12.4557197345706,2.71,764.7752394988947,0.0,15.5385490254492,4.07836409712519,,,-311252914.0625,-216468945.675274,56.50625,0.0,,0.0,0.0,99.52905325853592,28991317273.1265,9.431755806193571,,,360792.0,4.0,1693203239.27328,30.0,3159198.48033898,0.0,82351906.24841595,34.22122893427556,22.95758808380417,17.748694425666912,19.925677154989103,20.033268648788724,0.6250115982596539,0.0004352927079994,6.492513754246005,3.080746901675525,7.27153186727034,17.319194842456888,30.72196206557468,97.5,23.0,13.0,6.666666666666667,1202.64,0.0108095523182332,11.0184148627061,7.94801323253796,3.288,6.49350649350649,12.863,47.259,56.27667222417671,30.509,1972.0,2.733333333333333,0.03,83.15040244794784,0.4709467414640903,0.6971933400466112,,0.3407705972758444,-3.865793271797841,116.82,66.423105194036,3.86278284469972,3.343747330328739,-0.166243851184845,0.0,8.48758984,3.53092174013543,0.0089659443934931,17.4582636412409,1.56,12.8,0.0
Mali,0.0,38440219.40462573,88.8,68.5,77.0,3.85228462192184,38.26501646417623,2.8184108728446398,-1191101120.195382,-9.025867781943102,538062019.8057188,-34483.0,3.5858431873490386,41.1017217759218,-3.5835597228121574,0.0,0.0291775614306558,1.6089490152472308,5.63,1.10892690670186,4.383625704948698,9.0,2.71686802151175,56.26623917,100.0,100.0,41.17672252120065,6.57303835324544,25.684635788219268,40.01484314770882,24.9,1.37,2.0078255312315845,133.9,24.2,55.4,35.999,18.50789171058936,2.21929618786116,78.0,7.54318109727263,0.0,5.96190008653316,4.14,112.49463357237124,0.0,22.98857486470237,3.78,-262.771,-245.177,-419406642.1893955,-398893065.3991052,66.99375,5.05956970490197,17.594,0.0,0.0,36.377301347822936,6322046064700.0,26.582174947023013,2083.0,102083.0,15945198.0,11.0,3748446862.878727,60.0,473206780.830655,0.0,-177146924.2145797,7.138893781886031,1.8805831162529727,1.610808447232139,2.563147858511147,17.59997328652419,1.7902929505716598,67.17647042989469,11.852474430618813,3.5041652109000694,0.2653353044612032,11.003312611591005,4.763475767354668,105.68,33.6631545906785,5.131168096771814,0.1429651119907555,13.067799277161754,0.3926574006795024,7.68640831284079,6.18585368447978,12.12,10.2040816326531,1.332,69.371,75.05915170232372,13.47,282.0,10.896663634352027,60.0,3762.888363004336,63.62269865217706,2.1036578467250773,0.109762751544539,0.1546922142090357,9.780957521101044,72.0,85.57801256233661,0.51274272986042,3.1216830888781857,-0.182899221777916,47.0990962733547,4.67865133,3.2485140091385,2.61018274612127,7.0870843551993,3.4,494.794262222947,0.0
Malta,0.0092182329149878,188196884.9420651,71.0,119.8,65.0,13.215469229835,51.19377659263141,101.62639572591291,-419702566.6255756,-4.613614688699668,,741.0,2.5235267200658344,95.06384520986016,20.59402845435728,1.5219436106686028e-05,0.6910550279385956,0.4726695058144404,2.54,1.51563513618532,0.032166508987701,11.0,,33.02582932,100.0,69.0110268683452,69.49449578148868,,87.4518459145158,90.09040024817602,11.8,0.062,-0.6975452081087549,6.9,3.9,11.5,94.072,79.39647577092511,8.02884988739613,73.0,3.47210436141757,0.0,13.5647734064469,7.61,18.91588034531217,0.0,56.2888250274383,6.54,-7.376060142e-05,0.0110125656469012,-534572834.209853,-5915461797.190861,40.69375,0.0,0.0018680933333333,0.0,0.0,99.9526963103122,6458749199.99999,17.44393890377712,6881.0,8717.0,414508.0,6.0,13454498519.14305,40.0,229566340.672971,0.0,26826671.85365909,7.866070792475122,0.5224606999045981,1.6634170319858863,1.096978996213473,9.221759703113342,6.267979248433905,2.002096478777675,5.142772838833281,5.677001030908357,8.116099296934493,4.666033012629649,3.720982769742954,112.38,32.28125,28.375,3.90625,1295.3375,0.0219054879519816,7.16164148981714,7.03885436317703,7.3,8.69565217391304,7.132,46.96,51.151640078867175,9.534,560.0,1.09375,0.0505,121.83118299284936,0.032166508987701,1.7242802788470113,0.9294758161112984,0.3017221158293732,6.330472103004283,104.26,88.51543799904545,4.44890708272187,2.7656291769680337,1.25345623493195,0.0,7.95211124,0.49118281065151,0.0,25.517048796573,6.91,0.754308990105961,0.0
Marshall Islands,,14321594.1200596,150.2,70.6,84.0,,16.17517230736854,-5.807990770836835,-14340438.8339408,-8.901575936648541,52500000.0,-1221.0,13.789530444871447,112.97330850403476,,0.0,4.1794714733381975,0.0042667356152741,12.2,,0.5519779208831647,9.0,,1.07291412,100.0,0.0,71.70931098696461,,95.48015065315865,99.69932610260516,,,-1.7367928368489054,39.4,,21.9,73.568,,5.89188982986191,97.0,,,8.38405448768896,,42.85714285714286,0.0,26.366768681956074,9.44085161505352,,,36300000.0,9356673.13181814,46.325,0.0,,,0.0,99.44802207911684,197400000.0,14.622905027932962,0.0,59800.53,52044.0,2.0,164562410.386141,30.0,22214933.5466879,0.0,-40.9636059347015,4.2713466367994375,0.0524121424328623,,,0.1691951869514415,0.0113596426464546,0.0173235760375758,2.5857240092359604,5.488489704124618,7.811513516615975,0.1314787104433913,0.2485027100419221,,47.22222222222222,2.7777777777777777,44.44444444444444,289.1333333333333,0.0096072553992775,8.78571287928013,7.32077106346112,6.465,3.03030303030303,,,,,,52.22222222222223,,,0.5519779208831647,0.0307411975731204,0.0109714690886166,0.0027917364600781,14.040209106898558,113.33,89.9497487437186,,0.9555050384196164,1.15306556224823,0.0,17.84438324,0.0480478181120274,0.0,,,1.0,
Mauritania,0.0,,49.8,66.4,70.0,17.10647347235,,2.318905677037889,,,161780939.40875953,1128.0,0.0,71.2219989784973,11.72249835924902,0.2814436459237469,0.0022888394806438,2.9851305373275108,2.81,6.28354087427704,0.0,9.0,0.280844970304918,62.63608932,100.0,100.0,39.94927280354581,10.220512132906588,56.042113077710894,77.32934939851285,18.1,0.52,1.5169283531985682,56.1,26.4,53.3,46.588,9.250733333333333,2.3578270312413,67.0,8.52715565927807,0.0,6.47566353910294,2.63,71.40923447134908,0.0,,3.19,-0.77,-0.77,-68906697.08606021,,44.31875,24.8231169137448,0.0,4.56933510281066,0.0,100.0,148829227573.285,38.19290578283186,,,3390965.0,9.0,,30.0,0.0,0.0,,42.43058135895315,0.1456103156718327,0.7465223782700116,16.393650213957905,18.2293567902229,0.3469462672475797,1.527305563335955,5.976366211643239,-0.6032773919634451,-6.530492581404857,9.604931234101532,41.678255729779686,87.81,38.52721451440768,0.436596487823809,0.0097021441738624,3.289963131852139,0.1327055867577518,7.55321679015995,6.23428433547994,7.054,22.1052631578947,12.816,39.529,44.5612727626207,40.089,92.0,0.3563015426409237,0.4,117.96052156244608,0.0,1.4259561794529474,0.2952331597330839,0.4272477834052191,6.353503535246404,80.77,68.3004422607957,2.55051931396067,22.34316877733437,-1.07616984844208,99.4370975810638,2.63618922,3.19159403639576,1.44705432027677,16.728753978749,0.0,27.5894166666667,1.50130897810164
Mauritius,-0.01,141741371.1232634,76.7,83.8,91.0,21.4656178528625,34.23526107488132,4.297840295910143,-1005773529.234471,-10.054044763835748,182884837.7749769,-2624.0,0.0081406009298464,66.4456098741058,9.690602285612764,0.0001075007812841,0.0909798070611403,1.9214874607552668,2.54,2.93236301369862,17.739680178505022,11.0,0.0064291916923132,52.31685638,100.0,60.6105135711257,62.86007462080745,0.0513546115077605,82.68583614887834,40.422914743542925,24.3,0.18,0.427983108876757,14.8,13.3,19.7,41.555,163.2,1.99014224116171,99.0,6.15669694340182,0.0,15.0553856377094,7.91,170.33098209441127,0.0,43.60889568761485,3.38,-0.2692787,-0.2792787,0.0,-13843292553.23081,64.84375,0.0,0.0,0.0,41.50241725548531,37.00260319821495,312103371752.993,22.471968489107248,567.5,7933.5,1250400.0,6.0,6135624780.890685,40.0,814358.909237384,0.0,209045861.6040602,3.8614078994203145,1.216247792998404,23.23015641718463,2.017509642104591,48.36089973068629,1.2322087149740126,13.452755951701356,5.230815365176028,4.12919884822152,2.7411705425108863,20.807436878030664,2.1389615521516103,99.38,44.82758620689656,39.40886699507389,1.9704433497536944,615.960591133005,0.0639795265515035,7.75722277353252,8.26701957481976,7.3,18.8405797101449,13.057,54.671,58.0214117898334,21.524,2041.0,18.91133004926108,2.751,2200.0959692898277,21.495723317218296,1.185458633043008,0.1915066196094805,0.3668271886403375,-0.3751242978942457,109.31,82.88168524551375,4.10956676058069,1.126418920244987,0.6402587890625,0.0,4.51898289,0.237886692890185,0.0068319003827473,28.7098598879899,7.67,30.7844,0.0449254198154473
Mexico,-9.97238999999998,-24561552308.00001,77.4,75.4,82.0,15.8522942736837,16.253296601375084,2.7614221859664125,-3753937792.999986,-0.339592498699558,21878920858.54963,-40845.0,2.0596361029132866,55.047644041678666,16.503118929992436,0.2125748624291895,5.407357120868546,3.270184673828045,3.47,4.15672722680174,3.1261572855914093,11.0,0.0,43.50876617,99.9356518506868,98.9439812737215,60.47834907333117,3.92101452842859,91.88657774847869,76.06361470536898,16.4,0.49,0.1187814020289144,19.1,14.5,10.6,77.815,72.30423407316967,0.817364770549705,95.0,12.3581068270841,0.0,15.9997180923061,4.49,52.16340574361536,2.1336517418713274,28.706588261405216,5.01,-192.0869,-187.04666,-12186663541.207,-12630017166.0,71.78125,0.502379057813547,13.46252,0.0796871696268284,11.716030877885729,16.181855794321635,13814158744000.0,32.5394870440162,126238.0,1654520.0,113623895.0,10.0,334603584586.0,60.0,22767716708.0,53.34818917241605,20710589460.39477,2.181064332163897,0.3521790735653338,0.7212053149009946,0.3782298489051773,20.453625758373786,0.2527595737873629,0.0812924431572117,5.85809960015213,3.4708428692181315,4.700603001417619,19.048238611751025,1.5746921984090476,92.4,52.37120296303917,11.79711412330564,1.3637182026286685,58.45000900228916,0.2018325458742635,8.38732970003803,7.82205514647044,5.733,26.2,5.183,57.189,54.18575015456047,22.177,758.0,34.436744772242086,409.0,3599.594961957606,16.60202441051474,0.2201361624930196,0.0762255555066984,0.4470503294292276,2.4203873653644905,85.72,69.46753018153422,4.5163054708905,4.372964390738659,-0.726463437080383,10.0656073968634,5.4897337,1.43974472572946,0.132266727975207,23.0377632326023,5.23,12.6360083333333,3.63469450422589
"Micronesia, Fed. Sts.",0.0,-10712700.0,98.1,74.0,88.0,,16.112474963083116,,-24572700.0,-8.275193883293186,110860700.0,-1798.0,6.084209115453043,66.67921672799694,-36.80282634635273,0.0,0.9774603287387058,0.0668388631376418,4.65,3.31370963136217,1.090543836992395,,0.0263364242527979,2.01292324,100.0,0.0,60.72112562600166,0.0263364242527979,96.41670562409996,90.92677133936344,40.1,0.69,-0.3774535949714067,34.2,2.9,17.9,22.298,,2.70703249404067,80.0,8.10430564567698,0.0,6.2431203023527,21.84,904.8780487804878,0.0,27.94668023802068,23.62883,-0.568,-0.568,10563100.0,,32.61875,0.0,0.0,,0.0,98.9094561630076,307507200.0,7.235469571545621,0.0,31526.0,107540.0,2.0,240284300.0,20.0,18066700.0,0.0,4650289.40649725,0.9900921237562522,0.0126317950175463,0.56185084805841,0.2399324039144442,0.978597415333836,,,2.3614535377704584,2.655913720147879,18.03830194701564,8.094631245302748,2.593202252143787,91.36,7.142857142857142,2.857142857142857,24.285714285714285,153.62857142857143,0.0185977310768086,7.59945155731782,6.26910748364863,7.161,0.0,,,,,,91.6142857142857,,,1.090543836992395,0.0146041599343795,,0.0,-3.1176810693728925,59.97,122.41149878843392,,3.6029845733359167,1.20931696891785,0.0,21.48778725,-0.387012831252087,0.0272732816714997,,2.5,1.0,0.0
Moldova,2.22,74078750.3566659,79.1,61.8,67.0,7.39305304576948,42.97957986777565,4.25879212676733,-481468750.3566652,-6.902795230780915,1215548948.3163142,-84039.0,25.130242732070624,77.36220271347082,0.0410900943563991,7.011602920749262e-05,0.070685041988839,1.7058582761202268,6.45,7.4838508635085,0.0,9.0,0.0,40.43186188,100.0,95.3280520780739,54.53671582548186,0.0275451867856521,77.0485247094677,64.72211978479548,31.8,7.2,-0.0457756453563074,16.9,13.2,25.1,42.62,11.059569773855488,3.86017030796799,97.0,8.00622148250186,0.0,10.9757576234104,21.81,-69.35218968339736,0.0,22.008206895544618,7.72,-1.969,2.051,505598903.6046697,-290090000.0,48.13125,0.0,1.8,0.0,0.0,0.4742436631234669,91548511761.981,20.433891721231696,8800.0,8844.0,2862354.0,9.0,4208130000.0,60.0,1752830000.0,92.86999182338512,67117882.8609699,2.9787064062202555,0.2711147619414811,0.8711527355224357,0.3366478573138369,12.249312034570789,2.042479734064085,0.2072675275866383,5.338834477526149,7.206974611367073,5.822291271090066,9.259745993865552,0.2078143802884353,103.67,75.03805175038052,55.19025875190259,9.101978691019786,99.7787848154216,0.6333947513130801,8.1285969275215,6.94163493306975,12.18,18.8118811881188,2.187,61.51,97.69532832611335,19.453,450.0,11.400304414003044,1.62,565.9677314546,6.655764513491415,23.02849806460452,19.972768884312043,1.3087917294550768,7.389999993994479,84.95,70.57433182541548,0.400333330801524,33.30493209779843,-0.381340742111206,0.0,10.13112831,-0.0998329740168972,0.0913786171518213,11.6843188040021,11.43,12.3692609613415,0.0275451867856521
Monaco,-9.186771898135e-05,,,,,,,,,,,808.0,,,,,,,,,,11.0,,5.37164545,,,87.07518277020353,,,,,,,4.0,,12.0,100.0,,57.3537793459085,93.0,,0.0,,,,,,1.3,0.0,-9.186771898135e-05,,,13.08125,0.0,0.0,,,,,12.92234736218139,,,33163.0,,,20.0,,,,,,,,,,,,-0.3938495313037862,,,,,,,,16360.631475086337,,4.18518409512317,4.57368219678018,11.875,26.0869565217391,,,,,,0.0,,,,,,,,,89.64343553020046,,1.0694619604608278,0.96417373418808,,4.95791674,2.4388102675618,0.0,,,0.754308990105961,
Mongolia,0.0,-62371616.600221,83.0,43.6,91.0,11.6286625887709,11.037179861360386,23.52633655446426,-885472136.546615,-12.316216059543338,187000004.54731628,-6444.0,3.703223133298652,85.91717735636976,-8.771320621752055,-3.719148352755176e-15,0.0776001400459495,0.5205903706390498,8.13,10.0462065881651,0.2395084627869232,12.0,0.0,28.05504799,98.1381408576542,90.7781965234991,44.840493219945614,15.755592916488707,13.803302038497916,63.4501881817918,35.9,2.8,-1.2479547590524491,26.3,18.6,20.5,67.567,8.964778453462444,0.592076329591246,97.0,12.3398237624948,0.0,7.64901683093703,19.92,48.64454261812898,0.0,24.52896206052067,4.36,-30.59834,-30.26525,-579865154.5266246,-1629095579.21965,69.5875,14.3767179735502,0.06488,19.6438178089225,94.829584975655,4.150243450034779,8969674177100.0,33.19424748921457,,,2738622.0,11.0,3868606584.59168,40.0,266242560.547642,0.0,874837794.961263,0.562301871466241,0.0274182320735263,0.6030258896785317,0.0304306518922773,3.89428398477404,0.1379823003549742,0.01414065882693,,4.5200403965167055,4.293834620128223,32.655527833434164,85.63439609003585,60.99,73.33884675729539,0.7936518445182592,0.0019790759682488,1.7585791649311169,0.4513328235879212,9.31098566614726,8.30774809000623,6.7,3.94736842105263,5.891,54.957,82.3483886945485,17.629,241.0,9.10805179300629,34.8,12707.1205883835,1.0510085787155112,2.44235375861182,0.1668688162031704,2.083989914330688,-16.597410194597572,83.61,69.23292332517431,1.24004287998744,39.17818797037407,0.597042262554169,68.3474073464344,3.73945642,1.74992683110286,0.369945948040915,16.2357016083734,7.76,1357.06416666667,9.31545851059871
Montenegro,0.0,4286195.92952959,,,87.0,9.36486226813912,15.044451919450708,18.30213264645251,-852057845.5534736,-20.566284536496397,239759965.74348176,-2276.0,10.04027788088822,63.21530807112755,-3.034629946657536,0.013866381486122,0.0094499495120688,2.336119254173265,4.54,0.654946570148479,0.0,9.0,0.384685814022503,,100.0,100.0,58.64208710789129,0.6035242670481015,59.17012459250104,51.71069230626549,22.1,0.41,-0.7382854794681674,6.6,15.7,20.7,64.14,14.354651162790695,12.6226782774233,90.0,5.55616351298509,0.0,11.5186354540361,13.89,,0.0,53.2189584596356,,-2.52425,-2.52425,-28818561.09366321,-731120045.7058653,54.025,0.0394728384050534,0.0,0.716295403612445,31.62605668821482,0.0,3103351900.0,17.148402126018773,740.0,2085.4,619428.0,6.0,2561542879.381114,60.0,415967090.446819,0.0,13417254.32816699,0.865759294577372,0.0001513973851336,0.4533822116324079,0.171336132054389,9.700276215345848,0.5773527812572478,0.0286443852672846,2.521938841671229,2.546253159726831,5.431242649463044,6.5684945382541855,0.3738772189273882,74.87,38.06691449814127,12.788104089219331,1.1895910780669146,46.05412639405205,0.2776755329110082,7.33091270343119,7.09032261013587,9.1,11.1111111111111,20.712,38.767,74.73353105059766,16.714,,61.486988847583646,,,68.37394331178518,38.57516509690253,39.9641161129216,,-1.404474760133951,122.73,100.0,3.08893963583453,1.6042026984327291,0.584210991859436,0.888440038152571,,0.183239906425096,0.38200994270558,18.5139340783704,10.4,0.754308990105979,0.21046668223043
Morocco,0.0,-159596700.9739642,78.8,75.8,88.0,13.4786653011818,36.83750587779148,1.2299824583835075,-3925169124.537254,-3.8914948724485567,7256724894.554669,-70510.0,6.36744217640963,52.69600592936759,20.755447169722423,0.4711905905936572,4.792398644073979,3.576264618095345,3.21,0.993557401226392,2.872355698180129,9.0,0.0,55.61273193,100.0,99.9999999999999,47.16611024368799,1.039440554500659,74.40187459396886,73.365126903026,22.9,0.99,0.0135589450027796,31.1,23.4,29.4,58.018,57.171024542972845,0.220847067431313,98.0,9.43287279003504,0.0,9.52140282768416,4.0,89.77120450290263,0.0,27.583088749905684,5.2,-2.2,-2.2,-1284043854.232034,-660647769.9576207,66.6,5.29773108141911,0.0,0.0,45.88101169615336,23.49364523075624,838191414900.0,23.711912690035472,742.12,1144394.2300000002,32467016.0,8.0,36998738043.27646,50.0,6422541530.26634,12.51108389984377,-3012376371.295489,21.577416381304744,7.78722637533799,1.7189679625811047,13.58812655856299,19.029376500356157,5.136483168530424,5.01958366233042,2.9290557660968943,2.079764887205755,10.2404206257023,9.218800169012455,2.185513164168505,84.36,67.1931436253641,17.318619762491597,2.820972440062738,72.74706699529465,0.2380662269670856,8.93168255761334,7.92853720858929,5.984,10.4615384615385,9.491,45.1,34.635826237865395,36.331,346.0,12.714698633206362,29.0,893.214208537058,18.20402820588608,3.0319001370807688,1.7926945353938513,0.5719023172401071,1.1064377019779954,96.81,98.61103216544672,3.42045248788463,0.647501047462967,-0.383013308048248,3.19405070238882,5.41861057,1.35274286216317,0.216628768174571,22.173552051985,0.5,8.41715833333333,0.007036777328099
Mozambique,0.0,52026678.62325982,46.2,69.6,85.0,0.999023696262389,19.654977374966837,11.027556135733892,-1679440917.172619,-14.716582634263617,827841417.6590004,-97079.0,1.014531217746795,66.59717938080195,-3.1485315725207257,0.0,0.4694313781201724,0.7908750502463641,12.66,12.4255421735156,0.2937200956937799,,0.0,7.1121192,100.0,100.0,46.49809802435792,1.2106313705752891,65.80946011797461,42.83030616163664,27.9,1.49,1.9431605081682344,95.0,30.7,45.3,31.83,8.199469026548673,0.882397793849275,82.0,7.61115307146318,0.0,12.4468840548583,9.1,66.478525941929,0.0,45.062692969089326,4.68000000000002,-13.136986,39.584,-359775279.2181201,-1020588233.108401,60.38125,0.0131069316895526,52.720986,0.0199714393040125,0.0,0.0059808612440191,375331070499.999,16.868186298076637,864.0,163419.0,22999235.0,11.0,4726174479.88199,30.0,115777234.51,0.1076555023923444,201062153.0808969,7.814448141669988,1.448945100935369,7.527334529384798,2.238801938543339,16.47207270367595,0.5935984701318061,26.3760917403554,10.003743364172664,3.861945687438834,5.402370122796896,7.271930027000762,5.210608415113664,75.13,50.44108446298228,7.184821587527658,0.3814949515501412,29.24697347338437,0.2456603447897288,7.42322822361888,6.033092116918,11.543,39.2,3.096,79.55,101.13783737489908,20.584,1032.0,49.558915537017725,100.3,4361.014616355718,99.85711722488038,0.2635523875610958,0.3693047237966583,0.3173148539965215,4.821132921171696,113.07,64.81356694355806,2.87209499755392,7.645227987252667,0.394421875476837,0.0,5.29249668,2.67685903538336,8.02340173338148,5.27391804450705,1.23,33.9600988006908,1.20163460786733
Myanmar,0.0,-2132295161.54131,23.9,82.7,88.0,15.2885370543262,34.767110487832696,1.8189720234246456,1574156747.26505,3.1774947584785456,1400929.2460291267,-116481.0,0.2318388446607698,27.090794628700436,20.431671656635903,0.0058505053923024,0.1406975368896688,0.2837609479343022,4.02,7.71838195873614,2.229565217391304,5.0,4.47761066451582,80.74465942,100.0,100.0,36.67885997435653,7.3385062242066335,33.62564266149279,48.35639397917846,28.3,1.21,0.4782830832165626,63.2,19.1,37.1,28.885,6.637221348626399,0.147708388838671,88.0,6.9355616634817,0.0,1.60336192605193,3.29,60.87085611471274,0.0,33.377875218251845,0.740776721153674,-3.23379,50.573673,-12108971.377827376,-901133534.876797,55.29375,0.258338989970332,53.807463,0.0863703805009912,7.420289855072464,0.3826086956521739,39767042497900.0,26.46806427437743,852791.0,2813941.0,49024382.0,6.0,4646513717.04286,20.0,114854849.288762,20.440579710144927,558507909.322959,15.591223202272268,13.46420793541979,4.517830104937462,2.1451584460177338,5.986354658120893,1.665495247073956,1.3358098142860526,,8.820589435358727,36.68064191824206,45.65140085730834,50.780505651610085,67.17,19.17460123075039,16.549306554817377,2.1522823990447906,75.045742889508,0.2205229226550984,8.74524978351425,7.87246582332027,9.212,4.29447852760736,0.863,64.96,65.31224399773143,18.13,2091.0,48.12938186939351,1002.8,20455.127817827462,73.98608695652173,0.6575843951498989,0.5965039407273057,0.2058763497497756,-3.3316575494575176,110.94,77.80243139390798,4.02140451167987,7.043211893660612,-1.28592801094055,90.7875639449817,2.08368421,0.745099607969388,4.2733461311721,16.519096123641,1.1,5.63488333333333,2.66991403718355
Namibia,0.0,-203261822.6299474,73.2,109.7,85.0,5.44113770227764,20.41798490317194,2.5152532674770485,-448391105.8320408,-3.9224471072635305,1154854445.619181,-8518.0,0.6054133704627751,83.94413259258543,-2.054213350456142,0.0,0.0853486973766318,0.5750254618616071,3.57,4.8749198764395,2.434120335110434,7.0,0.514976371128001,9.27632713,100.0,100.0,53.9557685578527,1.6140582815394011,51.00984182969738,16.8482920771684,23.9,1.33,-0.1751196740089028,50.8,26.2,19.2,41.616,4.43375,4.66826188217499,75.0,9.2467298741224,0.0,11.7209634877574,8.5,51.61748100222785,0.0,65.04087901924792,8.34,-107.834,-98.9727,-595424630.8106817,-282623620.7016435,60.15625,1.90274394248915,8.947,0.0,4.188880426504189,0.2284843869002285,79430499500.0,27.42906841835804,695.64,382624.64,2109811.0,9.0,5921008470.66148,50.0,69207299.2302732,0.0,-522131526.077898,4.024705007846935,0.1993417888303416,1.1380612915286177,1.3759423345569788,6.842575409774161,0.550653018174648,44.96545316245569,4.60240715339522,4.4099687760363935,11.91336276925945,4.137041486494695,3.690436958652642,104.38,47.138918242660544,0.9717110617157988,0.0109317494443027,2.562658358537089,0.3791808839749153,8.04967191604059,6.95238964459062,11.077,24.3589743589744,24.01,44.368,83.64893924318773,34.117,285.0,8.926368594298486,6.16,2919.692806606848,97.4074638233054,0.6174526709863909,0.0271743228422109,0.3623385947944628,10.430255405051852,91.1,74.02287419949981,5.0398299596374,3.725898498911008,0.846940040588379,0.0,9.72781372,1.54841464345813,0.488152947708488,12.6678041018687,4.96,7.33025,0.0
Nauru,,-522912.765273334,23.2,450.6,40.0,,53.68952725815039,,23679103.7893899,49.91137478268309,,-246.0,0.4486880685002138,,,0.0,0.3651270513884164,0.0350308593780337,10.58,,0.1305142260506395,10.0,,2.41821241,,,,,83.91235717919174,90.06593815698352,,,,26.6,,19.2,100.0,,21.0673316708229,99.0,,,9.24343773276125,,10.000000000000009,0.0,2.688605152647213,,,,,3888821.00644566,34.4625,0.0,,,0.0,99.86948577394936,65104100.0,,0.0,589.0,10043.0,1.0,23637744.647233,20.0,212867.936203666,0.0,1306747.62343405,14.5690212660608,13.59442641972166,0.7243993405605962,0.000454409732498,0.8074158676904271,1.178660003023173,0.343810347524108,,-0.4283907938828548,,9.126645975326047,1.518621554747454,100.69,20.0,,20.0,502.15,,9.83623232631472,7.44583460482148,8.156,0.0,,,,,,0.0,0.01,995.7184108334164,0.1305142260506395,0.0242902657008063,0.1331359724270573,0.0,,99.7,86.96584460234253,,-9.775293147886416,1.45398449897766,,12.69640064,0.269206005345923,0.0,,4.16,1.09015948638677,
Nepal,0.0,-175131659.6781758,71.7,124.6,91.0,11.2250875697427,34.132174005119495,0.5482946658879467,-127615743.0302171,-0.7974659929291099,3792100461.521949,-269963.0,21.646985274631312,37.42503642768874,11.188024877497076,0.0016242463259524,0.1860312301445262,1.9342346707353928,5.87,9.32650410745394,-3.351932668329177,,0.0,56.20389175,100.0,100.0,46.39883791061844,0.0035940553043148,22.275643717111045,16.338762309184172,19.1,3.26,0.2192252527629566,48.3,15.8,31.3,16.768,25.08669724770642,2.15306942164935,86.0,8.96550475738896,0.0,4.8630308076243,10.08,30.90309869717234,0.0,15.69424117960341,3.14170942910676,-16.232,-16.232,122316732.85392292,-87741711.63059856,67.24375,0.0,0.0,0.0078338999279562,0.2559226932668329,0.0935162094763092,1201891000000.0,14.200762256722566,28230.0,49730.0,27341952.0,9.0,5878849339.093768,30.0,3464092681.92056,0.0,162266520.5531492,3.253046820442268,74.47130946244668,63.967775044383416,5.01073190385284,19.69183840010645,0.4528422514580541,0.1127519905038294,5.825803633666098,4.168864892161665,3.999589953364662,16.58915603286663,1.776863402308528,83.59,28.782699686083014,15.207534007673528,1.0603418207185211,190.73562608998952,0.0797309570289641,8.19012115068974,6.80167575116255,7.028,33.1649831649832,12.102,36.652,42.12078340463975,25.318,1500.0,41.59072200906871,198.2,7248.933799605821,96.3675187032419,0.7610878713590998,1.086954887503066,0.2426169439181105,2.0117738073161604,84.06,79.11560984844635,1.0388503979339,15.146932449007224,-1.58397114276886,99.9930817109579,4.36131525,0.619710468212554,1.46446310737176,14.8857245852114,0.95,73.2623590158046,0.0035940553043148
Netherlands,0.479330016649033,-1334496522.510893,92.5,94.8,84.0,6.70923854351528,61.70912895322642,6.25075617339038,56482408165.22357,6.62577458654035,-11393209033.333357,33703.0,0.326016359160293,127.94191227500568,4.652873463116348,0.0736234139771041,1.3879987129251878,3.811427582900239,3.99,1.27530569556683,9.29963947346357,13.0,0.0,9.0956707,100.0,60.5147509774781,68.79002584670509,0.597732613826022,91.33603195499538,73.30573928126385,12.6,0.091,-5.8553854130383245,4.4,4.0,12.1,87.134,293.3258361040485,11.0182615941693,96.0,4.19336980345435,5.6212530220484,17.3304225935742,9.83,-1.7674519469661254,3.3277437746289933,61.22411295118723,4.88024012158706,-2.42742086026,4.74753056664541,-4528648133.333342,114762560803.6065,44.88125,0.0,1.01228213170464,0.0,21.63159218579693,1.0505575584807578,639606000000.0,18.953317304851154,67040.1,501459.1,16615394.0,8.0,517998967181.9609,60.0,2779175298.84559,63.16173388111008,126666205.5270752,6.893137481236497,0.5502653966697015,1.3155374953964505,2.9372129177553457,25.558559271744087,2.11463284043998,1.9762265557884904,1.6407749964248382,0.8009606534663476,1.0422728467796247,16.07278401019486,1.9474023379016323,86.65,55.50844945152683,30.3172250222354,1.0791580195671509,492.5998814112066,0.061545335608653,5.96150199429367,5.93266861984837,8.2,40.6666666666667,5.543,63.295,82.62350703897773,4.691,778.0,11.072635635932404,11.0,662.0366631089217,9.387675023056929,1.0620780330149455,1.6696760579833916,0.2508970597387825,-0.1722750906173047,97.13,87.16618043835574,2.84267463689641,0.7102728070485824,0.940750122070312,0.0,10.15508747,0.512923100553586,0.0026040109990678,17.699864845172,10.2,0.754308990105961,0.597732613826022
New Zealand,0.291376598481335,-176901420.0499582,72.8,85.6,80.0,9.75298419248312,23.859150066399398,0.194915236759351,-3429382027.225714,-2.334693305777296,-126095787.91749588,6722.0,0.2522351663451864,42.2179083058565,3.8883103156115295,0.0003820599571333,1.7138082171691518,1.2431884500591068,4.68,2.30202385958572,18.45234126719559,10.0,0.0,11.95811081,9.81955068968898,0.0,64.23651989639745,1.057400614995974,67.40571645515865,70.82544332745701,11.8,0.3,1.5462616710940051,6.2,9.3,9.3,86.16,1401.5390781563126,21.6854462103347,91.0,6.53844194565989,1.76247297450273,15.5102104215681,12.54,18.85622561186935,0.0,36.84160589739576,6.97,-31.2225115515786,-29.6735469768809,-7283292710.114563,746956268.9074806,50.475,0.409243996619399,6.19687477331859,0.20750694875161,4.584750094450741,0.0044447407604951,193748000000.0,21.37391099599717,110592.0,547185.37,4350700.0,7.0,39973075650.94732,60.0,370502945.272497,21.87479165277685,847357520.8202677,9.911691439583608,3.2666476694027065,1.1650789556216758,6.385468911219958,3.8046887341924114,5.1542132004098535,1.868603396546576,2.783024177158538,0.3369408958778308,0.2410829750746188,25.36948587839344,21.58140492306404,86.71,43.32535794310888,1.8951046295241352,0.2696441456837947,16.52310964262656,0.1146941871422989,6.31179217215885,6.30389303624781,6.53,33.6065573770492,6.93,63.112,82.80546038255052,13.65,1732.0,37.40123808438722,327.0,75160.31902912176,73.39822654843657,0.3236378986259409,0.5260048358293895,0.2161091444977248,-7.947019614282027,89.43,81.10705238106507,7.05485662655762,3.1597268270136425,1.23648881912231,0.0,9.59277534,1.1117260560215,0.600825091741324,20.9614841742816,10.28,1.38783382768108,0.905379063905614
Nicaragua,0.0,141099999.9999998,60.2,68.9,85.0,16.0807567949884,51.215846994535525,5.593358243340588,-777300000.0,-8.874703740658582,1160599999.559852,-29081.0,9.417027718120671,91.82972106794928,23.041365946612167,16.19730459132864,27.54286854579128,35.41036797499842,4.73,5.45513425887423,23.21125990707844,7.0,0.0,37.48913193,99.9381004626293,97.3193639479183,51.733618096521525,0.9870356298354844,57.40430795375581,35.94709813899327,13.6,0.21,0.9652947949943068,23.3,14.5,,56.917,34.2,0.650658920038301,99.0,10.8672736878607,0.0,8.23378522633052,5.45,52.37005621856201,0.0,23.918061165608776,4.1,0.220547,14.670621,-244199997.8554487,-474800000.0,64.60625,1.81988490265366,14.450074,0.0,0.0,62.995353921836575,181837396999.999,21.968713450178758,16972.0,57950.0,5737450.0,10.0,5238700000.0,60.0,824800000.0,0.0,202046365.9282056,1.601848488648684,1.0681128131661797,1.314303889194141,0.0420791843030129,12.445229294679674,0.1869307652373005,0.0109670880198312,5.06717917483428,2.938809240386803,5.5083950957110375,10.95663067421944,0.4735423430716878,85.28,41.964434103373776,12.921721788266575,2.4513877347515374,47.67699850423799,0.271026327026815,8.92529814879903,7.5899394072411,5.09,20.6521739130435,8.719,58.647,52.80754699047121,25.33,2280.0,34.80264251288017,156.21,27226.381057787,36.98551516807871,0.1287685711958871,0.0035688978481255,0.476306477421253,2.513816906253581,81.14,143.42740234070644,5.28782407681393,6.138086789772984,-0.499709248542786,0.0,7.71019173,1.41916789623706,2.3080320616436,17.8817170734704,3.75,21.3564486834358,0.0201511310007444
Niger,-12.1979428549607,14907206.01096317,94.7,98.6,81.0,11.6449962120702,5.55404625258943,10.146689915563966,-1137080687.783908,-14.482904188751872,448772382.8939633,-8033.0,1.7121417853266458,46.184066929113385,0.0850342696329856,0.0079593253053663,1.4114021815613222,1.4265901176838645,5.47,0.804073080882659,1.1604095563139931,,0.0,55.89531326,100.0,100.0,35.10755079960615,0.276245491682798,68.50270936571656,35.86383910363,19.8,1.39,3.7301199182355056,136.5,27.3,44.9,16.221,0.4960264900662252,0.776234210799295,67.0,8.30701712086658,0.0,0.772124683262592,4.13,116.64297460768736,0.0,20.39941199670145,3.4,-1.46118379096187,-12.2345438772538,432494373.3886712,-1001030201.471543,59.56875,0.308153599011326,1.42458276866881,0.0973243501897151,68.94197952218431,30.034129692832767,4098720734300.0,23.000341187600156,70.0,40070.0,16548835.0,9.0,2809990143.688289,30.0,134423547.478468,0.0,105954460.8585552,14.972328865615063,0.0420811797438875,1.0706648190770065,1.2728209675355893,52.040707872681935,2.1415282190379643,16.524961768668387,2.6293800058921875,4.607665895525727,10.30671613887533,47.53827163071611,11.130556696377342,89.92,34.72171784953028,11.92073892792295,0.078945290913397,13.064525933528063,0.9124509368786384,6.67657243925615,5.49142815643848,11.605,,0.588,78.921,75.9877610748969,19.817,151.0,0.9504223573063866,3.5,211.49525026988303,1.1604095563139931,0.6836773911684814,0.2845159006129673,0.1975245360969706,15.326010045539192,83.93,90.01881490289514,0.889933872864126,3.475043014381725,-1.16074454784393,100.0,5.02160501,3.72535077368531,6.47924361977721,7.41580804147236,0.17,494.794262222947,0.062210724513668
Nigeria,0.0,-15144320037.29842,94.3,120.3,81.0,10.9746551412955,2.5066255668433257,1.6420736918665166,13111276866.04767,3.57264829109626,20954869931.95301,47966.0,5.380182735303231,34.94232928564741,0.5935227075636982,5.288833086193521e-06,1.77811409942229,2.277925590642976,6.8,13.7400521363694,3.0217430693966296,9.0,0.0,76.87748718,100.0,100.0,50.78884367090832,6.681536963277478,48.2845805135175,59.80969644387885,18.3,1.1,1.2292711864927837,135.1,25.1,44.9,43.48,11.21455203116305,0.577148809185465,56.0,7.0031567142181,0.0,8.82451930082742,5.08,24.26777776619984,0.0,26.47952634848491,0.85,-4.796,286.775,-19674599936.04645,-5114533232.941892,50.36875,0.0170111595024352,291.571,0.0006237720302393,0.0,0.0,51684464433100.0,25.31745223781257,200535.0,817516.0,166642886.0,11.0,70853002118.13902,20.0,19744755062.5939,76.90161261098025,-9692912667.363815,28.222028956578544,14.94069076475157,7.529627660141132,6.991286791964374,38.4923180990398,0.1008340437397601,23.49339052990396,12.875258158158845,5.028537793102373,5.232441292618887,26.454499830038497,10.425869118920058,98.36,73.57824544067108,39.46111532000396,7.157524512225918,182.9692304313932,0.2156707727685417,7.66426337861454,6.55310756694641,14.36,6.98324022346369,3.667,78.439,89.84122916351184,14.688,1150.0,25.53880782195285,221.0,1326.1892259835204,26.12013045841638,1.9449293979416145,1.060103526165976,0.2455231595312634,5.827642175405117,84.62,100.0,17.9651498537295,16.342766325306954,-2.21112322807312,77.0109611600928,3.29653287,2.795149361277,1.06666413961285,10.2589525355656,5.06,150.2975,6.67019801749588
North Macedonia,0.0,-643413.45962679,77.2,73.3,85.0,26.0017593350927,51.24304384566107,3.2043820980149844,-198294923.2848565,-2.1079125444793645,1788842213.0548024,-16668.0,4.123781580933405,93.81141935896964,2.660996195129569,0.210424887828431,0.0356637145732288,1.741524153729722,4.35,1.50997522027621,0.0064738292011019,13.0,0.0,37.78863525,100.0,100.0,55.09448977351725,0.7685944433381457,72.0478825379311,72.0233867757284,22.7,0.49,-0.5740362953589307,10.4,8.1,16.4,57.089,67.11111111111111,6.28870713033039,98.0,3.07941371693454,0.0,20.5622645192115,5.68,-18.48815333671181,0.0,46.00363843754127,3.26865212313863,-0.94,-0.94,-131084051.09286806,-206856816.098,46.7375,1.32172183040512,0.0,0.0331827860054843,65.3305785123967,0.8402203856749311,431202506500.0,21.04226885221909,1491.0,1727.0,1946298.0,7.0,5463400195.5423,60.0,387931157.0,0.3443526170798898,78112161.58136623,3.384749666252803,0.0854234052546045,0.7934390541958208,0.2467966427104845,11.286178122599352,0.4308401977843493,0.0457821315393253,4.897172050975158,4.0217174978456285,7.869548075887593,8.091196664287738,2.8555336657165267,102.89,44.3695479777954,16.41554321966693,1.387787470261697,77.17279936558288,0.2127115169413933,7.33135232667747,7.16422583475877,9.3,32.5,33.573,35.565,61.250771012922925,26.423,619.0,38.08207771609833,5.4,2774.498047061653,33.49132231404959,16.48001021384381,24.56736779581609,1.028743349814888,-13.478645372730584,95.33,116.59330082306612,5.58338544357141,2.04128302301487,-0.518517076969147,43.2644701287918,6.71369696,-0.63937448291812,0.120161838970592,29.3315502569261,4.32,46.4853916666667,0.0059329715648027
Norway,-0.0357704600000002,-7142286341.60076,91.3,100.8,89.0,7.10137659414241,39.99367084828888,5.018943987802639,50258127255.87115,11.659407791465645,-6154032814.007994,42865.0,0.157746933840712,48.25100696604798,-17.876746741609864,0.0247473190824422,0.982221124733326,2.401045726974689,4.46,2.41890639481001,0.999911025551844,10.0,0.0,15.0464716,11.888745618966,0.0,52.28635220359944,6.0192110877038525,94.48493807556144,83.72133540728846,11.2,0.32,-0.1183535112590163,3.3,4.4,12.4,79.102,170.00363372093022,10.7702303562013,93.0,5.44895932818142,3.09589558666667,15.8051892856166,11.84,14.449393193894444,0.0,41.253106296629824,6.1,-31.14547755,-24.2698941741871,4650765200.606643,8307773566.307239,46.5125,0.0656535464581076,3.11812856666667,0.0213595659401432,0.1091959136462537,0.0784592861013823,2633461000000.0,35.30948421153234,1019801.94,3858272.01,4889252.0,7.0,120110756464.8119,60.0,679971540.320694,3.881712515469421,4179030488.35171,4.777254408964563,0.3857961507174592,0.7864509924968146,0.3827944271627011,15.021956985872292,0.5344801368423276,0.8583510790251202,1.73384165958079,-0.4606312403318924,-2.54044807195973,10.097208674510057,2.3495897413754685,98.91,2.754049347833229,2.2604067417945264,0.0123205309327463,13.386262334220412,0.1688601855662174,6.24869912053392,6.39834370697386,8.5,39.6449704142012,2.949,64.036,90.74116633151392,5.808,1414.0,33.13401452179912,382.0,78130.56066653959,95.75931602915126,1.2319602877568023,0.716448639044901,0.1348034324945948,9.988273702839564,92.01,85.63544241457757,0.899255315256694,5.955361321151827,1.33231151103973,0.0,8.8581152,1.24566617956207,0.0394546378235747,19.6959653107286,7.43,6.04416666666666,6.01240274247921
Oman,,1042519042.912874,64.4,84.5,98.0,6.27511591962906,19.61973166674443,1.9119647859143631,4936102543.563069,7.59476361744698,-5703511053.315994,28717.0,0.0600240096038415,87.04563025210084,-10.477079327731092,0.0028291868766541,0.1541041843183994,1.2599459843018013,6.61,3.25657959078624,0.0,,0.0016863422605585,10.4072876,100.0,100.0,39.939175670268106,27.072824252901977,47.91678533214476,81.45520952509361,26.9,0.081,0.5362406266200321,11.7,27.8,34.5,75.161,542.2962099125365,27.7272809110294,99.0,14.1461512993307,,14.8419227960714,1.81,118.59780603269496,0.0,28.296645805131007,4.63669220918955,,,-3570871261.3784137,255656697.009103,48.3625,0.0150457304494815,,0.0,0.0,2.245320147333367,23617000000.0,63.273309323729485,127.0,164054.0,2757446.0,6.0,24237485045.51365,30.0,39011703.5110533,97.75467985266664,1504127915.950832,48.51134812247724,11.853376273184711,5.232796736038954,35.67319310385608,16.96554890457126,17.349899983743843,1.6613229118141473,1.8823853970297364,-0.232906393185388,4.131776624168765,9.096488396625755,34.60122209360353,87.47,4.663004846526656,0.1108239095315024,0.1237479806138933,8.90935702746365,0.0124390468571279,11.3302719623116,9.2158587936102,2.456,0.0,8.958,57.319,32.87594961767836,25.287,125.0,0.0096930533117932,1.4,507.7161982501199,0.0,0.7574497812761385,0.2413226595564575,0.8202620948135471,10.61117360329959,87.78,95.04177806851072,1.1758937827697,14.374991214333647,0.590241730213165,97.7079289673215,2.47588587,2.6751170964985,0.0015936912832177,36.8802810848359,0.88,0.3845,27.0629947348181
Pakistan,3.43,-733000000.0,103.3,110.3,90.0,11.5745352891747,37.80279767997271,1.0279110808042324,-1354000000.0,-0.6883242351181657,12561993862.3984,-431902.0,4.926042716613755,30.103763833820096,17.440379121617603,0.0018777272144161,1.885940191757444,1.2965304011930616,4.37,12.9388705634889,-0.2614849974571961,12.0,0.0,67.75833893,100.0,100.0,52.59959373574207,1.4964594036648933,62.62432847010101,62.54127844828096,28.1,0.12,2.1574766104086285,87.1,14.7,44.1,34.997,138.30472949982988,2.3179811700175,57.0,7.76796887644358,0.0,5.8606894790319,6.34,87.34365368714757,3.623495507713172,24.9732865211418,1.51,24.86,28.29,-3281998396.464858,-1975000000.0,66.03125,0.0838048487510589,0.0,0.0949511696372946,0.0932361417189354,35.16062044414308,16231641694700.0,20.96501978008755,140101.0,595615.0,199239047.0,10.0,40016000000.0,60.0,9690000000.0,27.41884217664011,693787298.450944,23.69735089197689,13.473193804403325,4.868134721840878,34.25255684130129,32.58870910266375,15.530118511442389,5.473841779567227,2.62740101757835,-0.9754747176548904,3.952331821063353,24.096035968473718,9.67033481508388,83.71,45.71658364466584,38.1252594437526,1.1052303860523038,258.4566300850976,0.1475112456244583,8.17988823843951,6.47192616277577,7.691,22.2222222222222,0.64,50.664,28.010321465343008,31.103,494.0,5.310463366542134,55.0,276.05030654458005,33.44232073232752,1.131749391034324,3.4319253152468234,0.6215573729109658,0.3126833172340184,90.1,64.40270648746123,1.3246936007281,10.588644262424497,-2.67593312263489,99.8182922055447,2.42967653,2.47081701538021,0.306991926555376,21.4180982458359,0.079,85.1938163257576,1.46522263465927
Palau,0.0,-5238251.30212301,72.2,93.0,84.0,,6.426029486182841,1.4269983285177623,-18678699.1384556,-9.926275340711031,35472100.0,-392.0,0.8956915849940668,60.050708306075805,,0.0,1.763785047360547,0.0031717239457369,12.59,1.44219017355169,0.4209844559585492,12.0,,17.69978714,,,77.15070548953815,,91.4514640366498,92.99957872253124,,,-4.4536219256334535,19.7,,22.7,74.817,,28.2706399609184,39.0,,0.0,10.1321475743405,,-5.896910735620409,0.0,29.70712430050594,,-0.099,-0.099,-2115600.0,-2685244.1157,33.325,0.0,0.0,,0.0,99.57901554404144,186058700.0,9.77131308579333,25.11,992.11,18396.0,1.0,145714870.675173,10.0,1685461.37022149,0.0,-34.9322700043485,4.210849270106645,2.405435838074594,0.0308200248933355,0.0007741411526324,0.28667649431344,0.2092231801022328,0.0001802094574523,-2.6911248722973085,0.7903176969639816,6.125558155967937,6.713744783155312,4.337686693243557,,9.347826086956522,0.6521739130434783,4.3478260869565215,39.99130434782609,0.0163078930202217,6.84097628848049,7.57725085512204,9.261,0.0,,,,,,88.17391304347827,,,0.4209844559585492,0.0002931214073074,0.0414481752140512,8.856388402236009,-5.361927817714786,,75.43951926997285,,-0.0645345108797954,1.45398449897766,,10.93099976,-1.68714418256042,0.0,,,1.0,
Panama,0.1472,230799999.9999971,77.4,97.8,75.0,9.68588201861697,9.06351995982928,8.432070387857872,-3121399999.999997,-10.3251596675923,137700000.0,4953.0,1.356223317650044,91.7071591671459,-3.825749928985501,0.2578655527800612,19.676774640325284,28.41826397351021,1.79,3.491288726188,2.909792767167818,11.0,0.0,31.44028473,96.217829998677,28.9473306850212,73.3921339940699,0.0520116573371703,72.57656388557636,61.00709600967789,11.5,0.43,0.958243472447034,18.6,13.2,23.4,65.14,63.75925047021393,4.34494515407515,97.0,12.3599771881362,0.0,6.24300248006432,3.94,111.94152710757876,0.0,9.25002729158328,2.83333333333334,-36.0561,-27.7848,-2311300000.0,-2406500000.0,65.48125,0.0653843256716674,8.1241,0.0,0.0,42.8958417987268,27919709500.0,18.77406210996692,6597.53,188676.53,3628535.0,9.0,21536500000.0,60.0,410000000.0,0.0,-1275797934.133408,7.648321848231532,1.0627624357737542,0.3598079020046358,0.0586706910631857,10.31677446403183,0.050233255187376,0.0789847171517652,5.698335651512679,4.1979720486742735,7.125920602506056,9.146726623455704,6.324728811080087,84.66,30.486817325800374,7.652542372881356,2.535647027172451,48.809994619316655,0.1567822826567747,8.15823167336232,7.57912702911165,4.609,8.45070422535211,7.618,61.086,59.27923510664379,20.888,2928.0,58.218859295130486,136.6,37646.04723393876,59.715969118244615,0.7413949219698379,0.1386018294931918,0.236424403471047,-5.0301493698688375,94.39,74.13800719365288,3.21284372923321,2.550703679627148,-0.116048209369183,0.0,7.22332573,1.78385792968885,0.169336064951859,18.7040820942547,6.51,1.0,0.0
Papua New Guinea,-0.14741,-882542222.292058,149.5,55.0,50.0,2.70831027996016,89.00658049255713,0.2497498085299392,-642495510.094012,-4.50849152932172,189902231.976388,50106.0,0.0245721974921493,65.02097190466327,1.876010701743339,0.0,0.0811829199271958,0.1755946646464531,6.51,6.01360893567856,11.922675314097088,,4.18545892009617,12.28368187,100.0,45.3708068637822,44.144000203013626,19.54109664415278,83.0114088221446,78.74618014711791,29.5,0.54,3.0406814048464543,58.8,17.1,25.3,13.019,109.48333333333332,0.371287869748991,63.0,7.12684903103622,1.71928,7.69176453917104,1.71,60.803364982535534,0.0,61.28876335435835,6.9,-6.84947,0.296239999999999,-1068327220.2270148,-28529689.7772553,55.44375,19.3279074981138,5.57384,0.0,0.0,48.73182248270667,37498481143.0439,33.16880985793415,1688.0,228049.95,7633523.0,7.0,6290299382.24252,30.0,3501731.44591101,9.357230127598593,-1198187869.65962,2.2985748664263284,2.0429644883289777,0.5428617146434215,0.0293941507401632,1.599299997658303,0.0872901578543604,0.063410031071146,12.428761964351835,6.852310148313848,12.00990154513444,19.654519855223796,14.690016311429066,90.16,2.797774146535353,0.662456388287771,1.7157620456653269,16.856253588305435,0.0393003335419307,8.81195305548201,7.82667365653422,7.285,0.917431192660551,1.269,47.375,97.34133790737565,35.503,3142.0,79.88977896038509,801.0,104931.89055695516,41.91094738969473,0.0527346862230839,0.0340118933670445,0.2589349088867777,2.8142787517353867,86.41,89.21480248480954,3.01110696268719,9.917161123419802,-0.808443784713745,0.0,2.10756016,3.01998467654888,3.87169100008406,7.5357300213575,1.4,2.71929416666667,4.47661217854251
Paraguay,-2.46173,376302318.5202914,83.4,85.6,70.0,10.3121631920722,16.244937845108367,2.681207122231987,-308555718.2644688,-1.131862382161256,467484999.9948263,-26169.0,1.5035644619443431,60.66567225352368,-4.17352134154813,2.220534035792629,48.02987633051305,41.1341464195261,3.12,4.65116279069765,0.0029778418969407,9.0,2.04440052656105,53.92941666,100.0,37.1388821973607,45.34902176654053,2.1622094060018977,39.79510551596925,19.498724189200644,18.0,0.18,0.3776814396609679,25.9,24.9,19.6,59.261,90.46579420007504,2.58135547612296,93.0,12.6445081776989,0.0,9.20473563891197,4.15,74.98017274942681,0.0,5.952448436713368,3.79,-19.8192,46.63979,-1439902670.8208833,-528612579.0260117,68.36875,0.0,68.92072,0.0,0.0,0.0018495912403358,122274279530600.0,34.60391551097453,2957.42,20757.42,5737971.0,9.0,10706750616.7451,50.0,409885000.0,0.0,319329135.9569825,10.433565132115758,1.8800748290703135,0.5970363782225677,0.1449828629251589,37.14659535548063,2.44347367217919,1.108445075093313,8.485160580295513,9.803147314362178,3.88704595347879,36.20833922512454,1.6852461057372097,76.73,39.84251925497105,9.467570853259502,0.2084747042537126,14.442413793103448,0.6927535883328794,8.53153620571786,6.81822214874163,5.211,12.5,6.049,64.643,64.36294795092411,19.5,1130.0,49.2580166121319,117.0,20390.482977345127,,0.2404148303155062,3.1101614860661755,0.1752730584151913,41.766955412580415,82.05,84.60301330886968,5.25841212844526,4.655701382503423,-0.834862232208252,0.0,5.46593952,1.16985801191993,1.93905632440049,18.2455865477889,6.37,4758.43012878788,0.117808879440848
Peru,-0.0117981453802495,1674238762.283348,71.0,83.6,68.0,10.1480267659454,1.4619893578780818,5.730877328375347,-3564433461.29145,-2.416112442495635,3373302066.2802534,-181302.0,1.7175839408360114,44.752972253013546,-6.842393036795247,0.3218914171918418,10.721904314849256,26.084432989963545,2.46,1.52832059732901,0.6925606018389523,12.0,0.250535748083646,39.51519012,100.0,99.7906437133979,48.943577488579216,6.542425566207949,69.37024639767138,48.4497305515377,9.7,1.4,-0.1460225802946364,20.4,13.2,19.2,76.43,93.13769136761856,0.28619533892356,94.0,11.0473314769541,0.0,4.79969572854732,1.09,71.79362576923421,0.0,27.831824860037244,2.44,19.69568,92.4482,-10835980708.818192,-8018357085.08587,66.13125,10.0296551530023,72.7643181453802,0.0028732169644857,2.3711340206185567,5.842853162440791,386171000000.001,35.77200660294061,89021.0,4394996.0,29086019.0,10.0,34441341927.09944,50.0,2533910907.29577,34.06519921983839,10970197408.39252,18.4277792902238,0.6467477576282283,1.7572119529706904,0.2957788794473442,25.14394504130691,0.3210134612301457,0.7157853200827246,8.597610595464133,7.6277436246787005,7.766661275291327,19.41369421967677,16.629475330880787,81.05,18.644273125,3.06747625,1.0211718749999998,22.72345234375,0.166963378522169,8.30255532080201,7.4943844300046,6.733,27.5,4.167,76.388,83.2310483917571,15.191,1738.0,57.85140625,1641.0,56418.85883386104,56.53541376427974,0.744701245078672,0.1631291106062113,0.3050016091927028,0.9781432590348516,85.24,109.0826290760336,5.57659493267544,5.710728594075221,-0.999915421009064,25.9779106455966,4.71338701,0.652636898148331,0.232133768026625,17.0279712736507,7.54,2.825125,0.480650156268263
Philippines,0.0,-3515428209.955992,79.5,88.8,90.0,10.5937386275987,76.50435703200556,0.5136980495176634,7179160967.11621,3.445409177227181,16719702430.06022,13556.0,10.34541841135857,52.77467204293029,12.005047886182725,0.0021824030835559,0.9356076909673464,1.1053183156375874,3.13,3.78983634797591,14.859658705086948,10.0,0.0,54.84585953,99.9999999999859,87.0084886716954,53.91157890191788,1.161082383948286,77.88020439314717,69.38160144379204,25.0,0.19,2.1193183635154518,29.6,11.5,20.3,45.332,151.43547169811322,0.224206214299477,87.0,7.76782005110682,0.0,9.89032615317717,2.85,60.45367581370713,0.0,15.353837912084728,1.84,-2.4563,0.3191,23378553136.64052,1641779591.939986,69.8125,1.32760197579069,2.7754,0.141497292534211,34.39668152696997,10.482418588172774,10454049434900.0,32.33955604566039,2545967.0,5048839.0,96337125.0,9.0,65648068547.9856,60.0,21556633835.6025,28.81225827403974,17527615875.96568,2.7017491146770536,1.057554761570381,1.3834301696861069,7.965087926951461,3.063506123329107,0.9256115841956274,0.3405751332924986,7.553215154685702,5.158694302764673,9.823582522283658,27.552710029795296,19.40763360180096,88.99,40.58087668108797,17.77509474460878,17.77509474460878,323.09462722607907,0.0550151356499376,8.17386790429358,6.98448016100029,5.482,22.1428571428571,3.787,59.219,64.0195308862073,25.323,2348.0,22.93899453331992,479.0,4972.122637041535,26.3783620206076,0.1338136975310791,0.1347808695474801,0.3715538299656755,1.3237302709073049,92.49,84.04477452859587,3.86741936165269,4.370884364448884,-1.65075957775116,0.0751524256426772,4.13107872,2.04795425200975,0.338700074143757,15.4651914591153,6.12,45.1096641800896,0.29022023809553
Poland,0.31638310071436,-13019000000.0,84.0,73.0,67.0,16.1772032169144,46.22331217541835,3.94489462074706,-24702000000.0,-5.166575840183123,2913474612.8080125,119623.0,1.613012423265009,70.64730877119968,8.625741338050151,0.0120030667344527,0.5224208182723211,0.6845427046654933,4.65,2.58069370250543,5.191174511756535,10.0,0.0,23.7143631,100.0,98.4049698996647,55.32979572018174,1.190790831834411,90.33083885715082,89.4112279642106,20.6,0.88,0.0011897010204226,6.0,12.0,19.4,60.892,180.47834518422755,1.66538508340782,98.0,6.03720414903758,4.53353091656666,11.7917997229835,18.66,-18.68965257706249,0.0,46.83009298393914,4.99,-35.2605143263863,-33.87033780916,-15862434915.26548,-9223000000.0,44.49375,3.17198497662298,0.37153693524796,0.880482208360642,87.77472614600049,1.8343619376240825,1393820000000.0,29.697499393056564,30751.0,220473.0,38042794.0,10.0,202496000000.0,60.0,7712000000.0,3.043315552116303,15109369316.4997,3.640142482305228,0.2789515812958705,0.4656116581173209,0.2283896248638208,7.896561436503376,0.9028904112185666,0.687317119879716,0.4663910099839512,3.4640085386787263,8.304764387455137,6.186706479629061,1.507212474855102,94.55,47.17578686169518,35.35653650254669,1.2733446519524618,124.20920073135692,0.2846531198523431,8.22212251995537,7.63681982758883,9.9,20.0,9.87,50.47,75.13907718199243,12.591,600.0,30.4590570719603,53.6,1408.9396273049765,7.403572312044501,2.6802075325515795,6.01448141187126,0.8010177650338474,0.0719624441050825,88.29,93.01272583643386,3.78669078780968,1.5792173317416882,1.01733005046844,12.3100327417112,6.46800566,-0.285609121534849,0.169082284704217,30.3034291177063,11.3,3.0153,0.218675983627503
Portugal,-2.23887303291182,145923359.3073422,102.7,82.3,74.0,15.9434834098303,28.1768298547064,3.7737681956961526,-24467114621.06772,-10.261163407061751,1119122284.2000022,-5627.0,0.216779155963816,53.32701682369437,13.837958094499662,0.2447238635261748,2.705170413398523,2.7433540684100755,2.92,1.40257289895369,22.56590867073396,12.0,0.105534490278056,24.70817566,53.0097361554458,2.61979578415894,65.9900107723019,0.1754027218309869,84.93517440055889,83.687202176807,12.4,0.17,-1.4716718194121847,3.8,11.2,11.4,60.567,148.9573620781303,7.20677134659702,96.0,4.2520392743071,0.0,17.5369017436896,13.58,16.781700333737206,0.0,38.3479844738654,5.45,-5.78518287457251,-7.58736162255597,-7637181944.750014,-12464457537.95097,44.94375,0.0831733856715242,0.973145392297554,0.0,13.126271029765208,5.561101867258273,174099557000.0,19.933531098246327,8224.58,231770.58,10573100.0,8.0,89499906436.21906,60.0,516896597.979797,27.546681456831205,1317112723.541066,13.755576843062272,0.2303300181144159,0.8855784083207658,3.301589851949802,13.716003517251488,2.921388312835867,7.557486786536673,1.5571599275776578,1.6909274671632772,1.6184964520593326,3.310981976854804,0.8026809097067704,101.9,39.89704116169888,12.529424609673544,7.795610874549623,115.43945845616334,0.1085367583773916,6.19699629193769,7.33051770435751,10.0,27.3913043478261,11.864,54.609,83.0927436156914,11.438,854.0,35.50605961349492,38.0,3594.026349887923,53.15566648178961,2.3520704424153336,0.869560451295379,0.2563706857205495,0.5374471970284418,93.19,87.4865620883419,7.24455530195121,0.7821358530555358,0.717686951160431,0.0,10.03250504,0.0459100367184907,0.10217667363899,27.258646297042,11.4,0.754308990105961,0.0267203740539444
Qatar,,,69.6,70.0,87.0,5.28278516584869,,3.732611559348516,,,-11363186813.186785,90620.0,0.0,78.48640491673507,12.26188564526147,0.0012486846189727,0.4461598978099558,2.42059041356492,6.26,-2.42525675161714,0.0,9.0,0.000117881949436,18.7262249,100.0,100.0,,14.071589328651635,79.27812304594018,75.90740455566484,20.0,0.93,-9.951743415565312,9.1,15.9,25.8,98.501,300.0652315720809,82.4923407530842,99.0,25.823875550496,,17.4753689547599,9.47,256.6280918795128,0.0,,2.05736622603152,,,-12943734917.582417,,33.88125,0.0,,0.0,0.0,0.0,408330000000.0,,36.0,13796.0,1616832.0,8.0,,40.0,0.0,100.0,,19.464489337247112,9.058162937089678,3.8744160146886655,18.72076356228856,21.71521190077634,9.264402894238325,0.5850434049991621,,19.00584660725588,25.49406258594975,13.401989137415583,8.305372796550508,61.24,5.8656330749354,1.3204134366925064,0.2385874246339362,139.26201550387597,0.0094815045719035,14.1235651023352,12.9827991083668,1.188,0.0,2.699,86.169,52.96651715865234,9.355,74.0,0.0,0.056,34.63563313937379,0.0,1.561434374937278,1.0697503007978084,0.6174256179469872,19.477922003046277,82.6,97.00279158811864,0.396756562410312,6.979329893911498,1.15385591983795,100.0,1.87017763,0.491609879237911,0.0001056872197381,56.3535454204263,1.17,3.64,14.0714714467022
Romania,-4.30503422586745,670942779.3197062,82.5,76.6,84.0,19.886100112983,62.49482104170018,1.889718591396865,-8478450856.719014,-4.985436879172789,3461552817.898612,-122364.0,0.3771434824579796,65.67396374300927,6.77874466678077,0.0089217155647814,0.4863500737068618,0.9626749109000948,3.52,6.09141668601891,0.6844487446497974,10.0,0.0,19.63123703,100.0,69.2836759242553,45.99619759551113,1.0765263249105044,81.11109606672552,81.91877719296917,23.1,2.53,-0.8772850729202636,12.4,12.0,20.9,53.829,52.54624972665646,0.76842822234455,95.0,4.43558809207205,0.228391354503252,17.6032613332311,13.2,-51.34583855903605,19.06066022729136,54.10034628644832,3.18,-32.3119831410903,-37.4847933244274,-826639478.9011611,-2978138616.075641,53.94375,0.136427208896023,1.33020869852474,0.241667876490204,34.014988766624576,1.1348169041801277,537820522400.0,38.3073286489437,8981.32,11669.32,20246871.0,10.0,64483249367.47833,60.0,641386614.54328,11.90901785860706,-1155824208.054103,6.357068034083781,0.6513803704437733,1.1774688480292352,0.4817572022115223,9.021550833441188,3.879857269953492,1.02274784202226,-4.506104870490233,-3.333352913550541,-4.553784929409957,6.172043031216114,1.1183345698827996,103.01,61.53444903281895,39.75657465768311,2.0126059552271243,88.01074114322974,0.4517241207295685,6.23491241833622,7.5219766640365,12.8,11.377245508982,6.175,46.893,70.80671195103906,16.605,637.0,28.3199304499022,42.38,2093.1629386091317,33.88112300956067,9.050750258024864,12.528901163293412,0.5372903349673384,-14.22834564741902,88.0,163.87297503976694,1.32218857786439,5.932111859899436,0.273600399494171,0.0,5.63998747,-0.593959183588628,0.200485409548519,28.315071730861,17.62,3.1779,1.06156215614756
Russian Federation,-96.7758425080621,-9133120000.0,116.7,92.2,66.0,17.818680984773,48.22654197630428,2.8308286983174997,67452200000.0,4.423336653509901,-6318096879.551988,307555.0,0.3442824088415211,42.57701378167728,-7.166496535452621,0.0038033085706101,0.925057876872894,3.376558564190886,8.42,6.84939230255025,0.1940502682966773,9.0,0.0,35.32572556,96.2900289047848,84.0671860788674,53.12021223918843,6.995711686122585,72.54173121022315,60.2223813174015,30.9,5.93,-0.1259742106009318,10.4,20.5,19.9,73.687,15.724502462001333,7.81982303355397,98.0,9.43032872256677,115.843880561195,10.4550821020095,35.78,-28.1319996331013,16.417155573538338,42.28646234561925,3.5541988208528,-768.443286452007,-731.298309403992,-47104676732.004814,9448500000.0,53.1375,1.1393877427442,1.21455253622076,0.880991448539494,16.00088629423042,0.8970838993092685,44878070371000.0,29.999588218511963,120998.0,4196794.0,142849468.0,9.0,320958410000.0,60.0,5250020000.0,50.14585320270128,36749220491.41178,13.579635867887683,1.925331446998974,1.3428427175288438,0.4539351773439602,26.33749166749102,2.2695726113948584,0.2071780950658229,3.86489658331908,4.453096398347569,6.6115367528601325,20.4888160191484,7.690574200510364,89.46,13.158436257966263,7.428098287401682,0.109483680336963,8.722635521928183,0.8515887507540455,7.6615784014724,7.23643321394358,14.2,14.0,6.875,58.038,79.39714856083023,14.53,460.0,49.77358921454466,4312.0,30185.6216923398,16.416799129119582,13.436323706536871,13.841379960628572,1.3967361839464023,-11.980949060995556,61.74,59.08193904080528,1.27275963987183,14.191109568820709,-0.929458737373352,1.64235535273383,4.97111797,0.0448964884428055,0.278195147392975,27.7436643511458,13.76,30.3679153383059,6.61545525506961
Rwanda,0.0,-29170932.0973791,56.0,42.9,82.0,1.76474403421837,5.061270154278489,3.529814636338076,-399142437.739802,-6.516870143258371,580758678.5402728,-29501.0,1.7383854256865443,28.213365813262705,-3.811353195079832,2.2745580188981524e-05,0.0006398108852317,0.2438237296279911,5.56,-0.246128693436934,28.68292682926829,6.0,5.65813656747789,11.09119892,100.0,100.0,49.87929679902383,5.821035606682109,54.52901277651103,41.042032148695945,21.2,1.41,2.518839324592092,63.3,34.0,14.4,16.934,0.0793918918918918,4.24325864762117,95.0,10.9953026937433,0.0,11.4728665861395,7.62,2.8537071270886782,0.0,3.2379177482750947,4.18,-5.974,-5.974,-51266180.20070622,-216192556.81734,46.11875,0.575061114877617,0.0,0.0,0.0,57.14285714285714,3541639966200.0,16.328981915635005,100.3,13100.3,10317553.0,8.0,1643831659.11349,50.0,106471877.034049,3.1358885017421603,72094715.01791915,7.688594911523213,0.1844721405450911,7.170938838446747,10.26382132336986,25.13507763132993,0.9618627767353382,37.78239231196576,9.19066009376104,4.659797963651414,8.399650934938265,13.545469698641613,7.359990373512056,84.3,77.90839075800568,47.99351438994731,12.484799351438996,418.2226591001216,0.1147558922159159,8.85477824440743,6.49516154638805,7.347,56.25,12.442,54.002,78.97315133807219,26.179,1212.0,10.741791649777058,9.5,920.7609595027036,67.70731707317074,1.3066352312496925,0.0696644086521442,0.1213165283256152,5.129023882065226,99.14,72.55948167484824,1.12291541605656,3.187174318950284,-0.272093862295151,100.0,8.08192921,2.52365134392041,5.91081498596813,5.72615799483486,1.25,583.130906583333,0.0
Samoa,0.0,19245768.53575683,80.4,120.5,86.0,8.29796640141468,23.00493325097121,0.0494567694984384,-61554760.82857762,-9.048698842052396,134691170.68155748,-3197.0,20.36053672716932,55.8609198329228,-6.141317733776135,0.0,,,4.27,0.777007268777692,0.5638088419545374,8.0,0.422948171779609,12.63165283,100.0,0.0,68.08488318289172,0.422948171779609,99.47629690394542,83.21667094326108,31.0,0.33,1.063534775053811,19.3,12.9,18.8,20.078,1.3333333333333333,2.75333415757758,56.0,8.0516641310621,0.0,9.05487333021285,11.43,58.781725888324885,0.0,25.190588839419405,4.24,-0.757,-0.757,-19869719.8041896,-336435.068839132,55.4,0.0,0.0,0.0,0.0,63.75514587435117,1675915000.0,14.77778184547235,5.0,12845.0,193023.0,4.0,389329542.3183951,40.0,138504771.841662,0.0,24328650.57824836,0.0033106451713942,0.0033106451713942,0.0660852692550062,,0.0660852692550062,,,6.079530408873254,5.294516645888251,-29.437818515142663,16.71724378748392,0.5203924508831758,99.88,14.664310954063604,4.240282685512367,8.303886925795052,68.2060070671378,0.0621687570911238,6.88453644333423,6.18924122130117,5.781,8.16326530612245,6.605,51.917,61.20360965125352,27.816,2880.0,58.830388692579504,,,36.24485412564883,,,0.3339863051173719,2.495143219463742,122.45,93.7216155644129,2.80758631869023,-5.145943466257734,0.765691876411438,0.0,5.15268326,0.785366135493998,0.410594291707161,14.5388231479981,2.59,2.48465658452338,0.0
San Marino,0.0,,,,,,,,,,,592.0,0.0,,,0.0,0.2156237649989362,0.0090844949448911,,2.58541815582587,,10.0,,13.73352718,,,,,99.27364534247862,99.63347461029647,,,-4.687281154611959,2.7,,11.8,95.74,98.54,14.3336591723688,88.0,,0.0,,,,,,3.60142216505669,-0.01048,-0.01048,,,16.5625,0.0,0.0,,,,,,,,33270.0,,,0.0,0.0,,,0.2324748942566392,,,0.0140494793517696,0.0181968244204445,20.71933144781964,0.0018444613147146,,-6.053286507522188,,0.0038098513843951,0.0150066679429883,,16.666666666666664,16.666666666666664,,554.5,0.0300571085061617,5.27557568893922,7.04353844217944,6.5,16.6666666666667,,,,,,16.666666666666664,,,,0.3483285652830633,0.4938797632647267,,,,105.34521158129176,,1.4303557455005065,1.45398449897766,,6.20853519,0.615052590123215,0.0,,,0.754308990105979,
Sao Tome and Principe,0.0,-9940881.69194764,74.4,83.5,76.0,20.1144141383185,10.126599219426597,26.62860880782354,-87575752.5788836,-46.08736079987816,8997324.382916732,-1529.0,3.348709357539358,64.72962220083588,-1.7125432738035018,0.0,0.4265355144325608,0.6898832864015347,4.63,13.34005235378,0.0,6.0,3.96251804877902,25.69589424,100.0,100.0,58.87770250626731,3.96251804877902,92.87027469504422,72.79344400027406,19.9,0.48,-0.9745508959695688,36.3,26.6,42.5,64.952,30.0,1.58005617977528,92.0,10.2280339963949,0.0,4.95654938832552,0.85,138.51761846901582,0.0,1.4822456279461562,7.66,-0.38,-0.38,-369069.01156038645,-50544775.6004341,46.1375,0.0,0.0,0.0,0.0,8.372662122006643,3522604900.0,14.68927299613179,,,181802.0,5.0,120518408.533372,30.0,6363257.45420498,0.0,13297893.9919427,0.4265355144325608,,0.3008733021153567,1.4037692954838767,4.0580883500936205,0.079912505535501,6.703189790523223,-5.826019889844346,-0.7551506153580192,-4.813350961243046,2.824285324368555,,104.8,34.375,6.25,27.08333333333333,189.37708333333333,0.0330029372614162,8.50800398829807,6.81790789661104,7.67,18.1818181818182,19.253,20.547,89.71126954740615,50.877,3200.0,60.520833333333336,2.18,11991.067204981244,91.62733787799336,0.0554025108418632,,0.5616480944486318,1.1208593099089228,103.33,121.89056889542508,9.47057193014876,6.965324124465127,0.115442857146263,0.0,5.80827904,2.1960816383463,3.97441398723173,21.1124457174536,5.92,18.498601323751,0.0
Saudi Arabia,0.0,-17702625870.38341,59.3,91.4,61.0,1.59962785798163,3.496415221205268,0.9236700923674372,74414826541.79839,14.088181488876792,-27920885333.33333,504955.0,0.044770287230573,67.77753488780671,-40.9188161924254,0.0112732781989898,0.8018044354683463,4.01423041714893,6.7,5.33941623014106,0.0017036626664611,9.0,0.0012284797532347,18.94513893,100.0,100.0,38.60886984811019,10.900996352470242,59.80753572580208,66.91803953005842,15.9,0.6,-2.19640241613446,12.2,24.8,19.9,82.084,68.8665664458924,30.0098320982069,98.0,17.7845730701819,0.0,8.63838819343631,1.38,154.98838877255824,0.0,28.30604023633731,7.1861867,-8.9026,-8.9026,14707744400.0,-972045728.5850296,41.08125,0.0473655346027749,0.0,0.0,0.0,53.85823360589159,2035932041500.0,58.03144017148817,26374.0,91519.0,23978487.0,7.0,174203205866.6667,20.0,236480000.0,46.140100220351485,35255353155.80044,36.48813233772334,12.032188688170324,4.231805668344767,9.239983897570072,29.70150948911577,13.154022282309938,3.747402250864439,8.744670300059425,6.087203608475193,2.8753961867059843,16.74169580122465,18.95386359439919,93.34,80.82097507082416,1.634673790174397,0.1051314375561127,11.154392958984785,0.1326188762451942,10.2683435035584,7.91824275517099,2.668,0.0,18.743,48.572,25.165600730927363,24.993,59.0,0.4544841349217794,2.4,100.08971792090134,0.0017036626664611,3.1625309276222797,0.952873368821041,0.930114009390857,10.03303943226912,121.65,71.54278853829034,1.09155608424297,17.191327150290036,-0.226726979017258,100.0,3.64786696,-0.992481797243179,0.0012448621471839,23.6388255827167,0.0,3.75,10.8808212673557
Senegal,0.0,-3920821.537590637,80.1,81.8,82.0,10.3887993753536,45.182645447880255,1.687783367010585,-589477328.798485,-3.656508762207365,1551230600.164074,-69888.0,9.174932295776271,43.0672039376843,2.7309107480361683,0.0,0.1450621154955312,5.300539021860734,4.68,1.22868119673344,1.388816644993498,11.0,0.0,48.67733765,100.0,100.0,52.427062117161526,0.3849541618636753,28.699318493421465,54.201010961857335,23.0,1.14,1.65329592570936,63.0,25.8,51.5,43.773,8.610220994475139,1.97650791773982,81.0,10.4673398923678,0.0,9.83441943705356,6.8,95.1422337077296,0.0,23.852694408468977,5.19,-12.8,-12.8,-150123002.03271154,-264129982.8596497,59.91875,0.898923439831742,0.0,0.0,0.0,91.87256176853056,7902454607700.0,21.77617630556788,79.6,409794.59,12635413.0,11.0,5206325530.992648,30.0,1479119819.84591,2.7308192457737324,-529814440.6880265,16.080333454066267,11.58153706791839,3.192886391239284,4.523659980819468,30.549299619742527,7.812866391012887,55.21927079338744,3.627511817609786,0.9522696072259436,1.5571138621256893,14.630052303579014,1.4293788818313236,75.46,48.18989248428816,18.80226458214304,0.3012517529735625,65.62828130680933,0.2864963733278841,8.04635887050498,6.60426890259788,7.739,22.6666666666667,3.028,46.644,53.33470792558169,30.079,686.0,43.983586973458685,25.8,2041.8802297954169,1.388816644993498,4.400523040377236,0.1264132108987488,0.4787112813408896,4.757389044967567,106.5,93.55855506466536,0.583598623372595,1.604415790199326,-0.417924970388412,45.6400960535675,4.02764368,2.38690195279185,2.06764724818358,17.1452443726744,0.41,494.794262222947,0.0005442325311063
Serbia,0.0,625992946.5105273,80.2,71.0,88.0,16.1352874414368,53.08919511189561,3.889254516659891,-2692243535.851349,-6.183858473365392,4461060709.723153,3632.0,9.457430601861784,60.93719350188914,1.939794523982668,0.000324672039133,0.120860521106518,1.0956704357895033,6.19,6.14255360247248,0.0099992126604204,8.0,0.118056018090566,36.40253448,100.0,99.989260556772,52.64117363601406,0.872516807170135,67.95011551612812,77.3926806474277,24.5,0.61,-0.891839196187777,7.6,9.0,20.5,54.993,127.86509060769318,9.11868644888214,95.0,3.48539782960686,0.0,14.0912009596044,18.59,,0.0,41.005856777274346,4.58,-16.55811,-16.55811,-876600798.4160333,-1500637749.946525,59.825,0.366597837488056,0.0,1.20333406740157,65.85833136498438,0.2913156444374459,3315917084200.0,25.30236586333736,8195.33,13002.33,7291436.0,8.0,18862266516.02072,60.0,4117446496.11431,0.8582001417211244,-1676025969.119902,2.9574358964037386,0.4528722739495439,0.8392749498473285,1.3143196875775651,12.062848223900462,1.405810956031767,0.6604281194566941,1.63157894693326,2.0202769299133934,0.4521130406571956,8.514054560864993,0.1936870927166288,102.18,40.26526412074091,30.348730848387834,2.173565058312372,83.36880859821633,0.364029801537036,6.60471573600329,6.74910711441279,14.2,21.6,20.206,40.118,71.51019570275078,21.204,,31.01989480905557,8.407,1152.9964742198931,33.002152061517464,10.54414645663272,29.092146267435385,,10.972108323774547,99.65,63.27901547809054,3.61886937420581,4.950308957132862,-0.421741664409637,13.4589879659774,9.5273037,-0.402005900874718,0.344115143446052,25.5963514219013,9.93,77.7228416666667,0.586738927569351
Seychelles,0.0,74814515.2134092,100.2,114.6,76.0,,7.884348605413365,16.27879809573661,-214390209.2155644,-21.8405252938197,4739977.777146159,740.0,1.7702381502468585,140.99191897449768,21.60547350254623,0.0020055749300598,0.0306454219039358,0.5011274518751432,3.44,-2.40463875108227,0.0,10.0,0.155648310396025,35.97537231,100.0,100.0,61.5630454862737,0.155648310396025,97.04463275845085,82.6304998846595,21.5,0.51,2.0085789846506,14.1,14.2,21.5,53.336,32.22222222222222,12.268884090201,99.0,8.29153799497653,0.0,11.1303192675284,7.3,213.4700315457413,0.0,29.91394796922233,3.62600000000004,-0.824838,-0.824838,-54179844.68861944,-153643867.4849999,51.18125,0.0,0.0,0.0,0.0,100.0,11195718300.0,19.613491235485423,0.0,87111.0,89770.0,3.0,1047720081.34181,20.0,17376950.5214324,0.0,302312102.5041893,1.88847109619988,0.8862959302079605,2.406180947138453,48.46407146710123,7.584466079980223,38.92027010035137,1.0663165704468338,4.8660491663518,1.6273701359067303,0.375025327976715,4.233789394649598,0.0883320342871469,112.88,5.217391304347826,1.956521739130435,3.260869565217391,195.15217391304347,0.010025621031525,7.91825884698455,8.21841944952096,7.4,23.5294117647059,,,,,2330.0,73.26086956521739,,,0.0,0.2533626040820997,0.0610509234152931,0.8330106832471149,-6.973398196096127,93.26,79.68357228463196,,-2.1197104463201555,0.856766223907471,0.0,5.35168219,2.79232906929128,0.146953956678162,,7.77,12.06775664095,0.0
Sierra Leone,,11476271.69876415,46.7,51.8,86.0,1.97379669082216,8.111776878993368,5.592659182712513,-585297612.8007638,-13.730336716260243,179326822.1635173,7983.0,1.037311681822588,26.062645324606425,5.256261302229409,0.0,0.7117359589999565,3.170638955201313,6.6,7.18566275668163,0.076188243567954,9.0,8.3883251232102,56.25852203,100.0,100.0,46.2373485831068,8.584829594219412,47.23154666462517,46.78703023170736,26.8,1.2,2.08569473884904,158.7,30.0,47.1,38.856,9.887071463825157,1.68721699225506,82.0,6.62290860393066,,5.56012030455827,5.96,41.27051218299352,0.0,42.97578793952649,2.5,,,-49108629.34872968,-238437480.8652514,53.1625,0.788592224098939,,0.0,0.0,12.600363359315478,16762454600.0,20.265099632835916,75.0,200075.0,6222714.0,8.0,1132383202.681348,20.0,44218584.2669176,0.0,-319231370.0102394,5.684328788138592,0.2206835813368724,4.646583915910782,8.700910257712225,26.142270820861945,4.4971164116944085,28.94010161590596,7.014921076722629,3.5002192188052987,12.165458468368342,12.689400871717964,4.073380856330625,92.48,54.45247991133277,21.894984760321417,2.078137988362428,86.21105569409809,0.253969570190756,7.5057895345637,6.31881329498905,14.152,13.2231404958678,3.398,58.03,98.48482371978228,31.717,2526.0,37.8520365752286,160.0,25712.253527962235,87.39963664068452,3.7283880935900062,0.4945067639656304,0.1269207478827705,3.406909236758466,102.26,45.69572634508287,2.60441984909616,19.12311800410573,-0.236645370721817,0.0,9.12688351,2.72150859888002,9.74027401636415,5.34901693097185,0.31,3.97808666666667,0.0
Singapore,0.0,4446104106.441101,88.0,87.9,81.0,15.2644055594089,32.67373513321864,23.06947167708028,54995996846.37071,22.9333472183785,-5512105539.534788,72571.0,0.0,276.3285852148189,-15.246952337466409,0.8808828435212489,0.8951465573004388,1.1082555094327236,2.55,2.82884527612958,3.277389729659811,6.0,0.0004581664099106,41.51569366,100.0,99.9999999999668,67.84351708253806,0.0331880645125181,50.74639606289494,58.394569078309566,11.0,0.022,,2.8,5.1,12.8,100.0,126.71875,42.6227726497604,95.0,5.21569126450007,0.0,13.7660604866586,9.38,71.97263918142687,0.0,46.9762661362422,2.94,-0.23923,-0.23923,-2591037236.3051777,-19915243153.38501,35.3,0.0,0.0,0.0,0.0,20.21299530030613,323447200000.0,26.635871724303712,3498.87,5230.87,5076732.0,8.0,411718055750.7909,60.0,0.0,77.24528952701246,42353145435.02958,8.250312937634071,5.084230995603956,3.0662026674436147,8.801970884165417,5.7062087279920615,1.8427073328921104,1.705874475654465,11.415278462245157,12.508521549855216,24.07642535907273,35.01833935017713,40.99564605865014,73.88,1.0541310541310542,0.9116809116809116,0.1424501424501424,7231.811965811966,0.0001260653507019,9.97677884747679,9.46754809025118,4.4,23.4042553191489,4.418,64.595,74.41739289017417,7.781,2497.0,25.27122507122507,0.6,118.18626628311284,3.277389729659811,0.4382483477436454,0.1222837966294696,0.197537303762857,2.7586206896551744,86.89,96.09410977789156,5.31837674522332,1.1078087134461612,1.16941487789154,0.0,3.1982615,1.77183287926401,0.0004532160899689,21.6334537417275,1.92,1.36350833333333,0.0327298981026075
Slovak Republic,-1.27401038233333,-358082875.3176919,76.0,72.7,88.0,21.1001599366137,33.55277447143595,2.3222289337054467,-4209659221.636521,-4.6203044518302,-1148709628.7666688,-1814.0,1.7460790440467198,145.50417730723407,15.228850820273374,0.0001603649546438,0.5523078512949096,0.1450415160715401,5.26,0.957018132975143,2.458683322564434,10.0,0.0,22.8006134,100.0,99.9103802712244,59.18358800816952,0.0321722518995709,92.76827181344794,92.32408030885225,20.6,0.61,0.701930502858261,6.9,9.0,21.3,54.685,85.0639367816092,2.70615525062809,98.0,5.30436121699577,0.0,18.5548701295117,13.74,-33.767217594241586,52.31531337497308,37.4140087994798,3.71,-2.84210791142884,-5.2678744978188,-1959796342.600004,-876088379.9576987,44.6625,0.0162687596176801,0.182841004939987,0.0468397922200368,14.645703209132028,2.1537798836958864,67248430000.0,29.95665499658197,702.4,2310.4,5391428.0,10.0,69000279237.0048,60.0,1590890346.32034,7.918730705721876,36663788.86356474,3.390362072406411,0.2237700292549253,0.264224145676584,0.2553970355119643,5.577326631131176,0.5710858798459966,0.1914383232496962,6.414624026507184,6.691108446136539,9.85802640881343,4.889857264290852,2.0847904339154923,126.29,40.43791977708927,28.94512486743881,0.5281653531845876,112.10887692083756,0.2581876267289482,7.77962565793847,8.15215034959982,9.9,15.3333333333333,14.599,50.371,74.62984012636365,14.569,824.0,39.88085088686032,12.6,2337.0431729775487,22.736520927561205,2.0984326950619363,3.81243972073005,0.5069834997863532,-19.260487470414887,69.05,89.7870445760179,3.56583650662919,0.4705285532697019,1.05331683158875,0.0,7.66638851,0.0931912731899838,0.260242815717853,37.0610758006483,10.54,0.754308990105961,0.021762703428359
Slovenia,-0.404795836548327,-1154155865.667248,88.3,80.0,82.0,20.5416715838016,28.33397460753322,0.6677612823754567,-327970644.0480538,-0.6862298652647523,-416342644.88333416,-410.0,0.3441217644280041,124.06388916029472,1.4282909511689317,0.0884557917525548,0.468385172430884,1.7472368227041162,4.49,1.80117022137134,1.404014598540146,9.0,0.102972558073328,12.64016342,100.0,92.2696364341085,58.64202153972933,0.1479931419482064,85.30241835798589,82.36309802196125,13.5,0.45,-0.0380402767610163,3.2,7.2,20.9,52.658,266.56915325857307,12.3648464296851,95.0,7.84314369716472,0.0835014583333333,20.1754349424477,20.58,2.940654868578263,34.40997566909976,43.73004171536684,5.26,-7.14564284856797,-7.21973802308631,-638605672.6333345,-119592949.2593166,57.3875,0.0,0.376173680600356,0.172692452920431,32.1654501216545,0.048661800486618,35569072000.0,26.3518668029855,778.4,1719.4,2048583.0,9.0,30501455826.6686,60.0,164466518.32453,3.333333333333333,-31032278.78875418,3.8908677969851007,0.5231253823712,1.0445129560691748,1.1556921256762211,9.266357114967294,2.0774024270458056,0.318274621709955,1.8751378476607807,0.6721679114033918,-0.30035292567959,5.014975362822064,0.7712415418922078,106.25,30.966633906146075,9.162521964439945,2.567233522947256,101.68582660749918,0.0901061855926755,6.78386031718348,7.2610162758193,9.1,14.4444444444444,7.018,55.067,80.78378912484989,7.11,1162.0,61.897529062552735,18.67,9113.616582779414,30.011070559610705,8.282089071318907,10.795864856200168,0.4097921384563964,1.9678280773143515,99.8,88.3273005414751,3.82073495564923,-0.4914694446007672,0.866508841514587,0.0,8.56503296,0.43607948463593,0.126719815771042,32.6356512969045,11.14,0.754308990105961,0.0450205838748784
Solomon Islands,,-21906607.03998378,96.2,61.0,89.0,5.21466565349544,6.15646497480742,18.4739645177231,-144155577.3901534,-16.050570178357994,132003691.23892476,5040.0,1.589810644457334,69.92277547977358,-2.827075819135717,0.0,0.0256586887570744,0.011340978056178,6.92,1.05148163321038,2.596800370971481,,0.0,4.094244,100.0,19.7528046534757,48.45367941460721,0.208357457317841,29.40486936520376,72.59201181761071,39.2,0.85,2.249131010761308,27.2,17.8,29.6,20.048,,0.524538320755183,74.0,10.3497636516433,0.0,9.04980721662487,20.81,90.31626997065538,0.0,42.65136442958814,9.94,6.6895932,7.3808962,-43907936.771289386,-163629407.112659,50.7625,0.270417997934231,0.691303,0.0,0.0,96.82355668907952,6888904400.0,12.972525196741683,7105.0,44649.66,532968.0,4.0,547871919.7917262,30.0,14278624.9239779,0.0,93508052.50773752,0.2463994172147792,0.1794829101987001,0.2272122284996332,0.0223928707244552,0.3587474684930043,0.0546495543797384,0.0112659092386114,5.14800861141012,6.6563357545343536,13.220702601233585,27.04924071389628,70.34873121758146,97.84,3.858520900321544,0.7145409074669525,2.85816362986781,19.041371918542332,0.0375257051079989,8.5268891734812,7.37659435163194,5.802,0.0,1.444,83.095,95.85836561434436,7.692,3028.0,90.39942836727404,44.7,83869.95091637773,3.176443310920473,0.0134378884923346,,0.3266029977323177,13.039765796535749,91.27,91.46010379705277,0.993335655582393,1.7452779033142465,0.343293845653534,0.0,4.66450787,2.82139788482931,15.4943592757987,10.9400898021367,1.12,8.06450134408602,0.0
Somalia,0.0,,48.0,54.8,74.0,11.3776307695411,,4.166965851498362,,,,-88448.0,0.0,52.90558429313098,,-1.1220139591489428e-14,0.2499752423824761,6.343343016211817,7.51,,0.0,,,,100.0,100.0,,,78.95384287474273,20.24945409427169,30.7,2.93,-0.2247910301614378,185.9,27.7,41.6,39.31,0.0947090909090909,0.25042492397498,46.0,8.77028237386747,0.0,,7.8,17.211996073784697,0.0,,0.991144636141377,-1.6969,17.35,,,34.78125,,17.35,,0.0,100.0,83232261712100.0,,,,12261756.0,6.0,,20.0,0.0,0.0,,20.86244955733081,3.240591368284672,13.224808866074811,26.012566171922924,38.370566698866966,94.5875686612052,0.1837075679264586,,4.079104897079702,,9.0103464666479,0.5928048990097755,107.7,70.33825357860172,1.7534351388401823,0.0414448305544043,19.5456307584404,0.0897098262271733,7.10426345986128,5.70874244152342,16.617,6.77655677655678,24.735,27.972,42.5706771860618,43.213,282.0,10.755730544840118,6.0,489.3263248754909,0.0,0.500326051425302,0.3500518568321833,0.1957974570284654,,104.85,62.17574068772909,6.2110036481833,-15.34690230501073,-3.13097143173218,3.96958881429397,,2.48169887268086,,14.9421518598916,0.0,31269.6625712251,
South Africa,-8.38047689312626,-2117636025.45638,71.4,85.8,53.0,11.2048840256265,15.077048230770885,0.8849046116860118,-5421631418.057034,-1.299018056155965,-2289371910.864061,68563.0,0.2562683496216244,45.088239497318455,16.938865743762396,0.0004468584777458,1.506299293635992,3.5323278069848363,7.98,4.06749555950263,-0.0105700671414979,9.0,0.0,7.99506283,100.0,99.8664782176002,64.27526260967426,4.02016013571674,52.670535504586525,59.340397086867135,26.2,1.76,-0.2127370476177653,50.0,28.6,26.7,62.218,53.77802601133009,3.76412049577547,72.0,10.3024793991553,0.0,13.4496567369307,18.78,43.11623963166249,4.66061378808248,30.106793259560533,5.55000000000003,1.2725,-1.0811,-8131292836.086654,-3854564952.413135,58.23125,2.20832164667078,4.87107689312626,3.41376035352968,93.22036509874768,0.0758856861106082,2996082201500.0,25.303463099336263,5147.6,645803.6,52344051.0,10.0,102974145513.292,60.0,1069571380.61167,0.0,3795989102.50694,19.69341277039761,4.256186580648158,3.8000780344317695,6.080844403632416,30.993266954004927,2.611671056697334,27.59068401464032,1.7452623373389429,1.8280467246410692,4.594519821171033,19.13289818590226,12.38680986688588,86.92,79.87123791309796,10.331467574541048,0.3544666924960226,43.14935495305377,0.239435041051752,9.40892780088032,7.65247018576268,11.349,44.5,26.916,40.8,75.59505633146367,33.547,495.0,14.355150895646654,44.8,855.8756753465642,1.9412714126679016,0.4160057147109179,0.6097751541149607,1.4899051184757417,-0.3003413883416499,93.5,76.89395461923664,5.54343842164964,6.128432431604438,-0.0294270031154156,20.049019220481,7.79358244,1.1829095702162,0.491012100385551,21.541322868233,8.68,7.32122196115288,2.60163846026122
South Sudan,0.0,,,,,6.5652668368225,,,,,,299402.0,0.0,,,,,,,1.16962180301108,,8.0,,,100.0,100.0,33.56250685625382,,,,17.2,1.23,5.09916591490353,109.4,25.3,29.5,17.86,,2.56456661006963,,8.52678266162692,0.0,,4.87,,,,1.07046664865558,-25.341,2.761,,,25.41875,0.0,28.102,,,,,61.143699660991125,0.0,0.0,9745953.0,,,30.0,0.0,,,,,,,,,,-7.405036220403986,0.0553052206663267,1.0291801802998035,,,,,,,,,8.52085317177123,7.74360739466392,10.388,,13.679,64.485,94.89601775757734,29.727,,,,,,,,,-0.670003086615651,,112.92550228157296,2.09364958642294,12.926402431149173,,99.9738105448623,,5.29254618151503,0.0,16.292836753507,,,
Spain,-1.60606959298798,4480248967.676804,96.7,80.4,69.0,9.53784863036001,48.80395941825753,2.563698899873004,-52249545356.13244,-3.65895973068443,-15122450016.666697,69406.0,0.1117623740227163,40.71697806268234,11.48071986594191,0.2884341321453852,4.3301218898454845,4.158657634199059,3.07,1.79986457728769,18.397092134369395,10.0,0.0,20.29029274,72.1511076627807,10.1317005674548,66.48362105380427,0.0092329813685381,83.86411069467754,73.80031488465013,11.1,0.49,-0.6100140478907673,3.8,5.4,11.6,78.442,130.67528735632183,13.4761028681228,95.0,3.60992714614944,0.0,15.28339995127,7.01,26.03246564157611,20.558689603252777,74.14487081230705,4.41,-43.5012561209891,-44.5734655973665,-20870757483.33337,1231202628.71603,56.7625,0.0139881601793812,0.901661830154914,0.0162968550522323,8.729898151740972,5.49270877898165,1061402000000.0,22.985948966945028,256785.65,1227559.69,46576897.0,8.0,383498000907.7911,60.0,1595954495.38239,31.45688445810823,1052047170.384428,13.239084463606885,0.7531858332091158,1.3168623323324036,7.678753219902426,24.13543250490802,5.85339892623912,1.4851319368176987,1.0248988313121998,-0.3656600899836775,-3.7303288449207623,8.260368970821736,2.019185970134237,91.57,55.08889822203555,25.0554988900222,9.385812283754325,93.15193096138076,0.2689745519114337,6.81601224756263,8.23750711646735,8.2,36.5714285714286,20.227,47.569,76.87196182491192,17.132,636.0,37.08993820123597,111.2,2387.44972641694,33.49059951513463,1.7758184782964563,2.392501348579715,0.2426799238967586,2.6024220561710933,97.54,94.39705752187184,5.26816234807562,0.2928377312733943,-0.318043738603592,0.0,9.1189127,0.460408305051304,0.0255445176746938,22.9748586259284,9.49,0.754308990105961,0.0018891536552403
Sri Lanka,-16.03815,-867239000.0,68.0,77.9,88.0,25.4416264896057,25.90868703995045,0.8144445188601305,-1075030000.0,-1.8333908294267436,3660610299.538812,-98060.0,7.031718864156616,37.71392872937779,9.679742273536204,4.869972945096708e-05,1.5023321042049396,0.9276912785977716,2.14,6.2176488930462,0.8761225812424775,9.0,0.127625354095693,53.29795074,100.0,100.0,53.010350184807066,0.1294079549141083,76.58984025792974,55.12421532022882,18.2,0.23,0.6087486581442835,11.2,14.2,26.1,18.226,229.0475,0.192853810683187,99.0,15.7652585089274,0.0,6.09434168033834,17.34,47.54294221113866,0.0,13.34209340863964,1.7,-2.83191,-18.48393,-617134576.6592655,-435059000.0,67.39375,0.0055596035145508,0.38613,0.0,0.0,46.88454772706231,6559891061900.0,27.78319829792658,8058.14,398245.14,20879089.0,10.0,15218510000.0,60.0,4123130000.0,0.0,-2781973571.15122,15.8682619698728,7.316080712402104,27.18856763181765,6.634876099725311,17.687168348224073,8.771915451894625,0.8653692017399791,8.025530836674605,7.381428647865079,8.444237793154102,9.592661862372776,4.139495188571621,73.41,41.77962047520332,19.135704034444267,15.627491628129489,332.9467230106841,0.0574737719639013,8.20171347009625,7.88225373488829,6.403,5.33333333333333,7.476,50.745,45.77308195086452,26.68,1712.0,33.54520810078137,52.8,2528.845966411657,53.037959448199246,0.3244492725863683,3.5027378263157423,0.216298534689053,6.951273659545265,98.79,78.0425061490424,2.61343846886968,26.934876176157303,-0.94294685125351,5.63210412167717,3.7414515,0.589181271319281,0.175688137587163,24.8448637908196,2.6,113.064480448821,0.0
St. Kitts and Nevis,0.0,-10859702.32873281,88.9,52.5,100.0,,8.183088450395644,15.796919359416602,-119367646.4167663,-15.328728363087937,46522444.44444444,-449.0,2.269411227780663,38.78166408249071,32.44604720956557,0.0983516804987052,9.235693553640347,6.22714449082579,2.72,0.850878649795844,2.5787965616045847,12.0,,55.21491623,,,65.80231529483387,,89.81499386227215,91.40951482946032,,,0.0559631901187204,18.8,,17.5,31.322,11.333333333333334,13.8390128361858,99.0,,0.0,12.0691476430103,,142.23706176961605,0.0,46.85654489694189,3.38526813509424,-0.137,-0.137,-29184481.48148148,-122217624.4496985,47.3875,0.0,0.0,0.0,0.0,97.42120343839542,2023741900.0,22.54463648729632,1.0,21755.0,46846.0,1.0,475749303.0184185,0.0,17672325.4920665,0.0,33219146.75309158,0.9483357998469812,0.0979826683247445,0.3099581004033904,0.0321413796343582,2.264988999215171,0.0081281259097304,0.2544891242280602,2.493276380319571,0.0951505914335228,-7.928100659077302,1.8236260211504547,,147.96,21.923076923076923,17.307692307692307,0.3846153846153846,180.1769230769231,0.0960594287665969,8.82482440507391,7.77859314393542,9.109,6.66666666666667,,,,,1427.0,42.30769230769231,0.024,512.3169534218503,2.5787965616045847,0.0710521197045044,0.5958640072941763,0.1189937022376079,2.429350520575113,87.4,111.77183562808996,,0.6285492132849271,1.03611218929291,,5.2136941,-0.149314248854052,0.0,,6.47,2.7,0.0
St. Lucia,-0.0059820907124156,8684236.50798911,101.4,87.2,89.0,8.32972739073994,2.785895677517061,11.753017024360783,-187824547.8560774,-12.670428019193515,15369185.185185185,-170.0,2.111507367570892,59.161411538961225,-1.1426245490250948,0.0044653223762813,6.016221625459743,8.488772346225769,3.19,3.25034409180129,0.0078758761912262,10.0,0.0219789275961318,54.76262665,100.0,100.0,74.09055476159543,0.0219789275961318,93.00429241908796,88.01558422191619,16.9,0.18,1.5488043052685452,18.0,9.7,16.8,18.45,134.0823970037453,6.82085942828796,95.0,11.1732414741167,0.0,15.7185517878338,7.56,95.98912304554725,0.0,45.486183263347655,4.18,-0.0708508546255507,-0.0766965576727681,-39567518.51851852,-190337224.0487107,53.84375,0.0,0.0001363876651982,0.0,0.0,99.99212412380878,3895567700.0,11.699363388333117,20.9,1984.9,170906.0,2.0,888498012.8477037,40.0,31300672.4009646,0.0,21087969.44606179,0.9292160814416044,0.3288253917671318,0.2297965266612919,0.0839090967972792,3.491178109481763,0.0059039270359438,0.2636222467336672,2.7703309009599337,-0.2787501878072334,-1.41256199547756,3.138056566148123,0.3228740324251336,103.46,16.295081967213115,4.377049180327869,11.311475409836063,280.1737704918033,0.0156226229623301,8.28564406839167,7.51208323093307,6.907,11.1111111111111,18.389,55.35,83.57897339395355,32.078,2301.0,34.04918032786885,0.3,1755.3508946438392,0.0078758761912262,0.0401591829912736,0.0138944105156715,0.1044921984289619,-38.71585836325623,108.74,82.12019992285407,5.91865514304464,5.422819432307406,0.790275514125824,0.0,5.12090254,0.608614599646534,0.0213939960854132,19.1354491001243,9.6,2.7,0.0
St. Vincent and the Grenadines,0.0,5157926.406481333,91.7,91.2,0.0,6.66433035453537,5.669452101800573,13.308902873884106,-189661319.4083378,-26.32547368566005,9957555.555555554,-1371.0,5.834247803165081,52.74496682696304,1.147829130777855,2.389515553152776,23.18447457873091,6.553876460508818,2.65,0.747109026311474,0.0,12.0,0.0284699827153102,32.23464203,100.0,100.0,63.9503317200879,0.0284699827153102,39.96645443189912,84.6314584379774,19.0,0.38,-1.2624440620683586,21.4,3.7,17.2,48.961,106.475,4.1027845878005,99.0,7.63201061009135,0.0,14.4632796176699,3.14,99.22178988326846,0.0,32.47003598835229,5.17340256153343,-0.0556,-0.0556,-12278925.925925927,-95009176.2087663,51.93125,0.0,0.0,0.0,0.0,82.5,1912056200.0,15.903054750972045,0.0,66367.0,109959.0,2.0,418335905.3534296,30.0,42032715.1304492,0.0,31228456.79210131,36.71222695696025,0.0040940433990397,0.2637576566718793,0.0236001013753984,6.425149548361006,0.1321087152375319,0.4889917854251202,-0.2846039142433341,-3.9935109501687274,-6.0300165134665065,5.839956998332607,0.2844143953452496,106.81,17.94871794871795,5.128205128205128,7.6923076923076925,281.94615384615383,0.0181885975681845,8.19001894188031,7.50736107724911,9.54,14.2857142857143,17.611,51.749,68.81383076478772,30.267,1583.0,73.17948717948717,0.1,909.4298784092254,17.5,0.1601720295175906,35.826462029571786,0.131958031338759,-23.85685663047045,92.7,95.2236175373338,5.76763975889375,5.58059737402084,0.790275514125824,0.0,4.30325222,-0.498034748761649,0.0333656636694466,19.895993381397,6.66,2.7,0.0
Sudan,0.0,-307441353.435881,,,75.0,4.09742219927313,52.32382989163217,3.500045395358453,-1725368701.61586,-2.9261898891993363,2167126241.3793106,-339466.0,2.4685615039900832,36.37706356598234,6.870648025864726,0.0,0.0337322503778094,2.006009363438459,3.26,12.9776663898014,1.8138418455794107,8.0,,61.31344604,100.0,100.0,30.833318405302578,,93.90547873400162,68.96531647494272,23.2,1.43,2.27241808735334,74.2,23.8,32.9,33.089,,1.25264449650173,90.0,10.4812318232827,0.0,1.5642965668853,3.49,105.122321005822,0.0,2.0481808355434623,2.18,-15.906,8.018,-4166955758.62069,-2063730997.66213,52.59375,0.449732786963216,23.924,0.0,0.0,17.295639418589147,158908464700.0,21.14204692216913,2000.0,73358.0,35414399.0,9.0,11371960452.1287,40.0,1455537377.36537,0.0,-1701901199.91311,4.004231916671283,1.4101015836573028,6.22729643310131,29.660109511846123,29.37681038343381,14.344610252701097,2.0902893493271058,4.585500952606793,0.7588860487514069,4.489859145596313,3.459856441166248,1.2907783260836383,,,,,,0.5612886442037319,7.69356664606545,6.3458380708273,7.819,25.5605381165919,26.578,41.352,38.607514687028925,34.565,,,,,84.51820242699026,4.421880990275018,0.0380228723115197,0.2855647268018779,2.275602183673243,,711.5291300066183,8.59175930040058,22.669419211621918,-2.66527771949768,100.0,5.05810165,2.41578933319134,0.0,15.085260350066,0.045,2.30600092016667,7.63270409081983
Suriname,-0.93350331,-159423000.0,66.6,66.4,54.0,8.76229593583047,54.606849975880365,-5.853440564495957,650845840.323741,14.899051400017376,86499464.38009234,-1138.0,0.0984348628366547,78.38162101225716,1.5885024630968567,0.455433427162889,1.5484176626618464,10.201714699691292,3.12,6.94108221639996,-8.385730858468678,6.0,0.524850788862401,23.58067322,100.0,99.9865938333289,48.24480947219211,16.39763308152845,97.24502600857654,79.31903925882939,20.3,0.25,1.3643399828276035,23.2,19.5,19.5,66.344,211.92727272727276,7.66451602942056,87.0,12.5707421190411,0.0,13.0855075407089,24.32,22.03535266861163,0.0,49.83136593591906,3.4447781,-17.87408217,-12.87209562,-104299346.87517416,255700000.0,44.04375,15.8268075926677,5.93548986,0.0,0.0,29.81438515081207,11706654800.0,35.17051613441174,71.1,35156.1,549923.0,5.0,1656900000.0,30.0,4300000.0,0.0,35023062.47819829,1.202335042466083,0.0249160243342005,0.5848924841779211,0.127311947200901,10.02381261431642,13.822335652849905,0.3890723402350822,4.407031948283475,3.953477032898519,7.011572000783886,9.16616363633585,0.7573612365087543,113.89,0.4878273372832603,0.3426628805948827,0.0373814051558053,3.4261490779159947,0.1000140019602744,7.99685900076502,6.96886217854411,7.1,9.80392156862745,12.811,49.002,62.710869430884266,15.652,2331.0,95.32171091451676,99.0,180025.203528494,61.79988399071926,0.1565128383811704,0.0031965424151015,0.3696935158553878,2.8688498251675014,87.47,74.18695492452456,2.32663383468654,7.196554190626927,0.0824754610657692,12.1420085325623,4.6978569,1.16234546951658,0.512319436898175,24.4355117795821,5.7,2.74541666666667,4.63669205557785
Sweden,-1.242727761,6328474502.405471,97.0,99.6,88.0,7.62968838016691,61.47781593407294,0.126859058768842,29195824932.37351,5.92503947637938,-8785124896.67915,51175.0,0.8241402573830403,62.40344357487426,3.160693233425247,0.3736326366157443,2.0936623961367773,0.822981307690324,4.7,1.15798802715628,10.56055281794437,9.0,0.0,16.378582,4.32618337118563,0.0,62.94381211933671,0.3698393745370891,86.03910876210429,90.1496903830762,10.4,0.26,-0.1727409810949656,3.1,3.0,12.6,85.056,82.05491483999083,14.7610867573261,97.0,4.82245509216902,8.885400249,16.4174424325688,14.61,-9.152504454405276,38.92883108490185,50.35471009601177,6.11,-55.2057891146667,-51.8425231185657,14526347408.477867,21497722410.9231,55.725,1.15454780189688,3.55493366066667,0.0,1.8007647359775965,1.1942267819156098,3656230000000.0,23.859118785672997,10644.0,222679.0,9378126.0,8.0,196604177787.6005,60.0,4060977951.31987,1.9367477179093624,-1189909457.597324,12.120309273830074,1.542774923790389,0.8188768413242743,0.4148074375721865,8.483019596925125,3.3206969531701334,1.882673070474762,3.6290739176707376,4.853016846231,12.879645582082205,6.190024994710271,4.445035990765231,98.86,7.545790405403648,6.428541092360995,0.0071193649919219,23.022862735942507,0.2792242288064801,5.95917225683524,6.03604404342412,9.6,44.9856733524355,8.522,57.764,87.3796474596356,7.786,624.0,68.91790807525021,171.0,18233.920081687964,55.32790074588685,0.9936573833829186,1.774029258339404,0.1169760771306069,0.4058592059992918,79.38,83.77801461402296,3.51317251546127,1.0302594764930433,1.09417045116425,0.0,8.31963825,0.852524628765313,0.23925361639145,19.9027832500321,9.79,7.20752416666667,0.0151368158100461
Switzerland,-0.132040636980999,28855593899.92711,72.0,70.3,,10.5041738473402,45.05248240225021,2.9507731937074078,78049933455.317,13.033280367372216,,76388.0,0.4165681380133121,62.1005863970005,12.529470733776511,0.0024170762430882,2.39163933175453,1.0307517040065357,2.12,0.688238707220026,2.080660620806606,11.0,0.0,23.98251724,93.0007045460388,17.4079104122711,71.0396769125013,0.0002688230612275,86.5192323735703,89.52603084411167,9.7,0.18,0.9430702448074778,4.6,4.3,11.9,73.607,218.78917962478704,26.5011556044581,92.0,5.67378141368627,0.597880754016333,22.3084845474264,14.49,0.6219565288971829,38.8394897883949,66.82212036416952,4.3,-3.53371505220067,-2.86677661505867,31121319682.924805,56434469499.39668,60.59375,7.47099527614027e-05,0.625181440106667,0.0,0.0,0.098798200987982,657001718000.0,24.694525912537834,1261.0,3362.0,7824909.0,7.0,331784430521.4922,60.0,2494622576.5954,1.5144142151441422,125382339066.3665,11.60491347615904,1.510325173903479,0.7147819959637487,1.2408648335904924,8.786071245048639,4.086432317305388,0.787646957616101,2.249130080360942,2.173637986883776,6.204688328439502,5.69194828260372,5.070639473893572,99.96,38.83283887862861,10.218082679912865,0.6078597735315202,198.03265868579444,0.0515979674651807,6.43185547291722,6.6644008783706,8.0,29.0,5.197,63.791,80.74718829037293,8.452,1537.0,31.24827193933171,40.4,5162.999339672832,57.855931578559314,1.6854808345966057,1.750154693977159,0.0728210517490909,-3.3922506205855285,95.61,103.01432225643306,4.16088919507947,0.3127365875003107,1.25859427452087,0.0,10.00535202,1.0415580576588,0.0149742129801232,22.1077680146739,11.32,1.04290564573352,0.0002164581596238
Syrian Arab Republic,0.0,1133964324.97571,262.2,572.5,91.0,10.2584707514145,3.43179307546761,2.3931861526358964,-367388473.022633,-0.598441929825769,956170804.9224212,-54359.0,2.6429659395091383,49.45038138017871,3.6558154030848993,0.0,0.4100364026894879,5.8461917772602,,4.3974138315007,0.0743972593885334,9.0,0.0013031191534295,54.0,100.0,100.0,50.13450263307646,3.183498911452966,54.7402961716712,50.54963082670378,22.2,0.3,1.4596208045854673,19.0,22.5,29.3,55.6,33.016855131213994,8.02062604165651,82.0,9.10194138106742,0.0,4.53509259855656,0.59,39.88036285413288,0.0,5.734551595684408,2.5960693,-0.043,-0.043,-3982463964.318204,-1469196863.48146,57.06875,0.0574900957559479,0.0,0.0,0.0,39.44584491414043,2650639999999.99,30.42652416619833,8610.0,15247.0,22482421.0,8.0,19408796113.5122,60.0,1622538750.0,54.969512852002666,2076359280.41803,8.492955251179225,0.1115636298601485,2.746381282602362,15.00637851744155,39.57453111061573,45.48591045381957,0.8007681831800861,7.00137457739325,2.8269710683362064,12.210287364079903,12.68913454260345,0.7541316582825275,109.58,75.73925829112889,25.52415182704351,5.4947448673963954,122.43326798453413,0.2084739895227475,9.21874704893996,7.84472676722541,3.824,12.4,21.96,39.024,17.92778606552848,30.78,252.0,2.67973642650983,7.132,317.22562263201104,5.659039493245427,18.29282350814972,6.416455377166974,1.8268196425715268,-9.751729109874503,135.56,189.6511764056484,4.21596983584927,6.8992650940543,-0.805789709091187,69.5113186230673,3.22704148,2.27386735787712,0.0012185849486337,33.650077859322,0.99,11.225,3.17938343654553
Tajikistan,0.0,267134725.229461,73.7,109.5,86.0,5.19434960912846,55.09201368687292,1.6649590356127997,-581078616.9530942,-10.298756584314797,593231326.0182139,-33733.0,35.81043651098154,68.27098641281252,-8.02960932809569,0.4753351893007447,1.286758249143542e-05,1.3270851705807742,5.06,6.44531440780658,0.0,9.0,0.0,70.43351746,100.0,100.0,45.0918966612836,0.6560735055226254,10.279908003391828,38.416877156677934,26.1,1.1,2.135868382153479,37.0,18.7,36.4,26.52,9.59278350515464,3.66873058481902,94.0,7.97636750064533,0.0,15.041729054282,2.85,-46.07021815968088,0.0,11.64426215464286,3.58333333333334,-1.82,-1.82,1327528592.930707,-93940670.0,48.24375,1.44243773063226,0.0,0.107495178584937,0.2007909948281107,0.0,30520303900.0,24.976626151996797,517.2,1207.2,7652141.0,9.0,3343926995.503091,60.0,2020504004.53,0.2129601460298144,-8186144.00766914,25.587696821941623,8.546436455833973,2.1838746998691416,2.283292659019319,28.14981610685625,5.837396946292595,0.0047930784513246,10.702868680070663,4.246574671431674,9.78500513904936,19.45914441194072,7.612168248204266,55.99,27.209202629322665,5.336524721348957,0.9559874249785654,54.6737710774507,0.0976066698195969,8.4598636112617,6.77110301605557,5.666,19.047619047619,10.426,37.587,52.56946282085208,41.795,691.0,2.929408402400686,63.46,8293.103851588727,99.7870398539702,32.95797154716508,64.13239517466656,0.5207765164310251,6.7999931888465,81.21,633.0583002903109,3.50912236448518,12.46166773497093,-1.03453838825226,92.9361431199384,5.73543453,2.13859732955825,0.0251265700055647,15.8190868611098,0.69,4.37896666666667,0.0181692617876215
Tanzania,0.0,-1017870874.7429,69.3,77.4,89.0,3.03723906230639,12.828294812371652,5.663967966178057,-2210780020.37976,-6.905905148741138,1068661606.0332783,-122020.0,1.075465293015129,37.250616587620414,1.805433065296648,0.0,0.1303635747360533,0.9606060973695694,9.2,6.20015595647403,1.9994358781496808,7.0,0.0,31.89402771,100.0,100.0,43.31622824857832,1.318240117959508,40.38247720922193,55.05183632192654,17.5,1.11,1.609879543416437,68.6,28.8,37.2,28.114,8.720109509346793,0.67603498689169,92.0,8.43169356101514,0.0,17.0169902917842,4.36,88.0320643240772,0.0,11.5328971257195,3.73,0.0,43.736974,-577087339.4572904,-1813200000.0,67.64375,1.59355312280221,43.736974,0.0,0.0,3.7044001504324937,43874452635400.1,23.556173657206795,125157.0,150847.0,44758488.0,11.0,9054392828.36182,50.0,344287552.637922,44.20834900338473,348918996.0019853,24.747580480577007,6.021354183893452,11.741814928075868,13.15997504299921,30.063250243701862,3.3295732190713405,34.866376858423855,7.840107022202346,3.6704149801856554,9.171113333258845,14.863403553646998,18.342753447669967,77.77,42.22059155565591,13.19541657258975,1.9310228042447504,50.52888688191465,0.2611459976038511,7.66946923654245,6.4347414802326,8.293,,3.584,83.691,94.41155949674776,12.312,1071.0,56.38971551140212,84.0,1876.7389997624584,52.789206468597214,1.472139863822678,0.0888391239695374,0.210557299161033,3.20096346359027,73.87,64.46886069337955,1.68727565921016,9.428716252961491,0.0144716212525964,11.6653966511462,5.22392178,2.54448522649017,3.79694702910433,5.76222167630158,11.92,1395.625,0.149624270556758
Thailand,-54.2850429111437,-3979142050.826776,89.0,90.3,83.0,18.2016378213554,22.545024089825915,4.32320928209174,11486104954.62678,3.3673246721925225,6091513507.431822,52791.0,1.2996476266537873,110.29661181483962,9.670209031163903,0.0007308745485491,2.4594632150110365,1.6615931777058293,5.1,3.24758842443723,2.6194641983670093,9.0,0.0,14.4973793,100.0,99.9999848884831,49.55609866447943,1.96090523561916,59.310078154115054,67.80094640537509,15.1,0.24,-1.6410844199464751,14.2,38.3,22.6,43.856,143.26000114129195,4.83435770370382,98.0,12.6378355600842,0.0,15.361841439165,8.93,88.24608608313447,0.0,35.12672378154126,3.54181608549624,-18.4309660676039,-65.82773,-14289377496.887005,-6615343921.80001,56.35625,0.0558791976494496,6.88827897874756,0.131009402942346,18.598161317429856,0.6841755402541044,10355376000000.0,39.92172569853569,1286122.0,3096742.0,68579447.0,9.0,207558530109.9943,60.0,4433160000.0,75.09375274360036,31323923152.20995,11.030602645526947,3.5336485282174266,1.3644209837741406,11.690991503711723,5.339377442268208,4.787592753397213,2.6826831575262737,6.811462325456617,6.794799286491667,10.44755435394697,26.858945277808168,29.601149540595628,87.86,44.67497895828848,34.30092583530701,8.808158311965393,134.23525024956447,0.2555284530072107,7.6689076073618,7.95102675414549,6.607,13.3192389006343,0.623,71.211,79.5982901709829,12.52,1622.0,39.29025817690697,224.51,3273.7213526962382,6.1068154168391215,0.9452467214340592,0.6216542230502874,0.7098168821951464,-0.4578915445014928,91.08,131.2879628239458,2.74256253954944,4.0809892267374295,-1.44278836250305,26.9115576797831,3.39009809,0.670617338343587,0.543056504586835,20.6443980692324,7.57,31.685705,1.9367697579356
Timor-Leste,0.0,513149.99786,41.6,64.6,28.0,6.78618536165173,19.311473340786208,3.4394474318390795,1671379453.847308,189.51829330377944,378690400.0,470.0,15.5498924462934,29.7082704536623,-37.53377173366921,3.4549684973793915e-15,0.0134704394006313,0.0185406058158079,1.44,6.76597680236481,0.1144819690898683,9.0,0.119686114838025,11.56462669,100.0,96.1691766642551,68.92790449085864,,80.5364291298878,14.545920942502056,21.3,0.35,1.9430392801294905,71.1,15.3,28.5,27.732,3.092413793103448,1.03895293069296,66.0,7.61341609493622,0.0,1.45500352733173,3.78,311.85656448814336,0.0,76.8108374531304,2.7,-0.279,-0.279,2443230700.0,-4332806.77,57.31875,0.0,0.0,,0.0,99.10495915075194,3324140000.0,9.137311512646482,1594.0,4794.0,1084679.0,6.0,1342754113.837526,50.0,137135947.623859,0.0,156473575.9882528,17.34301948390526,1.1437969051718622,54.59501486223795,0.0253760413195387,55.010678133433366,9.452379516627348,11.624906533030838,10.17264114706235,6.721192805372198,7.887179455988786,30.44340092406458,2.0715258838047883,94.21,22.73032952252858,7.800941492938803,4.84196368527236,72.94411566913249,0.1069440820740514,7.17242695406382,5.5959686805629,7.965,29.2307692307692,4.035,65.544,84.66942205126105,19.037,1500.0,62.88500336247478,8.215,7573.669260675279,0.8950408492480615,0.0001190596021561,0.3505573792888132,0.2579043920002379,4.366378954188519,128.17,68.01682640953149,18.4908458061131,10.963798950285437,-0.467514544725418,0.0,6.47058821,2.41648998363508,0.451293701527894,9.34940953884816,0.3,1.0,
Togo,0.0,10900737.9978259,59.5,82.4,85.0,19.7400412490987,27.701192770747724,2.634931267310189,-199902525.487962,-4.211675509416861,356085374.32877505,-1964.0,7.098572366994942,56.021529253835375,3.3554474822548626,0.0,0.7072435267599977,2.3534915675519272,12.3,1.44594517430864,51.39664804469274,10.0,5.05473802790688,62.2700119,100.0,100.0,50.57908931885828,8.27207193290761,36.22064914525643,51.48239381541118,28.1,1.09,1.9634890719007088,88.7,31.1,43.0,37.533,9.837926829268294,3.99417855305968,68.0,9.05545019383281,0.0,7.80998902478616,9.63,123.8492711546604,0.0,15.103717060064495,4.54,-0.115514,0.72952,-23492592.563654263,-48688923.5371629,60.80625,5.23926759324848,0.845034,0.0,0.0,45.81005586592179,2336862305500.0,20.272381673464267,100.0,27635.0,6732590.0,9.0,1830139739.99015,20.0,336925895.726906,52.83798882681564,13949733.9605555,23.346633654972354,6.216373502867195,3.914860028462978,5.133926749420503,34.40371581415198,2.4204455073629614,40.43271719977121,4.21795003687275,3.0128714973236583,8.789011357956781,24.45160162898198,12.603016037779485,104.43,67.3837102408531,45.22890237175952,3.769075197646626,123.78359992645709,0.3653868719170483,7.9489105197649,6.86941323182367,10.388,11.1111111111111,2.102,56.813,91.53161453791606,11.469,1168.0,22.77753263467549,11.5,1708.1093605878273,,1.8710069903186264,1.6927251852032672,0.5818070102308572,4.885817044269629,88.66,90.2218424397363,1.23256668440412,-0.0933359947250096,-0.179348394274712,19.2461108262732,4.33284378,2.72101716624637,6.06836084106674,17.9218266028715,1.79,494.794262222947,0.0
Tonga,0.0,-10923286.64903452,75.0,43.5,90.0,47.621329317544,19.35589299579877,1.2704187498828563,-87437001.1778643,-23.832109562320007,88969958.1272833,-2097.0,20.17784180753964,45.51805578065748,-1.9780710610550367,9.40335621017762e-15,,0.0793228031186823,3.5,3.53491239189833,0.3086419753086419,6.0,0.0469793392583834,8.50191402,100.0,0.0,53.59398087421,0.0469793392583834,94.78076706643432,80.96052304131175,27.4,1.56,0.1130926081368252,13.1,5.8,18.0,23.389,10.46470588235294,4.83130826286473,99.0,6.08603170554498,0.0,8.50560782264848,5.11,22.6502311248074,0.0,17.59675766884395,2.93,-1.997,-1.997,11935875.695524124,-4661006.002822131,48.96875,0.0,0.0,0.0,0.0,99.69135802469135,730727700.0,18.042498270110347,300.3,2376.3,107400.0,4.0,225705963.0020949,20.0,74029954.1372557,0.0,161230903.7041763,0.0052437035501329,,0.1542837986386667,0.0518040378171747,0.3503228179357023,,0.0005826337277925,0.7603861101338936,0.6394583089414709,4.108828428650753,18.689154140752557,5.2139892300155415,100.34,44.44444444444444,23.61111111111111,15.27777777777778,149.16666666666666,0.1582867783985102,7.7756776133856,6.41346753694169,6.302,0.0,2.143,55.645,62.412747453942096,26.861,,12.430555555555555,,,0.3086419753086419,0.0225284333439694,0.0046610698223404,0.3215800695608302,4.683777766241562,135.25,85.36802670482653,13.6346576591068,7.721585503979881,0.689703106880188,0.0,4.81632328,0.183594875501069,0.0485079387936127,27.6607152431505,1.18,1.90598784238353,0.0
Trinidad and Tobago,0.0,8572677.85129976,59.4,86.7,71.0,14.2175238666467,6.514732965009216,2.479474541438967,4172327322.1487,18.829958816559746,28799963.86170325,-2230.0,0.4102370509952714,78.807033932667,-7.5192280234448,0.1912733107264106,20.62478624679389,20.942515829886883,21.42,10.5492003179988,0.0519740718915733,6.0,0.0278036821195454,46.56803513,100.0,100.0,45.51051901350625,10.675884264003546,69.50728099107425,52.280246232663,20.9,0.15,0.9888301048107516,24.7,20.2,19.1,54.025,228.0,3.63121614041164,92.0,11.6037656581312,0.0,16.3020970665988,11.75,202.33748592917735,0.0,27.49326145552561,3.32289711639011,-1.91798,-1.91798,-1079498653.283785,-549400000.0,56.9,0.0,0.0,0.0,0.0,0.2828520919269299,134385647700.0,53.81395645156724,13.5,13943.5,1317714.0,5.0,6870500000.0,40.0,90900000.0,99.67000589275192,436171497.698006,9.506559193338122,0.2560831506341203,2.2064062404310185,0.1273548637041526,26.5859646267237,0.2363835820233094,4.479999337572152,10.796808454677404,2.7266740979285657,-1.8727783647713068,8.181677581124632,0.5687912378528395,116.01,10.526315789473683,4.8732943469785575,4.28849902534113,256.8643274853801,0.0189722504276345,9.63061382263416,8.2267837428432,6.727,28.5714285714286,4.664,61.241,68.80321602741532,15.467,2200.0,45.304093567251456,3.84,2914.137665684663,0.0519740718915733,0.4935192529738965,4.102983791438118,1.732740654889055,32.09019440489598,91.91,86.1112918286554,4.95602525001773,12.733336125746192,-0.0508231818675995,0.0,5.08042908,0.579036711567976,0.026449130943172,29.7951095822399,6.15,6.37550833333333,10.648080581884
Tunisia,-4.38,125820874.668157,110.9,108.9,85.0,32.756839976641,18.4293815112752,2.888142317589814,-2104443202.45913,-4.554471313619414,2233477714.1260304,-14168.0,4.4654169829178985,83.62966522224272,4.773009733986097,0.0282712501941713,0.7714731704282286,2.207284489039961,3.77,3.33897963601069,0.867090153921329,9.0,0.141703841715457,42.10583115,100.0,100.0,55.89769486871669,4.677280021337745,81.7992012653558,78.2141233184121,16.4,0.66,0.2375160894624504,18.7,23.9,26.8,66.657,47.43181013106624,0.405782618495348,97.0,8.79844425383104,0.0,15.45565662189,3.06,72.83513568220089,0.0,20.43182909814512,5.86,-2.391,4.448,-2067206930.2780492,-1334497694.56476,66.45,1.17495019071848,11.219,0.0,0.0,0.0244319569997556,63180742600.0,29.523551770956495,5447.0,98625.8,10765980.0,8.0,24239835126.4496,60.0,2063294676.54045,95.91375519179086,-169791600.918936,7.747853015047712,2.695420761557918,1.4491251537452428,7.161123567122386,16.11332719413781,11.024923469398995,2.441777322049933,5.37615138840053,1.8683563536238097,,7.625525016662267,0.4478466184824278,83.91,64.61122554067971,18.17070030895984,15.209835221421214,69.29698764160659,0.262214865715894,9.40279803260055,8.52174612132458,5.604,27.5700934579439,18.987,41.237,35.12908436534701,25.227,207.0,4.424755406797116,4.195,389.6533339277985,1.1724896164182752,4.414564980171869,1.3913351425292038,0.6592358538375611,-9.085874771751064,85.15,80.15990978105741,6.74499142023043,9.465024549001512,-0.0639763623476028,41.5793663305012,5.60950756,1.07673286637757,0.15552734809636,33.4203938522794,1.66,1.4314,3.56665476111092
Turkiye,0.683439658320279,-6772000000.0,77.3,71.5,89.0,15.8356546730441,7.654451426347109,1.1710918071575438,-44625000000.0,-5.743485206550763,1474999636.534768,55532.0,0.234115396990831,38.5379169734874,22.363180133531973,0.0815645082805443,1.2215123964136023,1.5759956284551186,3.03,8.56644420552976,1.85811143517291,8.0,0.0,16.87221718,100.0,100.0,54.54431704870859,0.3376881684223397,67.96172235863057,69.42167544125127,18.6,0.49,-0.4625117376800488,17.9,6.8,29.8,70.825,98.37565469509914,1.89050772436436,97.0,5.10500743782608,0.000718025,15.1232959506268,3.1,86.90693134332665,0.0,17.55551953314962,3.4642301159229,-65.912809425238,-71.9989343321005,-6519998393.3604765,-7617000000.0,68.85625,0.725044673354386,1.81708290994033,0.153528250747308,26.06293322222643,1.0321578728078482,1157865906134.54,24.490151828196502,167721.0,653646.0,73142150.0,10.0,197021000000.0,60.0,1819000000.0,46.46793682057498,14970524868.73385,24.96435186659212,1.2033466264720376,2.816769594732053,5.576611543748658,25.254508653364944,20.94461138741999,2.0061800580436238,5.252851466214921,6.792082325867327,11.433096234118494,11.963894036845646,2.87622793389071,73.38,50.68929225731845,27.78477969933604,3.912269532112833,95.03547159024468,0.2923622015486282,8.62844353703789,8.52494114619575,5.0,9.10746812386157,12.998,43.007,39.01651929146171,32.289,593.0,27.39378662474176,227.0,3103.545629982165,26.38180371955608,5.242251397103239,7.034014413027799,0.5082408645857669,7.669955294978067,92.7,107.0092836025974,5.3196567855173,7.009283602597407,-0.915285527706146,89.1665895224751,5.02053452,1.51943093763293,0.0627660412092611,26.2226398849364,2.12,1.5028486296723,0.0917414883582157
Turkmenistan,0.0,,76.5,55.0,87.0,23.7218118738438,,16.0841101892421,,,118000000.0,6621.0,0.0,54.02255989559056,,0.0,0.0858288524729161,0.0892554601414102,12.58,,0.0009003601440576,10.0,0.0007613681619303,70.99906921,100.0,99.9988422103789,28.14353500512725,10.53820694470393,23.924878761792915,44.565170059405,27.4,0.36,1.4299574512593611,43.6,16.9,34.6,48.491,153.17933741080017,3.92660048254709,99.0,7.33627751830878,0.0,17.3787247468721,7.51,44.924893281418974,0.0,,2.32,-0.866516,-0.866516,-1894000000.0,,37.8,0.0,0.0,0.0,0.0,0.0,58964099999.9999,59.13116435163606,26.0,15026.0,5564356.0,3.0,,20.0,0.0,99.98199279711883,,53.01490878355701,9.0157231662555,0.9299960790616666,0.2182033842286785,14.205839028965784,1.7270460090920032,0.009109682565694,,6.987016347422738,,13.02113424877353,36.214304316971685,93.28,72.35120124273828,3.8203164301066113,0.0744791777498776,11.840818845359948,0.3486477141290025,8.74822698726042,7.61909062637424,6.067,16.8,2.466,47.826,101.85635538261997,22.883,161.0,8.782159044964144,1.405,252.5000197686848,0.01890756302521,41.228990911629225,23.05636957199227,2.840891307376532,,115.72,220.0132603436613,3.08042523800614,2.3060881533174324,0.334105610847473,2.24690296214172,3.20879436,2.0473578649564,0.0006975138814343,28.4761945328545,2.66,,10.537445576542
Tuvalu,0.0,5420807.918528381,,,93.0,,13.810246365725618,1.4179340977044632,-14013751.299187,-43.64919172162971,,22.0,12.20947123770385,68.52428,,0.0,2.241673221177241,0.0058713164275613,4.03,,1.5267175572519085,8.0,,0.65677679,,,,,19.555986742035884,59.7006272053881,,,-0.768196448775485,31.4,,19.6,54.796,,1.56711102065737,85.0,,0.0,5.79702241331141,,23.33333333333334,0.0,50.20208682556274,,-3.4e-05,-3.4e-05,19095930.043232225,-455233.53400427103,37.38125,0.0,0.0,,0.0,98.47328244274809,55817600.0,5.525714285714286,2.5,11468.5,10614.0,2.0,52246853.0836481,20.0,3919900.61376033,0.0,-3824023.84957204,10.6402813185737,1.5086902098565556,0.0119638125835581,,1.0357645610155448,0.7829911215711239,1.6069925661138431,,-3.631681427046047,,39.26360823359636,69.61306454229113,93.8,60.0,,60.0,353.8,,6.57290470723307,5.69269039418293,9.406,0.0,,,,,,33.33333333333333,,,1.5267175572519085,,5.249137712052445,0.0,,94.65,79.54545454545455,,-0.568181818181813,1.42273163795471,,15.37378216,1.45198280440794,0.0,,1.59,,0.0
Uganda,0.30573663833,499673636.7894517,79.5,70.7,68.0,3.18914625167248,16.85335994484103,2.0390047106745146,-1609773703.872417,-6.035118145701529,1117574753.4853835,-168322.0,2.889725099861595,23.555265698667395,0.8072474637469407,0.0,0.0151799476838773,1.2754820198129988,10.2,3.97655288478168,-1.8932849364791289,7.0,8.23605293683011,37.39066696,100.0,100.0,44.78588236877547,8.236702117274884,41.11777632198936,46.82442399059888,23.3,1.11,2.319425897658941,76.1,32.3,25.0,19.383,1.7194074074074075,1.59628750032014,73.0,9.38937507247037,0.0,11.1172639314733,5.25,134.9111720519852,0.0,18.67566226636373,2.1,30.026574517,43.430215172739,-442406931.8979191,-506658423.45964,66.575,0.0028450113949923,13.09904616666,0.0,0.0,41.05263157894737,53219650600000.0,27.591833618899376,95000.0,508805.0,32390802.0,11.0,6178347674.09915,50.0,770789132.022296,0.0,-42009359.11009658,3.9909403097949,0.912220989104578,15.367433340920195,16.831344557875134,34.278576030055454,22.063443198166063,54.89128336821575,7.040311964193748,2.573084633418261,7.8662186601168145,14.848453340478493,2.31636079575283,90.35,71.14003590664272,33.6624775583483,10.97147416716537,161.53402154398563,0.2083924936468075,6.7880808671883,5.36873033238451,8.263,31.2883435582822,4.288,70.696,92.84035246687417,17.448,1180.0,13.7164372631159,39.0,1204.045518848221,52.0087114337568,1.5651054366308277,0.4580967715690444,0.1468327641447524,2.5995672058367347,95.82,70.1043029434793,3.48746150267985,5.637611638134615,-1.00055825710297,99.878414659033,6.80890226,2.9438913354304,8.09944938230915,6.56366828080155,14.0,2177.55750683358,0.0
Ukraine,18.4480861240751,1351000000.0,192.9,131.1,69.0,16.6580559972938,30.70111117378306,4.5684001828509215,-3016000000.0,-2.135838622148253,4153666768.359801,16030.0,4.627886404422689,79.59043995511273,10.301839738740478,0.0003120914387411,1.3639045140728656,1.3970089640887104,10.26,9.37293105078978,0.1268350032834113,11.0,0.0,41.84223938,100.0,99.7842091250178,55.4893203103736,1.87636359717556,59.59275206562309,76.45306211323111,29.0,3.21,-0.6592772962050839,11.7,15.4,12.4,68.596,32.65818887212489,10.5564758567156,56.0,5.26231235496082,2.85506633054343,14.8765123905655,24.75,-58.26966876597207,47.21333700510517,26.179342029698915,5.99144518110416,-32.0506139080265,-9.23063090952744,-5250742882.83527,-5759000000.0,65.29375,3.49378057537729,0.171360033727011,1.92907582506734,36.94367360772767,0.4353167962378461,1078917000000.0,25.649281402124785,22864.9,232812.9,46456003.0,9.0,69608000000.0,60.0,6535000000.0,8.31603363907895,5044903780.174523,22.27120774252234,3.293112238619274,1.3322781536141743,0.4462225235698216,13.59080835251536,11.164631816435977,1.799438004688319,4.15427750769824,4.467825135156758,4.940698456544041,9.225621685060498,4.754985424518245,99.88,71.23351515569979,56.060553752675546,1.54836705102534,80.190573430919,0.6990915684244294,7.37329624369922,6.85667080300576,14.798,8.0,6.855,51.702,84.19205459419938,19.974,565.0,16.481391976800385,55.1,1186.0684613783928,7.091903743088948,9.955817442814771,18.12686805486875,2.959934615330884,0.2081510663416281,70.19,41.25218717341514,1.30215286377942,13.673228207332896,0.0131317190825939,0.0,6.81387615,-0.360396778842802,0.229686936034046,26.9737703163419,11.66,7.93563941666667,0.898611493068441
United Arab Emirates,0.0,,64.0,64.1,72.0,7.37504004210141,,2.930409873779237,,,-19387338325.391422,161842.0,,133.42924947202954,1.743398743114364,0.0015512660672132,0.2018196011762254,1.7739585413334251,5.36,0.877983288285867,0.0196063821860796,6.0,0.0001651367483675,17.94574356,100.0,100.0,47.58651474758957,6.030387453110957,45.28075055008248,52.2097118886535,8.0,0.25,0.2531565765414466,8.8,19.4,28.2,84.087,617.8581027667984,87.8402339265255,94.0,25.8496797310964,0.0,4.77172683502562,2.54,163.80520130724543,0.0,,2.8387907017297,-10.5670955555556,-10.5670955555556,-83866575.90197414,,31.325,0.0,0.0,0.0,0.0,2.4034316490862064,1102136296000.0,51.678459480187655,198.0,70788.0,6869838.0,7.0,,40.0,,97.57740901978732,,38.41545526204692,21.24049196117537,19.0346267128068,9.108760807783083,43.63137907995508,11.249524898982283,5.740566399683464,1.5286577393497538,-0.8046174846320326,2.4667457818487577,15.751006122137342,10.0947547468288,78.12,5.523796113770769,0.7124753590537877,0.5871585468882005,96.73103351168685,0.0073655303079927,11.3917511829393,12.4092142123675,1.073,22.5,6.085,74.528,47.00453758302462,12.643,78.0,4.467755561813574,0.15,21.834576011836084,0.0196063821860796,2.406599079073841,1.137822553183069,0.586935575587757,-10.809884254102926,192.08,100.0,3.67693861028652,16.527886364070213,0.801757872104645,91.4012404737477,3.74433136,2.39801204084647,0.0001650889566032,26.7034552070053,1.96,3.6725,6.03022231636259
United Kingdom,5.7540149870689,-26967747903.88985,84.8,90.1,81.0,7.4749351876284,43.430040152080544,2.684973590100001,-68893627523.61293,-2.7718410754260248,-31391607503.196075,274811.0,0.1992130132116477,40.73466463028733,17.321450205246578,0.1079761336986775,1.56831173956892,2.468923055223636,3.21,2.49265472467065,5.902191802293686,11.0,0.0,13.06795883,87.5024347222583,6.95746814695039,70.906460651281,0.7777273138177224,86.24079124409081,78.78424618754377,12.4,0.33,-0.6550637943101002,5.2,3.7,10.2,81.302,243.04857621440536,12.1252950809708,89.0,3.34052925512224,10.0983497055791,14.6805831704184,7.8,-22.35416774858552,16.23318268502312,41.7766610147084,5.5,-20.1930451832337,-5.25481447689746,1092432885.6447935,-12327098017.18276,53.60625,0.0001622532695096,1.1826778193701,0.0301037064256683,28.40434703100917,1.4289819483267587,1609260000000.0,18.58801046654975,201363.85,813992.85,62766365.0,8.0,756632653561.2926,60.0,4951404772.71065,45.88756237101283,10009563295.89528,11.792282610726032,1.7824638690020316,2.0820270661652094,2.328573525089402,19.5849186998644,4.606229905866709,2.8016180318861243,3.02629871455909,1.435052570352255,0.5808515008701107,11.50787227227742,4.18687003726287,94.08,71.19414706733352,24.676559335344937,0.1901376431199107,259.4401893109577,0.0951146366369949,6.80728436284757,6.41775337810607,8.9,22.0,6.98,56.873,81.06185642298985,16.189,1220.0,12.644153267474062,145.0,2310.154491183296,7.663209592727083,1.5228589788931486,1.867636263046491,0.1885084652559355,-16.417142116490865,95.03,81.54324038072173,2.64835833082883,1.589080729712805,0.411818206310272,0.0,9.78937912,0.783888646646516,0.0062420648617027,19.2102542570179,10.95,0.647179345560165,0.777607939865628
United States,-182.608907397973,-7492000000.0,83.1,85.6,66.0,8.20902198074284,45.27010580365472,1.7545319211526158,-432002000000.0,-2.870641454488815,-113111000000.0,1594453.0,0.0394046875364435,21.58073797869635,24.06581175855532,1.6971047078581505,20.53139536920474,16.11733707023063,5.5,1.6400434423899,4.074771093748216,12.0,0.0,12.36788559,38.2130323583238,0.479929998459305,77.58349723712007,0.389242928907631,62.48235333760997,50.10807433977193,14.5,0.4,-0.0134893770100095,7.3,11.7,9.9,80.772,121.60795076755744,14.2584836388032,92.0,6.20237374659824,43.9434923860413,15.7587240518348,13.2,8.056303077384941,19.160543847908954,34.67700066750723,4.84096628264901,-727.216042872444,-807.366631149134,205633000000.0,85789000000.0,49.66875,0.166896320336218,127.566458101908,0.46327180553633,45.54586918141892,1.0982475453530145,15254604000000.0,19.2672176722249,496699.0,4893643.0,309378227.0,7.0,2375402000000.0,60.0,5930000000.0,23.24735121950105,1823049366.967558,36.68026820177673,1.8922311955681024,2.0825027450719618,3.877544421665016,48.19482095236992,3.8203035842528426,1.330051516904075,13.139708629062367,1.829923698659357,,24.28132190911608,10.483639316162916,96.27,45.13377542520186,17.680086625518452,0.3009397185217252,33.82136460335264,0.5097853896486387,6.80012617118595,6.45147201983271,7.995,16.7816091954023,8.601,57.592,82.08948833226289,15.231,715.0,33.7494069366007,2818.0,9108.591859633356,10.61439831172361,0.5289226719913793,1.098030258198761,0.3379482806029574,2.647454421968007,89.55,89.63189445941721,3.12775142157991,1.2152866833260705,0.438403934240341,0.0525020167761014,16.19723129,0.846129865832117,0.0447732489410531,19.3707385126508,9.34,1.0,0.261842024879902
Uruguay,1.2629412791779,-686841087.5902075,83.9,92.5,84.0,11.8355368515139,19.461206928552613,5.2230014312504895,-730841067.8942096,-1.7421567938391946,139982157.87958437,-7696.0,0.2977113817184475,36.58132983042249,8.112798396424074,7.752214096302875,42.780936336900005,39.561281380570016,2.6,6.69870886978132,10.812459260638793,14.0,0.0,20.47283554,85.458456172196,0.377855835538743,58.24426907483789,0.0856959830138704,36.199605003165445,31.576585245443457,17.7,0.49,-3.347763854472564,10.8,17.1,19.4,94.414,145.7835710772258,2.26003685380632,95.0,6.70522188765526,0.0,3.14319280376537,16.08,32.696252033965514,0.0,21.7415882425733,3.99525333675808,-19.0947185317672,-16.6666554929664,-1502509033.8509245,-2348781860.803632,64.73125,0.0942144321947679,1.16512175962294,0.0,0.0,10.06611416332992,811354590000.0,24.528855717688597,84.97,74237.97,3318580.0,9.0,10088617714.05969,60.0,124891000.0,0.7449483192103548,-387111565.7482212,16.681655270858982,0.3949190097663497,0.9500150916925928,1.3175637701471627,21.10991927768365,3.270717876740789,2.4237275593075243,7.56679156857534,7.527646178230185,8.864330426659023,14.500339769056966,8.084402506332,93.05,82.46486115872472,11.61581533539024,0.217118043652154,18.96114729745172,0.612611418136673,6.51153863681777,6.92388320789177,9.355,15.1515151515152,9.452,59.683,73.61738640781905,18.124,1300.0,9.892012341446693,92.2,27782.967413773364,89.09721575565696,0.5796794064535876,2.3007939824348624,0.1318429024581877,-1.4561957235598442,85.87,58.26856152902984,4.83941701160298,5.746856984421811,0.824986040592194,0.0,7.87757301,0.256129913246022,1.9101506203386,21.4127326817713,6.31,20.059275,0.0139776102661443
Uzbekistan,0.0,-859809772.990817,73.1,107.5,86.0,14.5602976925053,15.719912902103914,3.341154660129185,2278640124.014056,4.578738377002954,2001895337.30362,-20380.0,6.903109339252548,40.959957692842096,,0.0,0.0538004634397292,2.859596970842656,13.35,,-0.177008177008177,11.0,0.0,58.04501724,100.0,99.9964541233472,39.85955674116161,9.44609386657345,28.268288642550548,59.04563222425235,37.8,0.83,0.6023107220918658,30.1,11.3,34.3,50.956,205.3895014381592,4.39855580602632,98.0,6.43392301444201,0.0,9.71784201343744,11.27,17.262225712856292,0.0,5.17585863093548,7.19133459334964,-22.147,-12.949,854753624.0692099,-1659799355.445249,45.1875,5.93844484670294,9.198,0.177982091255547,4.08080808080808,1.4641654641654642,80292399951000.0,21.229514810140923,6654.0,10732.0,28385506.0,8.0,12639719262.07388,20.0,3435379055.47969,78.6936026936027,1255363952.941077,54.9469833134477,12.177488896978616,3.544494011220472,4.328759835793482,27.394705958019617,0.8887055256043055,0.0004321856664187,5.759866310043378,5.905900269437353,26.069357387533472,20.087662765342955,34.53687609940502,69.94,58.72555587163792,9.571178181751442,0.8235985060519578,65.1205023262643,0.146976418176234,8.87270300069161,7.36905309719431,6.198,22.0,6.446,54.806,57.96252129471892,24.44,206.0,7.6844723004781,16.34,575.6458947746079,15.584415584415584,13.559661817728031,16.78472804400174,2.227075685394445,5.663796567185187,76.41,100.0,12.1626925563439,48.58168995009683,-0.720438122749329,37.0252404687667,5.29938841,1.58433607799586,0.0012606377137725,26.2137776253683,1.79,,6.00105803419677
Vanuatu,0.0,-127938009.326644,72.7,126.6,81.0,4.39552087555736,4.421091599298947,9.409300361515513,-42177782.3496621,-6.288499496410092,22299991.993258037,-1413.0,1.7546425661184897,49.79775404947997,-1.1997506369622746,0.0,0.01261396824975,0.1669065580977087,4.2,2.76269469477348,8.049853372434018,,0.859966127595404,8.85383415,100.0,26.2197324878486,61.72841405624961,0.859966127595404,53.49487464254735,72.92230964784984,38.0,0.64,2.1102591727451,21.2,13.5,25.8,24.462,,1.26576921612025,70.0,9.1978859324471,0.0,8.49402161224245,16.92,43.37425910245556,0.0,15.266606934452852,4.95096038665277,-7.021,-7.021,-21499992.678459305,-62140006.9285598,56.1875,0.0,0.0,0.0,0.0,82.21407624633432,62912525300.0,12.873099883069727,104.5,101349.0,238248.0,3.0,368417382.918475,30.0,11768615.4379827,0.0,6045553.77022231,0.93682604345776,0.8580774765219559,1.0791100938882336,0.0555020999848032,2.240112133769056,1.0875929973000102,0.0151531436766477,2.6905566162431995,-1.085938085148058,12.165450121654516,24.837578218381104,45.568299313994885,116.94,15.340442986054144,1.6406890894175554,10.254306808859722,19.54454470877769,0.0839461401564756,8.78165852313367,5.81982540954646,5.468,3.84615384615385,5.356,61.368,82.13091053407415,31.847,2000.0,36.28383921246924,10.0,41973.070078237804,17.78592375366569,0.3626070489316595,2.730296157954549e-05,0.2274394739115061,4.637157482685936,85.81,117.96221347029892,0.716508488466096,1.4717088033394816,1.27522957324982,0.0,3.52656102,2.34288677835416,0.832399543964073,6.8561113633595,1.67,96.9058333333333,0.0
"Venezuela, RB",0.0,-3730000000.0,123.5,122.6,82.0,10.863372219484,12.677798392084114,0.4026019279978422,5585000000.0,1.4204243637826586,-279693360.65890723,-52781.0,0.0363689675955094,26.63963294259885,0.3675028408519739,0.0,12.091597773989996,31.549216505784795,5.93,28.1874647092039,0.0002812766443696,14.0,0.0,,99.9999999999791,98.8195125345379,39.03186321874201,1.181599939319507,68.54113347888956,54.33355512851057,15.8,0.25,1.0913948845795407,17.2,31.2,19.4,88.083,181.9,4.59201168999107,79.0,21.0841724866711,0.0,17.037693520211,6.05,59.28609302502146,0.0,45.938132408210464,6.54,-89.977,-30.239,-4850923011.484474,918000000.0,61.34375,0.404512915599153,59.738,0.034877436264678,0.0,15.840270025578596,1004289776000.0,48.40860227959086,18225.33,237078.33,28813101.0,10.0,56038000000.0,60.0,143000000.0,16.669157136955356,-7939314626.147,19.36726874712045,8.337108254049962,0.7163772893088957,0.228728056795019,14.117228365704635,0.0747548654525684,0.0408517065449443,-0.0783599062376794,-2.7702325150484057,-3.358842489436469,12.620569326740982,8.497710676587468,107.29,24.375035428830564,2.9476787030213707,0.7936058046595997,32.6660631483476,0.0902367294655302,8.30089670238089,7.61654015443579,5.512,16.969696969697,6.952,59.313,63.13210380948745,18.797,2044.0,53.857491071934696,805.0,27938.67969990457,67.4890961350831,0.4182153806390243,2.438291467824269,,0.9197485084670802,106.08,1822.039270341931,3.46871656377034,45.943268698589264,-1.25623667240143,0.0,,1.30934216855774,0.0553207196000184,21.9677453037682,7.75,2.58206031746032,1.1088831419388
Viet Nam,1.62178,-3690000000.0,55.8,50.3,92.0,17.2886494227553,,5.434739293344299,-4276000000.0,-2.9048681522925275,7885000000.037876,-4443.0,5.141942713915374,106.70838865516863,7.826443401868143,0.0,2.0422212170807814,1.832880107484287,4.44,9.20746648778413,9.656006659431208,9.0,0.0,34.67405701,100.0,100.0,40.62737200322309,2.502247806931049,70.77417263342602,56.17793774512537,21.7,1.04,0.207483593438503,23.1,25.6,18.6,30.417,365.25342995619343,0.0698931135375467,98.0,8.73682428036988,0.0,16.6389496923495,7.03,181.8934699314615,0.0,,5.36,-54.65779,-39.49126,-4566933357.129826,-7100000000.0,63.425,0.452415653552499,13.54475,1.357809559795,20.74750007902806,3.593142471786982,2654839220000000.0,33.02287713600045,2701317.0,4951028.0,87455152.0,10.0,87294000000.0,60.0,7569000000.0,46.51907737373951,-1764847495.746857,7.051723525890213,2.055161645540447,2.24516664640218,1.5426634660555358,5.058455632544381,1.5957163773117056,1.3493700580275632,-7.651181651236115,5.212276836048076,-9.923181155088002,38.76360662233024,22.174103840683767,83.51,34.345056081508105,20.547472980650763,11.748389691471909,279.14722912025127,0.0736080133963977,9.17926386740418,8.02368609577417,5.911,25.7606490872211,1.078,75.418,88.30278335159355,8.242,1821.0,42.73321544619432,359.42,4109.763596317345,38.685647450554775,0.4342469043962169,0.9172948537163024,0.8838197022089416,0.48599040134836,83.27,100.0,3.43936808522055,42.30326724885569,0.148407876491547,57.9348231878541,5.07146072,1.14440259659988,1.83564330366126,21.6785954531193,7.37,18612.9166666667,2.30590735584845
"Yemen, Rep.",0.0,119979685.110242,138.3,999.5,87.0,14.0984931875239,8.019092429661256,0.6103579270764173,-1054136269.98015,-3.4106992352821885,2123360000.0,20269.0,4.937432836020932,50.772081299371216,11.747075228517453,0.0008217593216455,0.6301156549158156,6.485027574421314,3.12,11.1748338605044,0.0251385845043186,9.0,0.0402710807827205,74.01689911,100.0,100.0,33.16554322087251,14.96594347109742,33.364082500877686,62.67901572811216,27.1,1.52,2.289108577102961,54.9,23.1,35.4,31.776,19.457784663051896,1.21158587336404,68.0,11.7058825267003,0.0,6.19859499023096,5.17,202.6425980406158,0.0,31.59659214115337,3.6,-11.743,-1.887,-1818983764.7433853,-188641795.777668,49.93125,0.0,9.856,0.0,0.0,73.43044991620472,6387382485100.0,52.960747751721286,150.0,164011.0,26754387.0,8.0,10629016000.0,40.0,1526000000.0,26.543766920201108,-1561025753.61081,65.28835497243482,34.23664361847798,4.56278673534776,27.94220126981334,33.38956217571194,12.020797504262838,1.3055559955023996,7.605879548210765,4.374497207867464,8.059538518106152,16.912632473830843,29.09116407070923,82.31,44.659734454609165,2.445214690228612,0.5454855389510768,50.6740667083357,0.0482537686249361,8.24388833215028,6.24655416177705,5.586,0.332225913621262,20.203,34.643,14.4346593784796,44.15,167.0,1.03983180862549,2.1,78.4918002419566,0.0251385845043186,3.630983267686674,0.0248756328293926,0.417900591303484,6.139710446806234,119.65,1740.3526169527102,7.00111280393159,23.61629201190512,-2.4237163066864,100.0,5.15932894,3.13856389755931,0.0379009692947646,19.0285269437055,0.058,219.59,14.9256723903147
Zambia,0.0,-27174712.89354265,63.3,84.1,89.0,2.74222431995336,4.747587457911379,8.533196437915763,1525082951.626765,7.5254914765208865,300510183.2357049,22761.0,0.2154261373083774,61.78462533923741,5.707255276617433,0.0,0.0053384523457404,0.1152661725374804,8.31,8.50176133365265,4.341514459665144,7.0,1.33569180261668,14.8048296,100.0,100.0,52.80645570097672,9.9807839971288,58.98183896630071,27.2456641099838,23.1,1.13,2.6506393529980308,75.7,23.6,27.3,39.355,29.173529411764704,1.07517625908042,96.0,7.75060305753159,0.0,17.1596421062093,6.0,21.885052125721828,0.0,28.08865561892887,2.13908721800795,-70.767,-35.1383,-1363000000.0,-633900000.000001,65.31875,13.332916385834,35.6287,0.000284656620519,0.0,0.1236681887366818,90677468100.0,32.23891476107008,10290.0,86686.0,13965594.0,11.0,5598012630.49268,40.0,43657312.0,0.0,-66407162.97781014,21.71297791835919,0.3073658111476721,2.808701588820641,12.35450825234997,9.497019431586198,3.6476715810847686,19.305183115340117,15.387068700274623,6.545123583806685,7.381055393063747,5.8464528905917765,20.646806998051908,89.54,31.525847805324258,4.573642368070596,0.0484268015442768,18.78636247460956,0.2434554520201575,8.02260373965961,6.62792306823118,9.29,14.0127388535032,12.955,51.411,76.92261878173345,37.807,1020.0,62.81494235865427,80.2,5742.6844858872455,,0.1305989703974934,0.0684641635851322,0.1767579260162489,-5.978009142698383,94.21,100.0,0.330114507417017,13.950913193451896,0.515351355075836,0.0034158345949331,3.97471905,3.46192274224024,5.33151906689507,8.67180932498982,3.31,4.7975,2.78136509409083e-05
Zimbabwe,5.15007,837082337.126034,86.0,93.0,76.0,3.27256735284652,23.17013254681197,1.0180261638895258,-1655385673.57752,-13.747220418450592,1401534516.6292608,-108671.0,11.736383309503944,70.88757343072358,6.881142796179765,0.0,0.0733878537674185,0.3359554643874366,17.83,3.02267002518892,0.7069858441707907,7.0,3.46461218956385,34.43103409,100.0,100.0,57.83239922716877,5.818513797541342,30.999391945615105,12.320052917611202,33.8,3.33,1.8861450376562805,85.0,37.6,27.5,33.196,34.083,2.84738752546981,90.0,9.13986329519492,0.0,9.55293345824699,13.56,-19.985443111680446,0.0,36.16472260902373,1.91,-28.05305,15.24422,-607939646.8103033,-122586666.666667,43.31875,2.28456555833204,37.96344,1.6275437742608,31.626194038439404,0.552422603291518,4575900.0,20.69381091607923,5482.0,20032.0,13356548.0,11.0,6440274022.1819,20.0,1413248656.7315,0.0,-279806562.2976088,11.865221128529614,1.5642276241686477,2.410444689447304,1.127234376877871,13.77513523114184,13.065196529337031,57.13538692585529,15.41924775764538,17.760124172093896,48.44432707658393,9.86990516101254,9.798758108272768,105.58,41.74170608763087,10.339925035543493,0.1235078195683081,34.52642626340959,0.2994785778481086,10.5662696831385,7.83797855543733,12.745,14.9532710280374,6.025,62.367,83.73037245722335,17.816,657.0,46.284813235104046,12.26,917.901841104453,67.44654160432731,0.2062402583165042,0.0650762399988036,0.7138244192239813,7.222767381236324,103.76,8.340169395899746,0.399713797670971,4.097637926161667,-1.10401391983032,0.0,10.47583866,1.61334322032425,3.18636130903513,9.24161651627697,3.31,,0.512734385181962
