Country Name,Tuberculosis treatment success rate (% of new cases),"Computer, communications and other services (% of commercial service exports)",Merchandise trade (% of GDP),Energy intensity level of primary energy (MJ/$2017 PPP GDP),"Inflation, consumer prices (annual %)","Electricity production from renewable sources, excluding hydroelectric (% of total)","Compulsory education, duration (years)",Adjusted savings: net forest depletion (% of GNI),Out-of-pocket expenditure (% of current health expenditure),"PM2.5 air pollution, population exposed to levels exceeding WHO guideline value (% of total)","PM2.5 pollution, population exposed to levels exceeding WHO Interim Target-3 value (% of total)",Adjusted savings: natural resources depletion (% of GNI),"Mortality from CVD, cancer, diabetes or CRD between exact ages 30 and 70 (%)","Mortality rate attributed to unintentional poisoning (per 100,000 population)","Mortality rate, under-5 (per 1,000 live births)","Mortality caused by road traffic injury (per 100,000 population)",Prevalence of anemia among women of reproductive age (% of women ages 15-49),Fertilizer consumption (kilograms per hectare of arable land),"Immunization, measles (% of children ages 12-23 months)",Adjusted savings: consumption of fixed capital (% of GNI),"Suicide mortality rate (per 100,000 population)",Total greenhouse gas emissions excluding LULUCF (% change from 1990),Electricity production from nuclear sources (% of total),Adjusted savings: education expenditure (% of GNI),Statistical performance indicators (SPI): Pillar 3 data products score  (scale 0-100),Electricity production from coal sources (% of total),Electricity production from oil sources (% of total),Statistical performance indicators (SPI): Pillar 1 data use score (scale 0-100),Electricity production from natural gas sources (% of total),"Services, value added (annual % growth)",GDP per capita growth (annual %),"Industry (including construction), value added (annual % growth)",Livestock production index (2014-2016 = 100),"Death rate, crude (per 1,000 people)",Proportion of seats held by women in national parliaments (%),"Unemployment, female (% of female labor force) (modeled ILO estimate)","Employment to population ratio, 15+, total (%) (modeled ILO estimate)",Ratio of female to male labor force participation rate (%) (modeled ILO estimate),"Share of youth not in education, employment or training, total (% of youth population)  (modeled ILO estimate)",Renewable electricity output (% of total electricity output),Carbon intensity of GDP (kg CO2e per constant 2015 US$ of GDP),"Agriculture, forestry, and fishing, value added (annual % growth)",Crop production index (2014-2016 = 100),"Employers, total (% of total employment) (modeled ILO estimate)","Inflation, GDP deflator (annual %)",Political Stability and Absence of Violence/Terrorism: Estimate,"PM2.5 pollution, population exposed to levels exceeding WHO Interim Target-1 value (% of total)",Current health expenditure (% of GDP),"Total alcohol consumption per capita (liters of pure alcohol, projected estimates, 15+ years of age)",Adjusted savings: energy depletion (% of GNI)
Afghanistan,86.0,81.18855853059289,34.950594953068645,2.63,2.17853752389419,0.0183183733284484,9.0,0.292788387305452,78.9966507,100.0,100.0,0.3594540238480093,37.6,2.86,88.3,14.4,34.9,1.7778596176055437,62.0,8.39723646063771,3.59,114.439243408483,0.0,2.83706669158337,46.65625,0.0,18.24713520994891,20.0,0.0,18.355405421566573,11.055030552728766,6.27060133814976,98.06,8.402,27.710843373494,10.23,43.182,19.85569691252581,41.84,81.75286479005108,0.5072677658876363,-6.375134493649895,87.58,0.71460427300848,3.8146303154521055,-2.57915186882019,99.9746344313873,8.56967163,0.012,0.0666656365425573
Albania,89.0,26.37618006693121,49.2282921571006,2.78,3.62604695579816,0.0071353065539112,8.0,0.0666425167042147,59.96680832,100.0,96.8365990451871,0.7737077108413483,18.9,0.46,13.3,14.1,19.9,85.02392971246005,99.0,12.6371282050003,6.77,-29.973636355726484,0.0,3.11299225246887,70.0125,0.0,0.0132135306553911,60.0,0.0,2.5763597589837417,3.4856480864462185,0.991721653215194,89.69,6.055,16.4285714285714,15.85,47.426,73.25408618127786,29.72,99.99392177589851,0.4369826473535518,7.2549663984425905,82.74,1.56855101192687,4.127443891207989,-0.191482901573181,0.0,6.23667669,5.9,0.636859916766847
Algeria,89.0,62.94471505949195,54.8561298258352,4.49,3.91106195534028,-0.0024489438929461,10.0,0.0,28.88244247,100.0,100.0,16.208959580062462,15.2,0.64,28.1,22.3,30.8,15.795787789922688,95.0,6.10078792727082,2.61,36.44200858257632,0.0,4.4671956,51.8375,0.0,2.1078409935715223,40.0,97.51169808020292,5.810770149257266,2.7792190819471188,3.5143860058071112,79.63,4.678,7.7120822622108,19.246,39.174,20.266509235051025,24.53,0.378011982332619,0.7354725085312892,6.303473675506581,74.96,3.71030639910094,15.556918121837882,-1.25936758518219,22.7094420336726,4.64001417,0.44,16.1927720686715
Andorra,86.0,,,2.26,,11.26885536823425,10.0,,11.63836575,99.9566358235583,15.1565554804827,,,,4.6,,12.3,,99.0,,,,0.0,3.01,22.45625,0.0,0.0,40.0,0.0,-0.7431076763023015,1.889880843122825,-12.86479591836735,,6.266,35.7142857142857,,,,,100.0,,9.172661870503603,,,0.3743137581101194,1.27827215194702,0.0,7.67537737,10.78,
Angola,48.0,11.098767461176068,80.2654202149643,2.65,14.4696564932577,-0.31950816663608,6.0,0.432163347015003,19.34375572,100.0,100.0,33.12014036467391,24.8,1.16,119.8,25.8,46.5,8.229285714285714,62.0,7.7160734914401,6.89,117.91170945522852,0.0,3.57,64.375,0.0,32.04257661956322,40.0,3.303358414387961,6.468280400211498,0.4543240063552503,-0.0920533055329997,84.72,11.078,38.6363636363636,18.604,64.421,95.73490315229776,27.26,67.6379152138007,0.3134104126269404,8.694133438010638,86.14,3.09008406819568,32.27046912244123,-0.226182341575623,28.7776148226511,2.69509959,8.32,32.6879770176589
Antigua and Barbuda,33.0,5.0232339662453,42.13045636335629,4.78,3.37002540220148,0.0485348540920948,11.0,,24.68379784,100.0,100.0,,17.0,0.26,11.9,5.4,18.1,3.0,98.0,10.6958069782635,0.0,40.84449857896875,0.0,2.25,54.0,0.0,99.9514651459079,0.0,0.0,-5.315216934772565,-9.079453610136795,-25.42374973766404,105.53,5.767,10.5263157894737,,,,,0.0485348540920948,0.2022994429973372,10.86837793555435,101.15,,1.607416905644925,0.904999375343323,0.0,5.37907028,5.74,0.0
Argentina,45.0,43.33188134101394,29.5023394337096,3.26,,-4.997436813077808,13.0,0.0,26.78010178,99.4476413232427,50.1483523313364,2.574008692107096,17.3,0.55,14.4,12.8,20.2,39.158016056584856,95.0,10.998988137821,8.54,30.60378318999009,5.690592389794865,4.52,75.1125,2.035471967622902,13.264293933261914,60.0,44.43439273102408,7.089823508627148,8.968196728992822,8.804897490449548,91.9,7.625,38.5214007782101,9.221,55.544,65.04760345909378,19.459,28.633480141253028,0.3209552230327107,39.52397781733828,86.69,4.50820980219685,20.91512427204698,-0.0847978666424751,2.22690827077107,9.44546413,7.69,2.2420493502156
Armenia,82.0,18.06602348609944,51.769460754365625,3.9,8.17636138473952,0.1093822215375134,10.0,0.284005045030102,77.62413025,100.0,100.0,1.580880882588682,24.8,1.18,18.7,18.0,19.0,66.05484949832777,97.0,11.9973853499192,6.88,-71.19042134877675,38.36080727160684,2.85424148571429,62.14375,0.0,0.0,60.0,22.153751348020336,8.522912732746349,2.911586968161941,7.419340985145183,80.67,9.2,9.16030534351145,21.536,49.482,80.21133386408049,29.567,39.48698197504237,0.5049386951585682,-15.9057766287429,68.29,0.529578831884781,7.768715480676519,0.071855328977108,58.2342657258758,9.23538303,5.06,0.0
Australia,82.0,21.299058404857007,36.0601682575315,5.17,2.91834002677376,3.2529753305812923,11.0,0.0,19.74928665,32.9709729750069,18.9375155841204,2.655808511121403,9.9,0.15,4.8,6.5,6.9,77.03853624703274,94.0,16.6576704950227,12.13,31.35115911308357,0.0,5.08,63.40625,71.32481863049699,2.413510593245495,60.0,17.646174122638634,2.186686612026719,0.6420434864755009,3.111653758944371,85.88,6.5,24.6666666666667,5.381,62.066,80.99721156235334,11.32,8.61549665361888,0.3517966674602162,-0.736007303018198,85.64,5.06462925450787,1.1537724932859137,0.888859868049622,0.0,8.41878414,11.1,0.981467733267183
Austria,75.0,31.33847330246553,79.92477925324519,3.26,1.81353438995062,9.328759419637835,9.0,0.0484573591225784,18.60162735,98.4515418523421,52.0533754614002,0.1343467636250822,12.4,0.29,4.3,6.8,12.4,99.8064232292125,80.0,17.3593818142211,16.05,10.535290813003684,0.0,5.4,61.19375,9.42385558429873,1.7897311888426497,60.0,20.176301878303903,1.6989107401388424,1.5645333788081928,2.6737587691078915,97.13,9.2,27.8688524590164,4.679,56.953,80.60580563735802,10.788,67.755820492633,0.2050324734080339,-6.005558511921365,92.34,6.25235181211821,0.8913386949096491,1.15264821052551,0.0,10.22101879,12.23,0.0812464922746426
Azerbaijan,73.0,45.19810763355721,62.790479689155774,3.89,5.72687224669605,0.0063602351683591,9.0,0.0,60.27914047,100.0,99.9999999999652,20.697507369046267,27.5,0.71,37.7,11.4,36.1,9.954885621782283,89.0,5.7589511600062,2.76,-33.75121606084727,0.0,2.9,61.675,0.0,0.1229289150187065,50.0,81.4537680384821,7.538608426365442,3.5494556573481475,4.693274791266404,86.19,5.9,16.0,6.814,57.437,96.30673581805884,9.64,18.42431854623196,0.5550401586154721,-2.1850696585377136,86.57,12.0853863773511,13.827665595181116,-0.238546922802925,0.498857878857273,2.64634848,1.81,20.6300390038453
"Bahamas, The",69.0,7.782432263525408,34.49963152848324,2.53,1.34402738392836,0.0237400975408355,12.0,0.0156591214514199,27.59894562,100.0,98.9617480991338,0.0156591214514199,21.9,0.22,15.4,12.7,17.0,,94.0,7.49304173785918,3.83,21.837937103068334,0.0,3.8356,35.5125,0.0,99.97625990245916,40.0,0.0,0.5877075953443409,0.2488370375535424,15.03847050594544,95.46,7.322,12.1951219512195,14.744,62.179,84.1364853260595,22.463,0.0237400975408355,0.113873919962245,1.1949215832710962,91.47,0.889137456770114,-0.3925655656247926,0.993692219257355,0.0,5.25594234,4.33,0.0
Bahrain,96.0,27.51146572846642,101.58552641369972,9.59,1.96188468334623,0.0050369375419744,9.0,0.0007509067193193,26.74535942,100.0,100.0,21.38243900981512,19.5,0.25,8.6,10.8,40.4,1336.0825242718447,99.0,6.24267117630789,5.6,66.14797103194398,0.0,2.735,37.89375,0.0,0.0,30.0,100.0,6.297067566004927,0.0771669589062469,2.3439731234987,24.39,2.077,2.5,3.682,70.934,50.14840891834059,16.84,0.0050369375419744,1.0561131383614306,-8.547823323800444,88.39,1.5972002294224,12.006950909995282,-0.493476390838623,100.0,4.08934975,2.35,21.3816881030958
Bangladesh,91.0,75.3560846560101,40.78488808561892,2.32,8.12667639169917,0.3091763784154343,5.0,0.341808535999408,67.95515442,100.0,100.0,1.049267655243711,22.0,0.18,48.9,16.9,34.7,208.02432296890672,88.0,7.39571415253942,3.72,53.83215227606224,0.0,1.77802832192127,58.25625,1.890118499657232,3.616198217608461,60.0,92.48849280188033,5.528829338452795,4.650462973555136,7.032201958202293,60.74,6.049,18.5507246376812,4.345,56.597,43.484558921985126,30.06,2.1992948780726667,0.4230051522544411,6.151947120835473,89.65,0.220317442860169,7.144663028108411,-1.42578947544098,100.0,2.28807664,0.004,0.707459119244303
Barbados,100.0,15.342034363686096,38.48829608094563,4.92,5.82421853311866,0.1505994831037096,11.0,0.0142782737551399,38.09718323,100.0,100.0,0.2761743458132179,17.8,0.14,13.9,8.9,17.9,135.08333333333334,85.0,10.9245676824744,4.37,18.688219560414,0.0,5.78,57.45,0.0,99.8494005168963,40.0,0.0,-0.904983682896372,-2.6155998628726707,-10.033200229108402,95.41,9.203,10.0,10.473,61.533,87.12386568032132,27.917,0.1505994831037096,0.1507935030494532,7.089273374594399,141.65,0.982820969805432,18.85272899213608,1.06063663959503,0.0,6.77094746,8.27,0.261896072058078
Belarus,78.0,27.73934064102029,105.13017255074035,6.99,7.73574804312508,0.2447915174093709,9.0,0.0,29.16505241,100.0,99.8139746599063,0.616456716938427,31.2,5.11,5.6,21.9,17.9,270.46070460704607,99.0,14.5042872291795,34.16,-32.15910853253345,0.0,4.95,52.09375,0.0802407221664995,2.37569852414386,50.0,97.14572288293452,7.219102991075928,7.985732825819625,11.906913856660095,92.13,14.5,31.8181818181818,4.555,59.015,82.84060397840459,10.533,0.3737498208912451,1.241364510268261,2.310162464404101,108.41,0.557668832315228,11.340309882079438,-0.0949900969862938,3.48966894370546,5.65694332,14.99,0.616456716938427
Belgium,78.0,51.92473394704642,165.89309745144655,4.79,2.18929920422457,6.680728687579958,12.0,0.018994257931132,19.72496033,99.4955888679424,71.3937787798193,0.0398098652431534,13.0,0.57,4.5,8.1,10.9,324.94604316546764,95.0,18.988033537401,20.53,-0.6585575483672668,50.69094215540119,6.1,51.14375,6.296190566815746,0.429261691037312,60.0,32.60802909675305,2.572923089218236,1.7761834163912056,3.0617147383691616,92.89,9.7,39.3333333333333,8.516,49.67,78.44792196916205,10.865,8.444296423171673,0.2638711951328635,8.505389788125555,101.19,3.39487730950593,1.7031044452060513,0.810646176338196,0.0,10.20009708,11.33,0.0208156073120214
Belize,0.0,10.425030122261816,67.82379561207539,4.31,0.917977378808888,20.467343824009266,8.0,0.426442697260597,24.62802124,100.0,100.0,4.315053114585967,17.6,0.43,18.8,14.0,18.4,58.013333333333335,98.0,17.4220474559436,6.45,70.03174603174604,0.0,6.47142857142855,62.04375,0.0,10.27314351876217,40.0,0.0,2.760844597579279,-1.295373280947132,-11.675191815856778,79.11,5.173,0.0,12.843,56.715,56.97391744745504,28.038,89.72685648123783,0.1226454441874239,7.156410951477369,101.1,4.03850588948776,2.2485368571528994,0.0704276859760284,0.0,4.49390221,6.13,3.88861041732537
Benin,90.0,25.756986337957017,34.98562447900969,6.0,2.20783532536524,0.0,6.0,0.0,43.51421356,100.0,100.0,0.0019178388773158,22.4,1.23,108.4,28.2,51.8,9.134,68.0,13.6350929720797,7.37,201.4078299196266,0.0,4.79,52.23125,0.0,99.1304347826087,30.0,0.0,2.4291252837945336,-0.8882448051443532,3.367779982989177,83.68,10.405,10.8433734939759,1.148,71.118,92.45136603248508,15.886,0.0,0.5584925164060763,-0.8338778557617985,75.76,1.26119083019613,0.8808856704779089,0.261260122060776,34.4369028675816,3.00988984,6.61,0.0
Bhutan,91.0,0.9685355428226644,87.48416279563187,12.14,7.03638316073019,0.0055730367906167,,4.87932610587727,16.48263359,100.0,100.0,4.934500518747551,18.0,0.1,40.3,13.6,28.0,10.03976143141153,95.0,8.53501179662134,5.15,64.82412060301506,0.0,3.05,67.46875,0.0,0.0042869513773974,40.0,0.0,11.487809930359449,10.712420842869562,12.74428208888179,66.84,6.647,8.51063829787234,4.072,65.887,87.72131556343686,13.693,99.9957130486226,0.5367312300064856,0.9540076537495992,87.23,0.125048272311002,8.326962415046893,0.742221653461456,72.2195876537086,3.29502344,0.68,0.0551744128702799
Bolivia,85.0,35.366199673428284,61.02884788405731,4.01,2.50327605844241,1.6614692653673164,14.0,0.0,33.27740097,100.0,99.9790019848446,5.179731556266431,17.8,0.62,42.0,17.3,25.7,7.006242335623255,88.0,8.91766027877821,5.76,38.16902644709568,0.0,7.21,72.5875,0.0,2.023988005997001,60.0,64.09295352323838,5.160633398847935,2.4284571305270646,3.843101916314581,83.52,8.036,25.3846153846154,3.17,66.638,72.95878349315588,10.031,34.37511244377811,0.5849039356504678,-1.1780796527410755,75.5,5.42691385115656,8.777508115545231,-0.415407210588455,20.0644742343417,5.20230532,4.66,2.65289965051354
Bosnia and Herzegovina,98.0,48.47447175170468,81.65895504176893,6.66,1.99621236745887,0.0020439149731371,9.0,0.0,30.07586288,100.0,99.7782480691262,0.2811064870860968,19.8,1.92,6.8,16.9,21.9,81.52988047808765,91.0,12.8234746970297,10.47,-13.62568161936606,0.0,,56.40625,52.53445456669002,0.2803083391730904,50.0,0.3153468815697267,0.9699719710573332,2.6737224888054385,1.6363023192934776,108.9,9.961,16.6666666666667,29.774,37.303,63.20864166562148,28.728,46.87193412754029,1.4644343827748134,-3.965087120430781,95.42,4.88310424603634,1.406293966206036,-0.693730175495148,43.5193337492411,9.01888275,5.74,0.186657140119524
Botswana,78.0,20.68627894930337,81.90057814321831,3.4,6.94887658743103,0.0451127819548872,,0.351848657800867,4.99356318,100.0,100.0,1.546400046369841,25.2,1.94,55.8,24.2,27.3,83.12741312741312,96.0,20.4195918625773,16.46,7.87172646594434,0.0,9.48,56.85,100.0,3.421052631578948,50.0,0.0,5.710834927626138,7.821147001964562,16.819795613932627,131.71,9.625,7.93650793650794,21.613,49.171,79.96431837603636,35.994,0.0451127819548872,0.2971662103783342,5.816764039295919,90.82,2.59631681407604,7.6854922364130545,0.991209805011749,0.0,6.26718187,7.47,0.29947288807291
Brazil,72.0,61.02199170696342,17.820140971109783,3.85,5.03872690108075,6.616119818581264,8.0,0.0,29.38520432,90.9381232942568,46.4631156249157,1.6781411164888729,17.4,0.096,18.6,24.3,22.7,202.79676529520472,99.0,17.9864817580716,5.25,68.18288554852221,2.816101203576408,5.39,75.35625,2.198509636173608,3.115104719097637,50.0,7.0727323142910885,5.803652853035572,6.627829949323271,10.20307129862303,90.64,5.801,8.57699805068226,11.47,60.574,70.85725318573819,19.04,84.81639788021631,0.258209399563851,6.696942485605973,87.79,3.92760378643332,8.423338337604363,0.0134759107604623,4.02228175532646,7.94516611,8.63,1.12294789741317
Brunei Darussalam,78.0,,83.4967457710696,5.15,0.356869132017561,0.0213607594936708,9.0,0.0683497628630149,8.26134872,1.76724442391376,0.0,18.712135164369517,16.1,0.29,9.7,7.7,15.3,431.75,94.0,9.47411025978271,1.05,70.13099399328064,0.0,2.03,33.80625,0.0,1.0021097046413503,20.0,98.99789029535864,4.499911909660952,0.8087377107755032,2.1797334398947896,89.42,3.825,,7.623,62.261,75.62277106509822,18.018,0.0213607594936708,0.5678764102562118,-16.557829521842876,87.2,2.94853094394666,4.980089565097188,1.27754700183868,0.0,2.27826095,0.28,18.6437854015065
Bulgaria,87.0,27.20341153726528,91.03149248515766,5.5,2.43899060504113,1.567294707735837,9.0,0.0,43.14134216,99.9643895445421,97.4978132700892,0.665859849273768,25.6,0.81,10.8,10.8,21.4,97.05335844318896,97.0,15.5800221155882,12.4,-39.73601807443815,32.68600090026365,3.98,63.01875,48.45561914560693,0.8423895569416757,60.0,4.216234754463807,7.044110601375706,2.226078799625526,-7.155681228322862,108.91,14.9,20.8333333333333,9.607,48.003,80.22245336196484,21.145,13.770154116562708,1.0412980509828416,-10.862958498073697,87.54,4.39990705014308,0.7641298789165916,0.360091060400009,2.3042528954796,7.09477949,10.66,0.258182133224804
Burkina Faso,78.0,51.21168217172488,35.99541914865574,5.31,-0.764230734676758,-0.0305882352941176,10.0,0.0,30.16873169,100.0,100.0,3.19018051324321,25.3,1.41,121.5,30.2,48.3,8.842779488596884,92.0,8.33504080152618,8.69,112.94578474138696,0.0,3.23,70.54375,0.0,85.05882352941177,40.0,0.0,2.664269087607821,5.31934915891263,12.017033234324288,101.07,11.334,15.3153153153153,4.161,66.702,73.50978508974343,36.495,13.851764705882353,0.2166971699113568,14.5667757607862,69.87,3.89817471801873,3.779618728157047,-0.117637142539024,71.6377051612389,5.23958349,8.11,0.0
Burundi,88.0,44.03698374990259,30.01768791750015,7.98,6.49326591473993,3.0783398013549954,,23.7911565875236,28.18636131,100.0,100.0,23.92788002303212,25.0,2.4,90.8,33.2,26.1,3.627368421052632,92.0,13.8505703170363,7.31,43.16091556600514,0.0,6.36,51.0875,0.0,11.53719660593304,40.0,0.0,6.619504800404258,0.3166839877927856,0.7985647211512799,71.04,10.509,32.0754716981132,1.146,77.155,102.2246008614686,7.771,88.46280339406695,0.118182630826868,1.0305273939309672,101.46,0.656260062876693,8.56155516425477,-1.6259593963623,100.0,11.28196716,6.17,0.0
Cabo Verde,,6.310750682611356,43.07435910117805,2.69,2.07866470906424,1.2129459795278386,10.0,0.31159531826493,28.08193207,100.0,100.0,1.34152269412001,14.3,0.3,26.7,23.5,43.7,,97.0,11.5839399516067,14.6,348.10304449648714,0.0,4.91,61.7,0.0,98.78705402047216,40.0,0.0,3.319227903525743,1.1086794111808729,-3.210399786393125,100.26,5.224,18.0555555555556,10.862,52.812,76.73184441055999,33.061,1.2129459795278386,0.4626774160271696,-2.6694382750110464,87.65,4.98118498962025,0.6544154060920988,0.840972781181335,0.0,4.08108234,5.63,1.02992737585508
Cambodia,89.0,8.761857717208343,86.42394349579374,5.05,3.99639528107218,0.7903543307086613,,0.0,51.90946579,100.0,100.0,0.0,24.4,0.47,43.7,18.1,40.0,15.627177161152613,90.0,8.00911382226314,4.56,65.73431895322703,0.0,1.59027265944292,66.31875,3.346456692913386,91.14173228346458,20.0,0.0,5.076709090634111,3.454351171337052,5.682962993352618,98.71,6.26,21.1382113821138,0.794,84.098,91.74389596902552,8.645,4.038385826771654,0.3077377713191119,4.42583388246112,70.8,0.329143835229242,6.264998869323193,-0.50098443031311,10.72805723562,5.62713194,4.71,0.0
Cameroon,78.0,44.60656829584855,32.75833646627645,4.47,1.27538046242338,0.0232203389830508,6.0,2.67913364582439,76.0213623,100.0,100.0,6.366005904771628,27.0,1.21,110.0,28.9,38.3,9.239032258064515,79.0,13.5444723500097,8.12,1.4849411819890523,0.0,2.96,66.96875,0.0,19.71186440677966,40.0,7.067796610169491,4.675114482847505,0.0001364214844272,-1.5329620037036165,77.68,10.86,13.8888888888889,4.903,73.097,85.8561126540954,14.753,72.22661016949152,0.3081663560356006,5.019469927716187,81.99,3.26845126135057,0.6881870827776453,-0.736971437931061,100.0,3.57742167,12.55,3.63347309449208
Canada,78.0,52.76286450508216,48.85610661810894,7.02,1.77687154092627,3.002313294728673,10.0,0.0,15.61018085,13.6672176250704,0.0,0.559054627602334,11.1,0.33,5.7,7.3,7.3,79.65645978719452,90.0,16.4774589067645,12.89,24.524688235075786,15.03359666752897,5.0,49.7,13.19009147049264,1.3826703546720265,60.0,8.603632287292964,2.539756503809727,1.9514474469071388,6.681882998773148,100.3,7.1,22.0779220779221,7.354,61.275,86.21857405652489,13.697,61.28424007853594,0.4011937848282134,1.3019929942822015,78.66,4.84956670605832,2.8486377956180178,0.936318218708038,0.0,10.70405102,10.21,0.273815795655638
Central African Republic,59.0,,20.535878710587827,6.76,1.49102370047802,0.0992555831265508,10.0,0.0,59.52026749,100.0,100.0,0.0253474908534628,32.1,1.43,149.2,30.5,45.1,0.2942584514721919,53.0,9.0478674072517,10.24,44.13253139738222,0.0,1.15,47.26875,0.0,0.1772421127259837,20.0,0.0,9.1038920937022,5.470380965936926,-1.7412025491826029,90.53,15.907,9.61538461538462,6.185,68.972,82.39690560858445,29.217,99.82275788727402,0.0860878897150348,2.962096910599982,99.52,1.20635997132007,4.211309310975111,-2.0206253528595,100.0,3.56699872,2.45,0.0
Chad,54.0,,42.67878618631406,3.92,-2.07786574641866,8.83,10.0,3.6920106122663,67.58454132,100.0,100.0,15.423744855837764,25.5,1.43,147.7,24.7,52.0,4.033333333333333,46.0,8.67514475454103,5.56,172.6070356445455,0.0,1.48,40.63125,0.0,100.0,20.0,20.0,4.571362388719265,9.923591815927637,9.577251972494707,75.78,15.178,5.16129032258065,0.546,63.589,71.87905198572363,35.627,8.83,0.0441775533971888,24.733472671125327,106.28,0.729754345698719,5.523090027345788,-1.52482771873474,100.0,3.04079008,3.86,11.7229173899514
Chile,71.0,14.654725233689874,60.03928771333672,3.7,1.41071107954321,4.826753152199093,12.0,0.0,34.46762848,99.2864982318215,92.5745810154467,6.454926455383275,12.9,0.28,8.7,12.5,9.0,285.97005790488936,93.0,13.5979664811121,11.72,76.49444706060282,0.0,4.23,70.24375,27.908131184432605,14.015289406625408,60.0,17.688718271171858,7.103510424273821,4.793637480146359,2.1830432607665955,96.35,5.76,14.1666666666667,9.857,55.209,63.10080242077108,19.536,40.7618228149717,0.3613026777584281,3.594804074358592,90.59,4.51489744164769,8.85744148942345,0.679604530334473,2.53444381285989,6.81958389,7.79,0.016923102112135
China,95.0,53.16239610317754,48.02535072775575,8.96,3.17532475269199,1.6310761448510014,9.0,0.0,40.8000145,99.9999974253327,99.9852966777226,3.89428267632036,19.4,1.96,15.8,20.3,16.0,425.2393477857329,99.0,19.1406455408245,10.58,190.5516393380456,1.7557063426673951,1.79,51.65,76.98929156963902,0.3530424123804389,50.0,1.8551124015653069,9.597929782416005,10.06342432075354,12.683595697802346,92.48,7.11,21.325744894543,3.929,67.746,81.53773258717617,15.855,18.792986822934356,1.1844450884535698,4.251069684340664,86.35,4.15668697006577,6.928457312959964,-0.65706068277359,94.5970786528437,4.23068333,5.9,2.47644230809394
Colombia,74.0,30.13575881259274,27.99281338501268,2.39,2.27200227892008,1.9020270827491792,10.0,0.0,17.0035553,99.8760372413248,84.3079999299519,5.344495619366382,11.5,0.11,18.3,16.2,19.0,546.9416488796624,88.0,11.7403631662462,3.89,28.23844141688565,0.0,3.89283198923468,71.3625,6.754193537745963,2.802289333487275,60.0,19.74302726418051,4.921617369507956,3.31434936742798,3.2602142050624394,85.57,5.012,12.6506024096386,14.398,59.598,67.76294488306642,23.437,68.5384551947088,0.2817107198284851,0.3038521420320421,82.52,5.15153078959289,3.804860291463825,-1.53718483448029,0.0,7.07130194,5.07,4.74812118007598
Comoros,90.0,28.44085123724669,27.97420150881077,2.78,3.35475770328922,0.0,6.0,1.59493788752637,80.46083832,100.0,100.0,1.59493788752637,21.3,1.56,55.1,27.1,26.6,0.2547692307692307,72.0,6.58223244836773,6.35,59.466019417475714,0.0,2.39638988802859,46.44375,0.0,92.71137026239067,20.0,0.0,0.9302549646157844,2.7382808640991243,20.449452224671475,101.76,8.706,3.03030303030303,4.696,41.388,60.235298456545394,28.255,7.288629737609329,0.2106327867283076,5.160283931043438,97.99,1.92611503608306,0.6824621516972229,-0.562939286231995,0.0,4.99181557,0.2,0.0
"Congo, Dem. Rep.",89.0,50.30949105914718,45.44248708225785,14.13,7.10000000000037,-4.113607674829589,6.0,18.517450431943,37.0503006,100.0,100.0,22.90312242481471,26.0,1.36,113.5,36.0,45.9,0.8237875795479482,66.0,6.4586563515575,8.08,22.02076303974674,0.0,1.52,46.76875,0.0,0.0757384498863923,40.0,1.009845998485231,-4.5503855188477615,3.747731439553832,28.66857556873842,95.85,11.654,8.4,3.26,65.192,91.7309020193622,20.558,94.8008078767988,0.1128399884768937,3.6144240552732327,81.26,1.83489659510147,20.786325148869334,-2.19674205780029,92.4845959460551,3.72224283,3.06,1.2881638635729
"Congo, Rep.",77.0,64.08054486230388,85.84316914671342,3.13,0.391525011227612,4.036989795918367,10.0,2.68331582899676,42.15446472,100.0,100.0,35.06919766062316,26.2,0.85,62.5,27.0,52.2,0.5411764705882353,75.0,26.7074383085313,8.03,102.4520098743598,0.0,2.52,43.10625,0.0,1.530612244897959,40.0,43.75,4.664700550803431,5.470469704356077,13.188295798032328,89.8,8.23,7.2992700729927,20.601,54.592,98.07599455718614,29.337,58.756377551020414,0.5083819561678432,3.874585673716567,83.76,1.13878012847281,29.417683796629632,-0.316415846347809,90.341885439457,1.85172856,4.65,32.3747224829651
Costa Rica,88.0,46.50158789018487,61.1227970200022,2.54,5.66275708420021,16.730564541375355,11.0,0.0,25.38431358,99.9999999997965,93.0063619609267,0.013125611762689,10.9,0.15,10.5,14.0,10.3,519.3177333333333,83.0,5.97931757780867,6.52,40.80693737667463,0.0,6.41787721101785,70.5375,0.0,6.688928310549932,50.0,0.0,6.116591044178037,4.06134325895124,3.22294506608813,97.5,4.256,38.5964912280702,9.092,54.968,58.87463798096814,19.088,92.51059167275385,0.1546230943846981,6.33269859105306,84.9,3.50946083093779,6.628844861793667,0.691537201404572,0.0,8.02937698,4.0,0.0
Cote d'Ivoire,75.0,47.52874885448941,55.12603109347003,4.55,1.22645612135479,0.0,10.0,0.0,56.47934341,100.0,98.4824793226902,1.688044890645479,24.6,0.9,102.2,25.8,50.7,32.08586206896552,64.0,4.05082486514043,7.93,90.19542959473664,0.0,4.39678070961784,62.13125,0.0,1.4249790444258172,30.0,70.29337803855825,7.2164394669523375,4.519307454766803,-4.003464737701108,87.8,10.851,8.86699507389163,6.731,62.541,82.34035302937369,22.652,27.124895222129087,0.2111448111870356,-4.050426966483784,73.51,0.876986150985757,1.5162179241976048,-1.5838942527771,0.0033723149842735,4.57494831,2.82,1.58801772506266
Croatia,76.0,20.351236105129917,54.03875947252806,3.72,1.03055505333574,1.1583680042947255,8.0,0.15915253246146,13.95677757,100.0,85.3420099256428,0.759551195955811,18.3,0.43,5.5,10.5,20.3,297.30981866430784,96.0,17.8509505553517,18.03,-17.824523219416243,0.0,4.08,52.13125,16.004563145886458,3.757884847671453,60.0,17.131928600187894,1.3624291538957325,-1.11003223418777,-8.825917656458444,90.12,11.8,23.5294117647059,12.306,46.43,77.09533699584618,15.666,63.10978392162126,0.4073925172147903,-9.079919789689924,95.74,5.5260997074383,0.9201131494297528,0.608463644981384,0.766856064755217,7.96871901,9.48,0.600397396113374
Cuba,90.0,,27.55067777639597,1.85,,2.679025119273438,9.0,0.125118457233774,9.1819706,99.999999999981,99.6595835775439,1.750065475968552,17.2,0.14,6.2,8.3,19.8,37.23382092198582,99.0,12.1443954785015,14.36,-23.469381160122797,0.0,13.01,43.05625,0.0,83.7155831465195,40.0,13.042478588262345,3.950288504216587,2.3659723658808787,-1.3110263183641564,91.09,8.151,43.1596091205212,2.708,53.453,61.63660684099895,13.314,3.2365925159510263,0.3717368742918471,-5.913410770855336,84.39,2.21534935431179,1.2020485294816865,0.349292427301407,10.4691787348714,10.6880827,5.5,1.24842134429734
Cyprus,26.0,10.416800478668534,38.6473765830725,3.25,2.43004084102254,1.3739195791055994,10.0,0.0,43.10596848,100.0,99.4148599017614,0.0237027728580779,10.4,0.001,3.3,8.2,12.2,202.772397094431,87.0,12.2907667398996,5.21,74.62066674050283,0.0,6.22,53.63125,0.0,98.6283352123262,60.0,0.0,3.851019350028025,-0.3567694202190097,-5.063855750222629,105.43,5.883,12.5,6.512,60.108,82.11567948208301,11.683,1.3739195791055994,0.3656790731323641,7.661725632089286,110.17,4.72746528678606,1.881382039433177,0.452444821596146,0.0,6.50055742,9.12,0.0042554418147126
Czechia,73.0,39.96753517411214,122.95100562813542,5.37,1.47272727272722,3.624751172834476,9.0,0.0319083247646316,13.85482121,99.9684096538509,95.1460232965776,0.2988434136556116,17.8,1.05,3.4,7.8,20.7,119.2838892748231,98.0,22.6259817423191,15.1,-27.3249874361494,32.59257534661187,3.93,47.125,57.90135385260119,0.2316566359731325,60.0,1.5855092371628463,2.503901983771101,2.415829488839364,6.381065767577425,99.55,10.2,22.0,8.46,54.095,72.45180279617365,9.044,7.559421673282656,0.6930859209076595,-19.574803300894388,80.83,3.64533316987566,-0.485125297413731,0.989233732223511,3.75396016571226,7.55343866,13.33,0.26693508889098
Denmark,74.0,26.211700593458858,55.68309395225545,2.87,2.31092436974789,31.929339714888584,10.0,0.0056531229820642,13.7077713,96.0990141660438,2.4180665777129898e-11,1.0159347764567843,13.5,0.22,4.1,5.0,12.9,113.7121024370095,85.0,17.42329861874,11.69,-8.45108975073825,0.0,7.94,47.7375,43.75997118007308,1.9916628068550253,60.0,20.34378055684216,1.876103076398067,1.1326693825002252,-1.5001946378416733,101.0,9.8,37.9888268156425,6.763,58.677,86.22857811311924,6.857,31.983377077865267,0.1709174980459463,32.41223471012199,89.12,2.98528707766556,3.18685979296221,1.04096102714539,0.0,10.60774708,10.39,1.01028165347472
Djibouti,80.0,10.681336963097394,40.66943483333167,3.55,3.95007875923885,0.0,10.0,0.825460149335157,26.46213531,100.0,100.0,0.825460149335157,20.3,1.54,75.9,28.2,26.8,15.35,85.0,20.1330031908576,6.31,8.789242531041586,0.0,7.80288270781746,48.675,0.0,100.0,20.0,0.0,,,,128.76,8.85,13.8461538461538,36.803,24.609,34.68445048792193,23.678,0.0,,,87.23,21.2383305875892,,0.253481268882751,100.0,3.35699701,0.69,0.0
Dominica,100.0,7.101430291047322,50.20589618272753,3.02,2.99936630549,0.9390609390609392,12.0,0.0501129160323388,38.80086899,100.0,100.0,0.0501129160323388,,,25.0,,19.3,52.16666666666666,99.0,14.1071446261542,,76.60377358490564,0.0,5.0,50.65625,0.0,75.95404595404595,0.0,0.0,1.771466617186391,-0.0983573113798996,1.560386037701818,101.98,11.51,12.5,,,,,24.045954045954048,0.1309246649085428,-8.10599324204162,81.75,,0.9290490618958528,0.903117775917053,0.0,5.15711927,6.55,0.0
Dominican Republic,80.0,8.625759654969613,41.34305671352848,2.57,6.32993220146146,0.7522960745628954,15.0,0.0359678866431284,36.44626999,100.0,74.2779906312133,0.1045152936918305,16.3,0.2,35.1,27.8,19.7,107.00625,85.0,4.44951957147707,4.18,98.55696598190563,0.0,1.910150584631,57.88125,12.606299748282195,54.29621062657324,60.0,22.94713926117423,8.2869030960737,7.0223118298609535,8.64404341225935,94.97,5.663,20.7650273224044,7.049,53.75,57.83520464102813,25.599,10.392407646778691,0.3759632872076121,6.60415064841358,71.08,4.06760226488251,5.349311343617799,-0.0449540354311466,0.0,4.92355442,6.84,0.0
Ecuador,76.0,17.036104818623585,55.87712016591782,3.47,3.55437734567843,1.2271143003587903,15.0,0.442619710008458,46.95374298,99.9997174919515,95.213002688386,9.85463781154314,13.1,0.54,19.2,24.5,18.6,252.07097100472012,95.0,13.5368396524193,7.99,78.00828892212415,0.0,3.88,72.46875,0.0,45.530497180932855,60.0,8.980010251153255,6.174691217160472,2.299025938148503,2.3128704880006694,92.16,4.814,32.258064516129,4.968,60.121,61.81090197492082,15.66,45.49159405433112,0.4935944486418809,0.4668343293406423,102.99,3.93017415171809,9.01371738601253,-0.586674451828003,0.0,6.34925699,4.12,9.3046686895969
"Egypt, Arab Rep.",89.0,12.266491658904243,36.24060251947621,3.51,11.2651882653185,0.8293494893975828,9.0,0.226362733620897,62.62810135,100.0,100.0,6.658679022532676,29.9,0.32,28.6,13.7,29.6,473.3727810650888,96.0,6.50506254425613,0.93,97.82733540111876,0.0,4.4111256,69.08125,0.0,12.35564161019331,50.0,78.43165422691358,5.626522306563288,3.149778511682939,4.8272295112633685,96.42,6.076,12.6953125,21.941,45.045,30.790270327686013,33.084,8.977752100184254,0.7340912573373325,3.47448069044853,88.42,14.744165783918,10.106864629572115,-0.898418307304382,99.9970567210338,4.15319157,0.2,6.34734860805618
El Salvador,92.0,50.427654095628526,70.00789248869249,3.91,1.17933576873673,31.85360962566845,9.0,1.05965719467042,37.80865479,100.0,100.0,1.05965719467042,11.9,0.89,18.4,22.3,10.0,184.17149832163565,92.0,8.58780110980174,8.18,59.99750097184429,0.0,3.16,71.21875,0.0,34.95989304812834,60.0,0.0,1.353790577622476,1.8180161360778868,2.842176639725295,99.19,7.216,19.047619047619,4.159,56.959,60.24587478210724,27.214,66.67981283422459,0.325890079436739,5.014747074322884,105.48,4.11115110699239,2.5979205150403573,0.0588422268629074,18.699827857653,8.90416241,2.71,0.0
Equatorial Guinea,68.0,,124.19669772447554,2.36,7.78916547991184,-2.536231884057971,6.0,0.628088810810647,62.08293533,100.0,100.0,48.39960571841165,20.2,0.78,111.1,20.8,44.2,14.062962962962963,44.0,25.5301386767304,6.68,7999.945945945946,0.0,1.0,48.45,0.0,3.260869565217391,0.0,91.66666666666666,14.688067883269923,-13.015171837035185,-14.239320687725254,115.04,10.797,10.0,9.31,54.438,80.31975229160919,23.876,2.536231884057971,0.4376212188440562,18.498171475010167,92.07,9.56143559321185,24.90653418024027,0.236128225922585,99.9999999998562,1.62134743,9.16,47.7525320265407
Eritrea,86.0,,42.33994713324713,6.74,,0.6222910216718267,8.0,0.0,48.65536499,100.0,100.0,0.0289584181109975,30.0,2.33,55.0,34.0,31.8,0.417391304347826,95.0,9.51002511943484,13.54,18.344385026737985,0.0,1.72,41.35,0.0,98.76160990712074,20.0,0.0,,0.2059188776796077,,100.27,7.615,22.0,6.588,74.955,85.15067729268803,23.874,0.6222910216718267,0.2492463050357576,,86.66,2.29290028340812,-16.228199699087426,-0.875592827796936,100.0,4.81866503,1.45,0.0
Estonia,66.0,34.44288336044947,122.29853169296868,7.1,2.97204512015694,7.844492440604752,9.0,0.0,22.81398773,6.47601161388065,0.0,0.581538339036547,19.9,0.89,4.6,6.8,20.5,68.38914728682171,95.0,18.1015884719953,18.29,-43.56501556343223,0.0,5.43,56.0,89.29342795433509,0.316260413452638,60.0,2.3372415921012037,1.3925767976291894,2.683661650946334,10.667864029986871,90.48,11.9,22.7722772277228,14.089,50.399,82.23304015410577,14.026,8.052761493366244,1.1045935857655844,9.289747673768488,65.21,3.3425106453303,1.816537691065264,0.661366999149323,0.0,6.59433842,14.23,0.581538339036547
Eswatini,72.0,55.31671122265261,84.70824491054526,4.66,4.50923691774369,9.722748815165875,7.0,1.74622647604491,10.45542145,100.0,100.0,1.8362313933757684,39.2,3.5,81.8,30.1,24.4,53.4683615819209,94.0,18.680572658574,27.77,-13.47229125248509,0.0,8.46333333333327,60.9875,3.436018957345972,0.1184834123222748,30.0,0.0,2.6517768945242324,3.187136063614276,9.192876600576838,99.67,14.988,13.6363636363636,29.35,38.118,79.36173853524983,37.942,49.17772511848341,0.2534213718025678,-12.324819781046514,93.29,2.21847741418005,3.1971753503888607,-0.0760726928710938,0.0,8.5912571,7.15,0.0900049173308584
Ethiopia,77.0,10.87946510697708,36.520600558420334,12.52,8.14926402965082,0.5437262357414449,8.0,15.5814238338902,42.29021072,100.0,100.0,15.793720976757752,18.8,1.49,83.2,23.3,18.4,21.847099210435974,64.0,9.45657182348929,5.57,90.31380916240654,0.0,2.96,62.13125,0.0,0.6203722233340003,50.0,0.0,16.73739950868662,9.40434487750386,10.817155819968876,107.54,8.98,27.7879341864717,3.02,79.659,83.7085734870317,10.42,99.56313788272963,0.1730934812522807,5.130302621278673,72.55,0.574805378171555,1.4445723174068237,-1.63510119915009,47.8996615677907,5.46637249,1.67,0.0050220541146677
Fiji,64.0,4.396800156583964,84.35857845398064,2.19,3.68901229670766,7.682911550989727,,1.14030198154584,22.37072182,100.0,0.0,1.9754783845940176,41.3,0.25,22.2,9.8,28.6,42.68987341772152,96.0,7.45771053957543,9.69,41.70854271356783,0.0,4.63857142857149,59.49375,0.0,48.67723210557087,50.0,0.0,2.900662134110732,2.595062332369949,6.533354773087879,80.62,7.799,,4.716,59.332,54.84612310151879,18.782,51.322767894429134,0.4360047026571532,-2.648348545757571,93.81,1.15568458873348,4.2297849990792855,-0.190827518701553,0.0,3.41664124,2.85,0.0
Finland,47.0,65.63436521193952,55.4549229168943,6.22,1.18413523154646,13.973585045987557,9.0,0.0,18.80395508,0.735149620011244,0.0,0.1022676604876512,12.0,1.12,3.0,5.2,9.0,100.53707645910946,98.0,18.6014052032069,18.63,12.704817025047422,28.26189354686764,6.07,60.5,26.54386791283437,0.5999454595036815,60.0,13.956169273867664,1.241892672204699,2.697376650626836,8.426639423604925,96.48,9.5,40.0,7.64,54.702,87.61604566553758,8.651,29.99113716934824,0.2818490999052618,-1.553429915579656,90.26,3.7139172636289,0.3488729464248052,1.42360687255859,0.0,9.14202785,10.74,0.0264536212387585
France,,49.64915894220682,42.88504733138041,4.0,1.53112270420926,2.7197195790523936,10.0,0.0,10.23503113,99.4790077683923,41.5555617062394,0.0095582080359104,11.8,0.43,4.2,6.5,7.6,150.53795756446473,89.0,17.3449504210245,18.23,-4.161880986946298,75.27328043675685,5.1,48.05,4.622448782424331,0.969809603943178,60.0,4.173290449281294,2.3432473972547143,1.4987246617740766,0.1331671293357743,99.43,8.5,18.8908145580589,9.648,51.0,82.61446153348535,12.876,14.581047872162896,0.1632838973423298,-2.9329036838799567,98.02,4.48054081117982,1.0894464238029968,0.681087553501129,0.0,11.22560215,12.25,0.0086624870281149
Gabon,60.0,52.05396396913262,81.18924666918431,9.09,1.46154402720469,0.055440414507772,10.0,2.28541713549819,25.50564766,100.0,100.0,29.62920919726109,22.9,0.89,53.5,24.3,60.8,3.16,62.0,19.1070865228812,9.12,2.7968976742361877,0.0,3.06,39.4875,0.0,10.67357512953368,30.0,41.917098445595855,6.495800468815219,3.4583507367765662,13.218673577161042,92.36,7.994,14.6551724137931,28.941,39.071,69.13497080871939,31.194,47.05025906735752,0.5344121358274685,-5.203385834819599,86.39,2.5620564849383,16.564320214108875,0.299279242753983,97.9444137089329,2.47556901,8.91,27.3437920617629
"Gambia, The",88.0,14.482167802035775,22.87313940150388,2.92,5.04968075857402,1.2323030907278163,9.0,3.09020686113351,18.03235817,100.0,100.0,3.09020686113351,22.8,1.14,73.1,26.5,54.5,7.3,92.0,16.5453061846676,4.51,107.07134576878494,0.0,2.46,54.775,0.0,98.7676969092722,20.0,0.0,2.589156677872012,2.873509505005288,2.89917604149062,95.43,8.48,7.54716981132075,12.39,42.955,90.40233445925688,33.942,1.2323030907278163,0.3277813103868631,11.807561913029986,171.86,1.38944526691631,5.644330860973355,0.0654169842600822,0.0,4.11944056,3.17,0.0
Georgia,79.0,9.26550180441555,55.79827273466071,3.55,7.11017897486099,0.0780323982615567,9.0,0.110579055672134,72.72727203,100.0,100.0,0.8952241507891138,28.2,0.51,14.1,17.2,30.7,46.88767088607594,94.0,13.65015114493,3.21,-71.343821126367,0.0,1.90714285714284,55.0875,0.0,0.316080600553141,50.0,7.1612011062821015,15.221509472051096,7.024283668976736,-6.009021355046656,99.01,12.865,6.52173913043478,17.592,52.262,72.50644856057758,34.098,92.60075069142631,0.5377598351655499,16.36323440092646,80.73,1.38299950794524,15.90582835915437,-0.718320906162262,11.8831308543839,8.93945503,14.84,0.0305528240111228
Germany,76.0,44.79282901924243,66.71381291521706,3.57,1.1038103778926,13.303481172605508,13.0,0.0,13.80700302,99.599440069301,45.9226250417122,0.0761801376502495,13.0,0.13,4.2,4.8,8.8,211.59682593280436,97.0,17.6625099390712,13.23,-23.73601343503198,22.200530705079604,4.68,46.825,43.19196992671216,1.3806229466767752,60.0,14.270912307303512,1.0836503814361862,4.306441058265449,14.634881655406131,96.52,10.5,32.7974276527331,6.594,55.134,78.90759963346302,8.451,17.623831185241347,0.2588636005629525,-1.4156320189358809,91.64,4.95644862788231,0.6824985501647518,0.796834468841553,0.0,11.09592915,12.41,0.0760802701343548
Ghana,84.0,25.50591317420978,58.644021335594985,3.3,10.7333898354915,0.1455689977377791,11.0,5.87184066749086,34.31673813,100.0,100.0,8.970625148776431,25.4,0.96,66.5,23.7,42.9,20.4372267841194,93.0,8.33076499701691,5.2,129.70200716569713,0.0,4.68,53.73125,0.0,20.448509884921805,50.0,10.740631454706405,9.823398827062448,5.306175081637619,6.947396652617925,83.62,8.604,8.26086956521739,5.866,67.281,90.71388360185507,20.248,68.95642765810956,0.3196683969687314,5.276573458941698,83.88,4.91140458206897,16.595644732234675,0.026093240827322,1.99807475576025,4.73425055,5.45,0.199727156758191
Greece,,10.82002919391246,31.686372850320723,3.1,4.71298907760388,5.333890776064803,10.0,0.0071406279321398,28.25885201,100.0,86.8944249131378,0.1036970213944889,12.9,0.2,3.9,13.1,12.0,126.18788858589794,99.0,17.0585412928218,3.4,12.613281995317791,0.0,3.11971672068878,47.3125,53.6486368783207,10.607089974740877,60.0,17.123943907325145,-4.897791118648115,-5.815205241660564,-10.079377401967534,110.16,9.8,17.3333333333333,16.431,46.167,68.48325464972594,15.767,18.39547077780681,0.3717745494793157,-4.218175811434705,99.52,7.85120027297178,1.1809206522849252,-0.12720687687397,0.0668037619975914,9.59662342,8.72,0.081409579133524
Grenada,75.0,7.0481493469942365,44.48682352263012,2.78,3.43650905943351,0.2437392467979353,12.0,,56.57120514,100.0,100.0,,22.5,0.42,15.7,5.6,18.8,99.37666666666668,95.0,25.0570605785652,1.54,82.54310344827587,0.0,3.75,53.3375,0.0,99.75626075320208,20.0,0.0,-1.676045374743623,-0.8071537460597682,-1.121875325482236,99.86,7.399,13.3333333333333,,,,,0.2437392467979353,0.1386772916067791,-6.530135691555998,73.0,,0.4797921953974224,0.518380045890808,0.0,5.4188118,7.55,0.0
Guatemala,82.0,39.30529330408001,54.82516195886124,4.14,3.85950909833175,20.21353873833352,16.0,0.0,58.94914246,100.0,100.0,0.829301363569433,14.7,1.08,34.8,13.4,9.5,150.8052259698707,93.0,12.1959787806754,5.73,115.35743450023274,0.0,2.88,69.1625,13.156415157989429,22.99561452828067,50.0,0.0,3.717792953306713,0.8655254483730772,0.2795771687901407,67.12,5.421,12.0253164556962,3.84,58.345,51.95788211488739,27.862,63.49477116833464,0.2290026902428865,-0.249889146361852,78.86,2.98268690605899,5.137572988466218,-0.852924466133118,9.71108234926238,6.1247797,2.04,0.346801174358661
Guinea,80.0,74.49819019414281,41.96416118920809,7.71,15.0502688559001,0.1491388434523236,6.0,4.9483250527964,69.29233551,100.0,95.0869876358265,9.1365532070746,26.4,1.14,122.0,31.0,47.0,0.74248189050986,58.0,7.72019508825319,5.15,137.19549720498486,0.0,3.67,42.20625,0.0,22.600147535199973,20.0,0.0,4.231095051158846,2.2671303926640576,1.2476485863126072,78.83,11.883,,4.49,56.095,81.35036942052879,32.08,77.39985246480002,0.3589171733180706,19.14761447108171,83.16,2.71230046281354,16.102603374833365,-1.6870790719986,0.0,3.42781734,0.31,0.0
Guinea-Bissau,67.0,57.35813515422659,62.54570337559945,9.31,2.51785140171701,0.0,9.0,14.9949448606002,44.4398613,100.0,100.0,14.9949448606002,28.1,1.12,114.2,31.5,47.1,16.555,76.0,6.13816184945204,7.21,58.18335547771471,0.0,1.38,41.5125,0.0,100.0,20.0,0.0,7.307344230853843,2.910528339646888,12.789285588121714,94.99,10.813,10.0,2.79,61.548,78.14142879056212,13.309,0.0,0.3216090381302031,2.4411106101600524,95.51,0.594197131059259,5.215015522293285,-0.690954327583313,0.0,5.26704073,3.88,0.0
Guyana,64.0,51.05752901071043,66.32851809576805,4.72,3.73337757704246,9.769092279350192,6.0,7.89044495123229,34.74687195,100.0,99.7327254682949,12.35291540090289,29.9,0.22,37.3,18.0,37.9,39.319047619047616,95.0,2.54939538175181,28.77,29.41285965005582,0.0,3.38,60.14375,0.0,90.2309077206498,20.0,0.0,5.813311058346883,4.532892759942314,3.1899568910324803,76.98,7.842,30.0,14.292,49.49,52.6058830709142,41.899,9.769092279350192,0.4836531676529239,1.6841749811374456,62.39,5.87968524986673,3.9722524192748807,-0.458965748548508,0.0,4.21897697,5.77,0.0
Haiti,79.0,4.725548446249974,31.40991460746312,5.53,4.82734190074673,0.0665701881331403,6.0,0.664492832553412,33.30967331,100.0,99.9975743742478,0.664492832553412,33.3,0.51,136.7,18.7,42.4,12.928889830508474,64.0,4.16379823500125,7.88,62.380724865196925,0.0,1.461652,40.325,0.0,74.38494934876991,40.0,0.0,-4.724249659938181,-6.745903854949901,-12.1553173498163,97.2,17.931,11.1111111111111,17.995,55.612,85.61296429731982,21.839,25.68162083936324,0.2011123264171722,1.6241503300348938,88.29,0.734488747899375,7.393823467041386,-0.940315425395966,0.0,4.54871035,3.14,0.0
Honduras,85.0,65.86241472013265,95.78047823820694,4.86,4.69889064976226,2.5375141562853907,9.0,1.9253569352923,46.26252747,100.0,99.7975904125968,2.304324027575609,17.7,0.57,24.6,16.4,13.9,85.65641453831043,98.0,6.16876930728441,3.03,101.03901797457256,0.0,5.77324643999999,66.3625,0.6582672706681767,52.44903737259343,50.0,0.0,4.951871222450592,1.549121631332497,2.9729942756928835,90.99,4.762,17.96875,5.462,59.365,52.54554637168796,26.206,46.33706115515289,0.4522249786261005,1.773539593140967,91.11,13.2667300446984,4.676043294990095,-0.496909588575363,2.66037501007785,8.72536373,3.13,0.0016456146159322
Hungary,74.0,48.54090089543613,139.2439411032348,4.48,4.85555795691956,7.578122073265366,13.0,0.0,27.41594887,100.0,99.5296320730183,0.3207340551023331,24.5,0.91,6.0,9.2,19.8,84.33424408014572,99.0,18.8200109303583,25.56,-30.036992362767023,42.17441331513741,4.55,46.56875,16.991785073987852,1.3111771159455192,60.0,31.03475957293088,2.220955342256687,1.2966366075498996,3.518647888592767,89.46,13.0,9.06735751295337,10.675,46.194,80.31612658838114,12.555,8.081185946322014,0.4636588134539173,-22.171878477306933,74.53,4.00983103918682,2.531208331753689,0.685783743858337,0.0,7.44858313,10.84,0.320676764544416
Iceland,91.0,32.979173788563656,61.98748913721654,14.89,5.39673113167477,26.176211970221,10.0,,18.66119576,16.8128143430919,4.29464534965659,,9.9,0.43,2.7,2.6,11.0,148.6991869918699,93.0,22.3857019575037,12.94,12.699743874521175,0.0,8.06,41.44375,0.0,0.0117240166481036,40.0,0.0,-2.380089660340019,-2.692847714997484,-2.688321642864935,88.96,6.4,42.8571428571429,6.733,68.917,89.45108005082591,7.885,99.99062078668152,0.2438220325158225,-10.688161640721972,102.39,2.27485090036568,6.368854473394592,1.02225363254547,0.0,8.36173058,7.47,0.0
India,89.0,69.65302574878336,34.410280478735785,5.41,11.9893899204244,2.093332702496161,8.0,0.380636441427565,65.18476868,100.0,99.9837417981599,2.241486272913824,22.6,0.19,58.2,17.2,49.9,179.03587692425276,82.0,10.3220067272257,15.9,98.66168140616509,2.7015601906088227,3.08,54.65625,67.67322908749061,1.938281496688619,50.0,11.045273195351417,7.835665991229533,6.930797804152533,7.896980228060627,78.77,7.164,10.8256880733945,7.713,50.575,35.67887133012841,28.943,14.94194309505859,1.1352921727249878,8.791758287378926,87.88,1.11276300915217,10.52603085516614,-1.27798449993134,90.0830299815049,3.33625913,4.62,0.986014030556976
Indonesia,89.0,37.741324523032986,38.86164354974682,4.26,5.13420400767928,10.155795116491417,9.0,0.0,60.58386612,96.4230587767447,71.7879167335294,4.21032276374956,26.0,0.39,33.6,13.7,29.6,238.77113873251213,78.0,18.7497596794669,1.82,96.92587839600624,0.0,2.55,66.90625,40.319872757798,20.117227769432414,60.0,23.708874554505023,8.414451955839894,4.8932624690878725,4.91924932654355,79.39,7.528,18.0357142857143,6.391,62.845,61.90776928962678,26.649,20.43885010750788,0.6744931592614098,3.005673173044258,92.62,2.91170221939743,15.264293657644942,-0.853916168212891,1.4022313136594,2.7908783,0.1,3.25930590053563
"Iran, Islamic Rep.",83.0,,34.22919642507747,7.52,10.0893629287979,0.0930292454895496,8.0,0.0,59.39722061,100.0,99.9800386871922,5.6272839754083375,15.2,1.02,19.3,32.5,20.9,90.24886484730344,99.0,10.8685366359048,4.96,130.8462750630643,0.0,4.11,63.40625,0.151528809790564,19.76141724509463,60.0,75.92366038659164,5.3299019277980335,4.481946238571254,6.182454055270313,93.76,4.613,2.75862068965517,20.838,36.51,22.117688307134927,34.426,4.182160809412816,1.41874606545484,6.116945262704704,88.74,4.01552009160259,15.882625978133987,-1.63059186935425,48.0698031218117,6.29153061,1.12,5.25421446845582
Iraq,90.0,5.961529716702287,69.07397039854463,5.17,2.8777472527476,0.0027602846160137,6.0,0.0055445023654893,26.03185081,100.0,100.0,8.603166691274978,24.8,0.27,34.6,20.9,27.7,34.29,75.0,12.7069999546928,3.57,22.42863304952813,0.0,4.6,61.875,0.0,59.44630735258036,30.0,30.80682096998446,7.871868453295619,3.019246512690785,5.06542128692648,108.19,5.409,25.2307692307692,10.491,37.866,16.75357723916399,43.038,9.7496319620512,0.9251251000323186,13.51471425539765,124.06,0.85859521054295,16.586740750225815,-2.23926711082458,100.0,3.23955345,0.24,8.59761858276157
Ireland,74.0,68.7260558680837,79.63263511197162,2.46,-0.918388645376774,11.038161746552392,10.0,0.0,13.79563713,49.3392349914634,0.0,0.0915149820061444,11.5,0.32,4.2,4.8,11.3,1065.372345273904,90.0,16.9777705763386,12.08,16.40588155150551,0.0,6.65,45.49375,20.220082530949107,2.126759073113956,60.0,63.87331146615879,2.7700682102994136,1.1304243741417963,-0.9521896832637252,88.91,6.1,13.9393939393939,11.41,53.5,78.73419886274566,19.454,13.775085528868198,0.190772227890134,18.58293328832947,85.81,4.03012579952814,-2.8583031091789906,1.02016532421112,0.0,10.52404499,12.21,0.0143827302306965
Israel,84.0,63.53885707976467,48.86534994658942,3.7,2.69137006338371,0.2796163233261081,13.0,0.0,23.8116951,100.0,97.5554477431689,0.0706744923094515,10.4,0.016,4.6,4.9,11.6,206.4032697547684,96.0,15.6563186564068,6.71,98.62675273178633,0.0,5.35,39.55,58.5226399959038,3.660971821610828,60.0,37.47162533494905,3.474904432819841,3.623991033341525,13.007194984068263,86.27,5.2,19.1666666666667,7.951,57.893,82.87927080779382,16.158,0.3308187264255602,0.2833665151107982,-9.54697610243626,96.76,4.07447696611254,1.1908579544763145,-1.34115171432495,5.63328281652253,6.88817596,3.16,0.0347037681531794
Italy,,41.024635726815234,43.56073510457566,2.86,1.52551602118248,8.559376686320403,12.0,0.0,20.54892731,98.1121664773954,71.5049791292514,0.0756451395213109,10.4,0.31,4.0,7.3,11.9,122.74595285430276,91.0,17.5718553578558,7.0,-1.2415317684000948,0.0,4.12,58.68125,14.710176353939412,7.188566623518934,60.0,50.56494837169729,1.0279049941246683,1.0811087798198002,4.289508354965378,109.48,9.8,21.2698412698413,9.601,43.98,64.2355694227769,18.997,26.570851113840487,0.2220167670581016,0.2478841626027588,108.31,7.5302876738815,0.5978397029165592,0.473923683166504,0.0,8.91602039,7.22,0.0752939396048865
Jamaica,36.0,10.16322506440592,49.56677328460479,3.77,12.6105519975603,1.77427011630667,6.0,0.0,23.48727989,100.0,50.2733271880777,0.333985081239795,14.6,0.08,19.1,11.4,18.8,62.625,89.0,8.38909009083058,1.01,-2.9463887711058123,0.0,6.23000000000005,60.95,0.0,94.65938760977926,40.0,0.0,-1.7637605322755403,-1.8720674280560277,-3.2358228468704056,90.01,6.448,13.3333333333333,9.766,55.876,75.9455655983867,31.609,5.382150486589129,0.5575734421943885,0.0228639367126248,93.01,3.26575833798313,9.81023516820396,-0.4295414686203,0.0,5.2951932,3.04,0.195396374155255
Japan,56.0,54.23821420545113,25.417863480642914,4.3,-0.728243207517779,1.9339432491339787,9.0,0.0,14.57035923,92.5888312183221,35.7249265164177,0.0077328534030604,9.6,0.38,3.3,5.3,19.9,255.0904694068193,94.0,24.27565503755,24.31,0.5319924264624243,24.61669593260408,3.04089454633144,56.21875,27.094763560833297,7.753622940850921,60.0,28.37987414508161,1.2014963748843428,4.079223048563179,11.254336912927982,92.75,9.5,11.25,4.603,56.539,67.61690282692928,4.34,9.67868392104346,0.2892818596705775,-5.179173885534254,100.44,2.47410799802231,-1.8807419500621307,0.879353165626526,0.0,9.0630064,6.77,0.005729487488349
Jordan,90.0,9.903955107106228,83.2614542817828,3.62,4.84551875852116,0.0812017864393016,10.0,0.031026762614547,21.85514641,100.0,100.0,0.2346397340741672,17.9,0.66,18.9,22.4,27.6,130.63063063063063,98.0,7.36380221250345,0.98,115.5077085341837,0.0,3.56724972540492,64.725,0.0,28.33265665177968,60.0,71.17336581404791,3.382393680929382,0.1374494078889512,2.184467056678301,92.86,3.711,10.8333333333333,21.91,34.563,23.14980793854033,35.717,0.4939775341724185,0.6104675022332712,6.912858782874821,84.57,5.57016179890548,8.077456097130735,-0.312492519617081,22.407258565231,8.17025661,0.48,0.0217572582543582
Kazakhstan,76.0,13.04114859110804,61.5195078347215,8.52,7.40046356341392,2.4199598286668444e-05,9.0,0.0,27.29583359,97.2109484001743,44.7786564580017,10.19781767892539,31.5,3.17,20.4,25.9,29.3,2.046032952398218,99.0,15.8314290257671,28.05,-8.389678046267068,0.0,3.60934274489797,66.25625,80.65363114972291,0.7501875468867216,60.0,8.889722430607652,7.099999999103758,5.91730119035698,7.41545013083595,95.36,8.926,17.7570093457944,6.623,67.268,86.89833997863082,8.198,9.706483072381,1.7050536909596234,-11.599999985622816,64.66,1.99282295999719,19.5422853937296,0.52297180891037,0.001308927745447,2.73641348,4.2,8.04715316887993
Kenya,86.0,14.0910696894488,38.01732445593349,5.18,3.96138889115385,17.69805784546598,8.0,2.95060010039422,30.17857361,100.0,100.0,3.014121207463828,18.6,1.56,53.5,25.7,27.5,32.47726032821074,86.0,12.6690079415703,5.88,104.72200927244188,0.0,4.88,64.3625,0.0,36.1324577336873,30.0,0.0,7.297064588775242,4.96811299885232,8.926801672931902,106.04,7.424,9.82142857142857,2.978,71.645,93.00392670157068,18.588,62.7448651669694,0.2430629610896043,10.35023665327344,93.82,3.27016167191725,1.6391996480253257,-1.16552352905273,15.0929781723734,5.38849831,2.51,0.0095135378206382
Kiribati,90.0,17.22436153028002,46.537368053399575,7.78,-3.89955040651649,2.964959568733154,,0.0427259602960497,0.63371354,100.0,0.0,0.0427259602960497,42.6,1.84,58.2,5.8,24.6,,89.0,5.49650990449478,20.35,158.08383233532933,0.0,6.1,43.79375,0.0,97.03504043126684,30.0,0.0,2.607390275153648,-0.8571586101766968,13.631797358635438,93.62,6.926,4.34782608695652,,,,,2.964959568733154,0.4229997051170296,-7.237414303383232,87.51,,-0.8581807479639707,1.42273163795471,0.0,8.76666641,0.65,0.0
"Korea, Dem. People's Rep.",91.0,,,7.66,,0.0066663853845829,11.0,,,100.0,100.0,,26.7,1.37,28.7,23.3,28.4,73.73414166666667,99.0,,9.82,-41.07397538746754,0.0,,38.225,41.05312012151386,2.4049618159571327,0.0,0.0,,,,94.11,8.794,15.5749636098981,2.95,79.695,89.35353768149342,12.245,56.544365216657525,,,99.84,2.40869859918083,,-0.296562105417252,78.9696638694942,,4.43,
"Korea, Rep.",89.0,37.25154671135419,77.95904874841526,6.14,2.93928652655686,0.5272924753092136,9.0,0.0,38.60714722,100.0,100.0,0.0430351984507114,10.9,0.38,4.1,13.7,14.6,330.28210351692104,98.0,18.0537267896567,34.92,104.26037199426963,31.27836388283138,4.04247731969356,61.2875,46.355740976180655,3.985678080980727,60.0,16.37695863398698,5.104067259127177,6.274019888653882,10.227467030054555,85.5,5.1,14.7157190635452,2.836,58.328,70.35099871361729,10.9,1.8896008217632547,0.4741661871883363,-3.643368532701104,101.3,6.25792327394977,2.7374968372649136,0.325895816087723,2.91573088917831,6.02606916,9.38,0.0421614467107498
Kosovo,,26.17548108949711,,,3.48050763735842,0.0193498452012383,,,,,,,,,20.1,,,,,11.6163196176374,,,0.0,,,96.53637770897832,0.4256965944272445,20.0,0.0,1.8564459930313573,5.288314826753165,3.952776481567895,,5.587,,,,,,3.0379256965944275,,21.346354844049277,,,6.392401389530988,-1.04482114315033,,,,0.291592454340275
Kuwait,89.0,42.215969428357226,80.2772606304739,7.42,4.49640287769787,0.0,9.0,0.0003918156877778,14.33214474,100.0,100.0,9.492561165910798,13.1,0.52,10.7,20.1,26.1,228.396,98.0,7.25766577363784,1.34,149.23313429646603,0.0,3.19,38.0125,0.0,67.20682526891139,40.0,32.79317473108861,,-7.275882605622414,,55.44,1.944,7.69230769230769,2.82,67.449,56.374582737243685,19.46,0.0,0.9023285203815988,,75.44,0.537179324483262,11.103350581383935,0.451988816261292,99.8902288688839,2.67879915,0.0,9.49216935022302
Kyrgyz Republic,,45.77872481886431,103.85115146211383,5.11,7.96772225579684,1.2115702479338843,9.0,0.0,43.09150314,100.0,83.4910349833979,7.2684214434384,28.0,0.96,29.6,18.0,34.3,22.65945776524056,99.0,10.9093680029233,11.32,-57.72795512365268,0.0,5.81,67.70625,4.991735537190083,1.7107438016528926,60.0,1.4958677685950412,-1.1987682758848024,-1.8809337172750131,2.5258346837824206,87.91,6.6,23.3333333333333,3.049,68.807,75.56622520643306,14.872,93.01322314049588,1.2549273588812373,-2.571594527597057,89.03,1.86808300095313,10.03390354196685,-1.0396523475647,35.5874144704317,6.95027161,6.39,0.0871619316758997
Lao PDR,91.0,8.25276093424094,53.36682840983874,3.3,5.98254521550082,0.1020239081548112,5.0,4.23413013145971,35.9601326,100.0,100.0,10.28748700879474,29.2,0.42,68.0,14.3,31.3,11.498821428571429,64.0,15.9155226466272,4.96,84.01066786306251,0.0,1.49069025576689,62.01875,0.0,0.0,40.0,0.0,,6.941165933253359,19.37511253436115,103.94,7.853,25.2173913043478,0.658,60.347,87.97265739781321,24.167,,0.2987556698371119,2.7930568925977184,57.91,0.493825538245609,9.196571111386746,-0.282062977552414,35.3417699042509,2.91154933,10.42,0.140067706142029
Latvia,78.0,26.676334790354588,90.43253145143056,4.25,-1.08463595015162,1.7439263618530254,11.0,0.0,37.18564987,99.5500346799215,58.7581396873634,0.0482324265307126,26.1,2.3,7.8,11.8,19.1,77.64791133844842,95.0,24.9980295005903,22.72,-53.50331407049092,0.0,4.35623500043244,43.28125,0.0301795684321714,0.0301795684321714,60.0,45.0882752376641,-3.3303399010070365,-1.635143791255956,-6.623077663139227,88.93,14.3,20.0,16.289,47.359,82.56373219416999,17.814,54.85996680247472,0.4030936818009961,-7.207111522069397,62.37,4.17317570895785,-0.4838613177270758,0.527854025363922,0.0,6.097435,10.99,0.0482324265307126
Lebanon,81.0,32.77261494735845,61.07859946251569,2.8,3.98347941855833,0.0048988420918691,9.0,0.0,43.58500671,100.0,100.0,0.0,14.1,0.17,12.7,14.6,28.4,365.0266666666666,80.0,16.1605405019996,0.84,220.7583390236675,0.0,1.46,57.4,0.0,88.37638376383764,30.0,6.279424863214149,8.578166741291,6.925624080926212,6.164691591750454,77.54,4.203,3.125,10.679,41.731,33.90492889727626,20.108,5.342728082453238,0.4575494152298979,4.357418990466599,92.7,9.58700245257462,0.5786067232631353,-1.62501502037048,2.8332832798997196e-11,7.43864489,1.82,0.0
Lesotho,65.0,34.87863805557298,142.2080307707918,10.64,-2.40524254598706,0.0,7.0,3.06128874173257,22.73561096,100.0,100.0,3.06128874173257,34.5,3.21,90.1,27.7,23.8,,88.0,11.4918699685689,25.99,31.212564259774567,0.0,9.03813382093626,53.975,0.0,0.0756670649143767,40.0,0.0,4.519222208715945,4.459259514366522,7.403977180244411,91.44,18.204,24.1666666666667,18.161,56.182,79.24214393142826,35.345,99.92433293508564,0.2641518903680711,-5.642463951165581,128.68,6.03033292023909,5.337110137209706,0.456775397062302,0.192470618712937,7.64083624,3.39,0.0
Liberia,,-4.064304448547773e-12,46.64664664664664,13.25,7.28992796890218,0.0089007565643079,6.0,19.721922728985,53.41116333,100.0,33.7810509576137,20.05489680336284,23.6,0.91,104.4,33.1,42.2,12.416250000000002,65.0,19.4306390275542,5.8,85.9364040215104,0.0,3.66,51.78125,0.0,77.79261237205162,40.0,0.0,11.977712927881228,3.071179981864546,-1.4285837252207043,90.66,9.819,12.5,2.289,75.403,86.89787820869522,13.345,22.20738762794837,0.3161961368851267,3.624380031947254,91.79,2.01789216474295,6.512003689056684,-0.468525290489197,0.0,10.35444641,3.9,0.0
Libya,61.0,2.9261155815654547,99.58633370998078,4.18,2.79989500109268,0.0180600774003317,9.0,0.0451990780700522,29.97363663,100.0,100.0,17.82752854639915,20.0,0.78,16.6,22.0,28.8,38.555885780885774,98.0,9.26492639111558,5.22,21.78158226045084,0.0,2.1374382,36.04375,0.0,52.85336937158303,20.0,47.12820197800848,12.808856591597449,2.907367722447177,1.763784410904563,127.86,4.627,7.69230769230769,25.361,39.409,54.38088111197796,31.797,0.0180600774003317,0.7587365180491381,7.62603246938194,94.93,2.34557830406932,19.278545342938955,0.0280884467065334,100.0,3.28064442,0.007,17.7823294683291
Liechtenstein,,,,,,,9.0,0.0109577752426171,,,,,,,,,,,,19.9099303277105,,,,2.80073538891727,21.8,,,10.0,,,,,,6.6,24.0,,,,,,,,,,,1.54408740997314,,,,
Lithuania,74.0,19.707509447426816,120.50560922878628,3.97,1.31921362055463,6.4548617150808845,10.0,0.0,27.59107971,99.9370387677268,30.9071744745651,0.0632545993679849,23.7,6.52,6.0,12.1,19.4,103.97668515558898,96.0,14.4729688463784,37.47,-51.34536252424606,0.0,4.92572707436434,43.79375,0.0,11.254131153244042,60.0,55.41833362323882,-0.1506426605791517,2.555336047617402,3.148753390475221,97.1,13.6,19.1489361702128,14.518,46.541,84.56054703286401,13.174,28.98051835101757,0.4164494149517946,-6.27571543803704,56.13,0.989907702642879,2.121721507529543,0.715260624885559,0.0,6.81462288,14.05,0.0632545993679849
Luxembourg,0.0,17.7405275590351,79.76662606710937,3.04,2.2736791162154,3.514702679154869,12.0,0.0245297850888566,10.23186111,99.8742679546595,0.800681279241089,0.0504142093254458,11.5,0.67,2.8,6.5,11.1,258.19209039548025,96.0,16.0732070442922,11.69,-5.536458091389108,0.0,4.3217972224711,42.6,0.0,0.0,40.0,63.51557394903071,3.696401895084108,1.883548243245173,3.0145913069383283,87.04,7.4,20.0,5.188,54.53,74.60632627189834,5.215,35.46852537573513,0.2076043803146112,14.94477555687574,104.98,3.12372441701743,4.648417503602246,1.46121859550476,0.0,6.66263008,12.13,0.0
Madagascar,81.0,35.988451312299816,37.39465034678253,8.5,9.24732173644116,1.913477537437604,5.0,5.79152249761798,36.15040588,100.0,100.0,5.799602963066491,27.8,1.54,70.7,26.7,32.1,2.977286666666666,66.0,11.7701155168325,5.94,18.30460719108076,0.0,2.605,65.23125,0.0,39.85024958402662,60.0,0.0,0.0786083871676908,-2.265802527279419,2.4731840948765864,96.9,7.826,12.5,5.345,82.79,94.18235287515012,23.264,61.0648918469218,0.1982931014125208,-2.3077634593773126,106.3,2.17031196082604,10.218541029330282,-0.978338837623596,0.0,4.69762659,1.06,0.0
Malawi,83.0,14.160814426602244,32.3251933866242,3.79,7.41159092883827,2.3385370766712827,8.0,5.97272438264437,10.92772293,100.0,100.0,6.059657719103818,24.2,1.27,83.0,30.6,26.7,37.398,93.0,13.8125819101808,6.6,94.8095294858914,0.0,4.11,59.90625,0.0,1.0596332200260188,40.0,0.0,6.35113463494659,3.769617523380092,8.307567655210946,49.48,10.708,20.8333333333333,5.661,71.151,88.76045129444948,17.896,98.94036677997396,0.5958590343343493,6.8038000321299,72.95,1.14654320950657,12.127222061170045,0.0438957661390305,0.0,5.14304781,3.57,0.0869333364594482
Malaysia,76.0,31.888798190728775,142.43485360455009,5.23,1.62285235577035,0.9977801997018896,6.0,3.0323459726144,34.11669922,96.9973111624753,78.8430714736825,8.192641640643311,19.2,0.63,8.1,25.1,32.9,2166.750064380194,95.0,17.4472015171452,4.38,177.85175879396985,0.0,4.9897116725365,65.1,34.32997291362813,2.94103505200904,60.0,56.73312711361852,5.290313565525935,5.434240703797229,4.855683925215828,79.26,4.334,9.90990990990991,3.58,59.772,58.50785679152968,14.741,6.184259452182136,0.9265887190094254,14.396133686284545,90.97,3.47630952353945,7.266845933894388,0.143352136015892,0.0,3.16474271,0.6,5.12313692818805
Maldives,81.0,2.790185506496087,49.803412625870834,2.25,6.14988536750173,0.4709467414640903,7.0,0.0101915792293845,40.07978439,99.9999984616526,0.0,0.0101915792293845,20.7,0.15,13.8,3.0,44.3,94.35897435897436,97.0,12.4557197345706,2.71,764.7752394988947,0.0,4.07836409712519,56.50625,0.0,99.52905325853592,30.0,0.0,6.492513754246005,3.080746901675525,7.27153186727034,97.5,3.288,6.49350649350649,12.863,47.259,56.27667222417671,30.509,0.4709467414640903,0.3407705972758444,-3.865793271797841,116.82,3.86278284469972,3.343747330328739,-0.166243851184845,0.0,8.48758984,1.56,0.0
Mali,77.0,38.26501646417623,41.1017217759218,5.63,1.10892690670186,4.383625704948698,9.0,2.71686802151175,56.26623917,100.0,100.0,6.57303835324544,24.9,1.37,133.9,24.2,55.4,18.50789171058936,78.0,5.96190008653316,4.14,112.49463357237124,0.0,3.78,66.99375,0.0,36.377301347822936,60.0,0.0,11.852474430618813,3.5041652109000694,0.2653353044612032,105.68,12.12,10.2040816326531,1.332,69.371,75.05915170232372,13.47,63.62269865217706,0.1546922142090357,9.780957521101044,72.0,0.51274272986042,3.1216830888781857,-0.182899221777916,47.0990962733547,4.67865133,3.4,0.0
Malta,65.0,51.19377659263141,95.06384520986016,2.54,1.51563513618532,0.032166508987701,11.0,,33.02582932,100.0,69.0110268683452,,11.8,0.062,6.9,3.9,11.5,79.39647577092511,73.0,13.5647734064469,7.61,18.91588034531217,0.0,6.54,40.69375,0.0,99.9526963103122,40.0,0.0,5.142772838833281,5.677001030908357,8.116099296934493,112.38,7.3,8.69565217391304,7.132,46.96,51.151640078867175,9.534,0.032166508987701,0.3017221158293732,6.330472103004283,104.26,4.44890708272187,2.7656291769680337,1.25345623493195,0.0,7.95211124,6.91,0.0
Marshall Islands,84.0,16.17517230736854,112.97330850403476,12.2,,0.5519779208831647,9.0,,1.07291412,100.0,0.0,,,,39.4,,21.9,,97.0,8.38405448768896,,42.85714285714286,0.0,9.44085161505352,46.325,0.0,99.44802207911684,30.0,0.0,2.5857240092359604,5.488489704124618,7.811513516615975,,6.465,3.03030303030303,,,,,0.5519779208831647,0.0027917364600781,14.040209106898558,113.33,,0.9555050384196164,1.15306556224823,0.0,17.84438324,,
Mauritania,70.0,,71.2219989784973,2.81,6.28354087427704,0.0,9.0,0.280844970304918,62.63608932,100.0,100.0,10.220512132906588,18.1,0.52,56.1,26.4,53.3,9.250733333333333,67.0,6.47566353910294,2.63,71.40923447134908,0.0,3.19,44.31875,0.0,100.0,30.0,0.0,5.976366211643239,-0.6032773919634451,-6.530492581404857,87.81,7.054,22.1052631578947,12.816,39.529,44.5612727626207,40.089,0.0,0.4272477834052191,6.353503535246404,80.77,2.55051931396067,22.34316877733437,-1.07616984844208,99.4370975810638,2.63618922,0.0,1.50130897810164
Mauritius,91.0,34.23526107488132,66.4456098741058,2.54,2.93236301369862,17.739680178505022,11.0,0.0064291916923132,52.31685638,100.0,60.6105135711257,0.0513546115077605,24.3,0.18,14.8,13.3,19.7,163.2,99.0,15.0553856377094,7.91,170.33098209441127,0.0,3.38,64.84375,41.50241725548531,37.00260319821495,40.0,0.0,5.230815365176028,4.12919884822152,2.7411705425108863,99.38,7.3,18.8405797101449,13.057,54.671,58.0214117898334,21.524,21.495723317218296,0.3668271886403375,-0.3751242978942457,109.31,4.10956676058069,1.126418920244987,0.6402587890625,0.0,4.51898289,7.67,0.0449254198154473
Mexico,82.0,16.253296601375084,55.047644041678666,3.47,4.15672722680174,3.1261572855914093,11.0,0.0,43.50876617,99.9356518506868,98.9439812737215,3.92101452842859,16.4,0.49,19.1,14.5,10.6,72.30423407316967,95.0,15.9997180923061,4.49,52.16340574361536,2.1336517418713274,5.01,71.78125,11.716030877885729,16.181855794321635,60.0,53.34818917241605,5.85809960015213,3.4708428692181315,4.700603001417619,92.4,5.733,26.2,5.183,57.189,54.18575015456047,22.177,16.60202441051474,0.4470503294292276,2.4203873653644905,85.72,4.5163054708905,4.372964390738659,-0.726463437080383,10.0656073968634,5.4897337,5.23,3.63469450422589
"Micronesia, Fed. Sts.",88.0,16.112474963083116,66.67921672799694,4.65,3.31370963136217,1.090543836992395,,0.0263364242527979,2.01292324,100.0,0.0,0.0263364242527979,40.1,0.69,34.2,2.9,17.9,,80.0,6.2431203023527,21.84,904.8780487804878,0.0,23.62883,32.61875,0.0,98.9094561630076,20.0,0.0,2.3614535377704584,2.655913720147879,18.03830194701564,91.36,7.161,0.0,,,,,1.090543836992395,0.0,-3.1176810693728925,59.97,,3.6029845733359167,1.20931696891785,0.0,21.48778725,2.5,0.0
Moldova,67.0,42.97957986777565,77.36220271347082,6.45,7.4838508635085,0.0,9.0,0.0,40.43186188,100.0,95.3280520780739,0.0275451867856521,31.8,7.2,16.9,13.2,25.1,11.059569773855488,97.0,10.9757576234104,21.81,-69.35218968339736,0.0,7.72,48.13125,0.0,0.4742436631234669,60.0,92.86999182338512,5.338834477526149,7.206974611367073,5.822291271090066,103.67,12.18,18.8118811881188,2.187,61.51,97.69532832611335,19.453,6.655764513491415,1.3087917294550768,7.389999993994479,84.95,0.400333330801524,33.30493209779843,-0.381340742111206,0.0,10.13112831,11.43,0.0275451867856521
Monaco,,,,,,,11.0,,5.37164545,,,,,,4.0,,12.0,,93.0,,,,,1.3,13.08125,,,20.0,,,-0.3938495313037862,,,11.875,26.0869565217391,,,,,,,,,,1.0694619604608278,0.96417373418808,,4.95791674,,
Mongolia,91.0,11.037179861360386,85.91717735636976,8.13,10.0462065881651,0.2395084627869232,12.0,0.0,28.05504799,98.1381408576542,90.7781965234991,15.755592916488707,35.9,2.8,26.3,18.6,20.5,8.964778453462444,97.0,7.64901683093703,19.92,48.64454261812898,0.0,4.36,69.5875,94.829584975655,4.150243450034779,40.0,0.0,,4.5200403965167055,4.293834620128223,60.99,6.7,3.94736842105263,5.891,54.957,82.3483886945485,17.629,1.0510085787155112,2.083989914330688,-16.597410194597572,83.61,1.24004287998744,39.17818797037407,0.597042262554169,68.3474073464344,3.73945642,7.76,9.31545851059871
Montenegro,87.0,15.044451919450708,63.21530807112755,4.54,0.654946570148479,0.0,9.0,0.384685814022503,,100.0,100.0,0.6035242670481015,22.1,0.41,6.6,15.7,20.7,14.354651162790695,90.0,11.5186354540361,13.89,,0.0,,54.025,31.62605668821482,0.0,60.0,0.0,2.521938841671229,2.546253159726831,5.431242649463044,74.87,9.1,11.1111111111111,20.712,38.767,74.73353105059766,16.714,68.37394331178518,,-1.404474760133951,122.73,3.08893963583453,1.6042026984327291,0.584210991859436,0.888440038152571,,10.4,0.21046668223043
Morocco,88.0,36.83750587779148,52.69600592936759,3.21,0.993557401226392,2.872355698180129,9.0,0.0,55.61273193,100.0,99.9999999999999,1.039440554500659,22.9,0.99,31.1,23.4,29.4,57.171024542972845,98.0,9.52140282768416,4.0,89.77120450290263,0.0,5.2,66.6,45.88101169615336,23.49364523075624,50.0,12.51108389984377,2.9290557660968943,2.079764887205755,10.2404206257023,84.36,5.984,10.4615384615385,9.491,45.1,34.635826237865395,36.331,18.20402820588608,0.5719023172401071,1.1064377019779954,96.81,3.42045248788463,0.647501047462967,-0.383013308048248,3.19405070238882,5.41861057,0.5,0.007036777328099
Mozambique,85.0,19.654977374966837,66.59717938080195,12.66,12.4255421735156,0.2937200956937799,,0.0,7.1121192,100.0,100.0,1.2106313705752891,27.9,1.49,95.0,30.7,45.3,8.199469026548673,82.0,12.4468840548583,9.1,66.478525941929,0.0,4.68000000000002,60.38125,0.0,0.0059808612440191,30.0,0.1076555023923444,10.003743364172664,3.861945687438834,5.402370122796896,75.13,11.543,39.2,3.096,79.55,101.13783737489908,20.584,99.85711722488038,0.3173148539965215,4.821132921171696,113.07,2.87209499755392,7.645227987252667,0.394421875476837,0.0,5.29249668,1.23,1.20163460786733
Myanmar,88.0,34.767110487832696,27.090794628700436,4.02,7.71838195873614,2.229565217391304,5.0,4.47761066451582,80.74465942,100.0,100.0,7.3385062242066335,28.3,1.21,63.2,19.1,37.1,6.637221348626399,88.0,1.60336192605193,3.29,60.87085611471274,0.0,0.740776721153674,55.29375,7.420289855072464,0.3826086956521739,20.0,20.440579710144927,,8.820589435358727,36.68064191824206,67.17,9.212,4.29447852760736,0.863,64.96,65.31224399773143,18.13,73.98608695652173,0.2058763497497756,-3.3316575494575176,110.94,4.02140451167987,7.043211893660612,-1.28592801094055,90.7875639449817,2.08368421,1.1,2.66991403718355
Namibia,85.0,20.41798490317194,83.94413259258543,3.57,4.8749198764395,2.434120335110434,7.0,0.514976371128001,9.27632713,100.0,100.0,1.6140582815394011,23.9,1.33,50.8,26.2,19.2,4.43375,75.0,11.7209634877574,8.5,51.61748100222785,0.0,8.34,60.15625,4.188880426504189,0.2284843869002285,50.0,0.0,4.60240715339522,4.4099687760363935,11.91336276925945,104.38,11.077,24.3589743589744,24.01,44.368,83.64893924318773,34.117,97.4074638233054,0.3623385947944628,10.430255405051852,91.1,5.0398299596374,3.725898498911008,0.846940040588379,0.0,9.72781372,4.96,0.0
Nauru,40.0,53.68952725815039,,10.58,,0.1305142260506395,10.0,,2.41821241,,,,,,26.6,,19.2,,99.0,9.24343773276125,,10.000000000000009,0.0,,34.4625,0.0,99.86948577394936,20.0,0.0,,-0.4283907938828548,,100.69,8.156,0.0,,,,,0.1305142260506395,0.0,,99.7,,-9.775293147886416,1.45398449897766,,12.69640064,4.16,
Nepal,91.0,34.132174005119495,37.42503642768874,5.87,9.32650410745394,-3.351932668329177,,0.0,56.20389175,100.0,100.0,0.0035940553043148,19.1,3.26,48.3,15.8,31.3,25.08669724770642,86.0,4.8630308076243,10.08,30.90309869717234,0.0,3.14170942910676,67.24375,0.2559226932668329,0.0935162094763092,30.0,0.0,5.825803633666098,4.168864892161665,3.999589953364662,83.59,7.028,33.1649831649832,12.102,36.652,42.12078340463975,25.318,96.3675187032419,0.2426169439181105,2.0117738073161604,84.06,1.0388503979339,15.146932449007224,-1.58397114276886,99.9930817109579,4.36131525,0.95,0.0035940553043148
Netherlands,84.0,61.70912895322642,127.94191227500568,3.99,1.27530569556683,9.29963947346357,13.0,0.0,9.0956707,100.0,60.5147509774781,0.597732613826022,12.6,0.091,4.4,4.0,12.1,293.3258361040485,96.0,17.3304225935742,9.83,-1.7674519469661254,3.3277437746289933,4.88024012158706,44.88125,21.63159218579693,1.0505575584807578,60.0,63.16173388111008,1.6407749964248382,0.8009606534663476,1.0422728467796247,86.65,8.2,40.6666666666667,5.543,63.295,82.62350703897773,4.691,9.387675023056929,0.2508970597387825,-0.1722750906173047,97.13,2.84267463689641,0.7102728070485824,0.940750122070312,0.0,10.15508747,10.2,0.597732613826022
New Zealand,80.0,23.859150066399398,42.2179083058565,4.68,2.30202385958572,18.45234126719559,10.0,0.0,11.95811081,9.81955068968898,0.0,1.057400614995974,11.8,0.3,6.2,9.3,9.3,1401.5390781563126,91.0,15.5102104215681,12.54,18.85622561186935,0.0,6.97,50.475,4.584750094450741,0.0044447407604951,60.0,21.87479165277685,2.783024177158538,0.3369408958778308,0.2410829750746188,86.71,6.53,33.6065573770492,6.93,63.112,82.80546038255052,13.65,73.39822654843657,0.2161091444977248,-7.947019614282027,89.43,7.05485662655762,3.1597268270136425,1.23648881912231,0.0,9.59277534,10.28,0.905379063905614
Nicaragua,85.0,51.215846994535525,91.82972106794928,4.73,5.45513425887423,23.21125990707844,7.0,0.0,37.48913193,99.9381004626293,97.3193639479183,0.9870356298354844,13.6,0.21,23.3,14.5,,34.2,99.0,8.23378522633052,5.45,52.37005621856201,0.0,4.1,64.60625,0.0,62.995353921836575,60.0,0.0,5.06717917483428,2.938809240386803,5.5083950957110375,85.28,5.09,20.6521739130435,8.719,58.647,52.80754699047121,25.33,36.98551516807871,0.476306477421253,2.513816906253581,81.14,5.28782407681393,6.138086789772984,-0.499709248542786,0.0,7.71019173,3.75,0.0201511310007444
Niger,81.0,5.55404625258943,46.184066929113385,5.47,0.804073080882659,1.1604095563139931,,0.0,55.89531326,100.0,100.0,0.276245491682798,19.8,1.39,136.5,27.3,44.9,0.4960264900662252,67.0,0.772124683262592,4.13,116.64297460768736,0.0,3.4,59.56875,68.94197952218431,30.034129692832767,30.0,0.0,2.6293800058921875,4.607665895525727,10.30671613887533,89.92,11.605,,0.588,78.921,75.9877610748969,19.817,1.1604095563139931,0.1975245360969706,15.326010045539192,83.93,0.889933872864126,3.475043014381725,-1.16074454784393,100.0,5.02160501,0.17,0.062210724513668
Nigeria,81.0,2.5066255668433257,34.94232928564741,6.8,13.7400521363694,3.0217430693966296,9.0,0.0,76.87748718,100.0,100.0,6.681536963277478,18.3,1.1,135.1,25.1,44.9,11.21455203116305,56.0,8.82451930082742,5.08,24.26777776619984,0.0,0.85,50.36875,0.0,0.0,20.0,76.90161261098025,12.875258158158845,5.028537793102373,5.232441292618887,98.36,14.36,6.98324022346369,3.667,78.439,89.84122916351184,14.688,26.12013045841638,0.2455231595312634,5.827642175405117,84.62,17.9651498537295,16.342766325306954,-2.21112322807312,77.0109611600928,3.29653287,5.06,6.67019801749588
North Macedonia,85.0,51.24304384566107,93.81141935896964,4.35,1.50997522027621,0.0064738292011019,13.0,0.0,37.78863525,100.0,100.0,0.7685944433381457,22.7,0.49,10.4,8.1,16.4,67.11111111111111,98.0,20.5622645192115,5.68,-18.48815333671181,0.0,3.26865212313863,46.7375,65.3305785123967,0.8402203856749311,60.0,0.3443526170798898,4.897172050975158,4.0217174978456285,7.869548075887593,102.89,9.3,32.5,33.573,35.565,61.250771012922925,26.423,33.49132231404959,1.028743349814888,-13.478645372730584,95.33,5.58338544357141,2.04128302301487,-0.518517076969147,43.2644701287918,6.71369696,4.32,0.0059329715648027
Norway,89.0,39.99367084828888,48.25100696604798,4.46,2.41890639481001,0.999911025551844,10.0,0.0,15.0464716,11.888745618966,0.0,6.0192110877038525,11.2,0.32,3.3,4.4,12.4,170.00363372093022,93.0,15.8051892856166,11.84,14.449393193894444,0.0,6.1,46.5125,0.1091959136462537,0.0784592861013823,60.0,3.881712515469421,1.73384165958079,-0.4606312403318924,-2.54044807195973,98.91,8.5,39.6449704142012,2.949,64.036,90.74116633151392,5.808,95.75931602915126,0.1348034324945948,9.988273702839564,92.01,0.899255315256694,5.955361321151827,1.33231151103973,0.0,8.8581152,7.43,6.01240274247921
Oman,98.0,19.61973166674443,87.04563025210084,6.61,3.25657959078624,0.0,,0.0016863422605585,10.4072876,100.0,100.0,27.072824252901977,26.9,0.081,11.7,27.8,34.5,542.2962099125365,99.0,14.8419227960714,1.81,118.59780603269496,0.0,4.63669220918955,48.3625,0.0,2.245320147333367,30.0,97.75467985266664,1.8823853970297364,-0.232906393185388,4.131776624168765,87.47,2.456,0.0,8.958,57.319,32.87594961767836,25.287,0.0,0.8202620948135471,10.61117360329959,87.78,1.1758937827697,14.374991214333647,0.590241730213165,97.7079289673215,2.47588587,0.88,27.0629947348181
Pakistan,90.0,37.80279767997271,30.103763833820096,4.37,12.9388705634889,-0.2614849974571961,12.0,0.0,67.75833893,100.0,100.0,1.4964594036648933,28.1,0.12,87.1,14.7,44.1,138.30472949982988,57.0,5.8606894790319,6.34,87.34365368714757,3.623495507713172,1.51,66.03125,0.0932361417189354,35.16062044414308,60.0,27.41884217664011,2.62740101757835,-0.9754747176548904,3.952331821063353,83.71,7.691,22.2222222222222,0.64,50.664,28.010321465343008,31.103,33.44232073232752,0.6215573729109658,0.3126833172340184,90.1,1.3246936007281,10.588644262424497,-2.67593312263489,99.8182922055447,2.42967653,0.079,1.46522263465927
Palau,84.0,6.426029486182841,60.050708306075805,12.59,1.44219017355169,0.4209844559585492,12.0,,17.69978714,,,,,,19.7,,22.7,,39.0,10.1321475743405,,-5.896910735620409,0.0,,33.325,0.0,99.57901554404144,10.0,0.0,-2.6911248722973085,0.7903176969639816,6.125558155967937,,9.261,0.0,,,,,0.4209844559585492,8.856388402236009,-5.361927817714786,,,-0.0645345108797954,1.45398449897766,,10.93099976,,
Panama,75.0,9.06351995982928,91.7071591671459,1.79,3.491288726188,2.909792767167818,11.0,0.0,31.44028473,96.217829998677,28.9473306850212,0.0520116573371703,11.5,0.43,18.6,13.2,23.4,63.75925047021393,97.0,6.24300248006432,3.94,111.94152710757876,0.0,2.83333333333334,65.48125,0.0,42.8958417987268,60.0,0.0,5.698335651512679,4.1979720486742735,7.125920602506056,84.66,4.609,8.45070422535211,7.618,61.086,59.27923510664379,20.888,59.715969118244615,0.236424403471047,-5.0301493698688375,94.39,3.21284372923321,2.550703679627148,-0.116048209369183,0.0,7.22332573,6.51,0.0
Papua New Guinea,50.0,89.00658049255713,65.02097190466327,6.51,6.01360893567856,11.922675314097088,,4.18545892009617,12.28368187,100.0,45.3708068637822,19.54109664415278,29.5,0.54,58.8,17.1,25.3,109.48333333333332,63.0,7.69176453917104,1.71,60.803364982535534,0.0,6.9,55.44375,0.0,48.73182248270667,30.0,9.357230127598593,12.428761964351835,6.852310148313848,12.00990154513444,90.16,7.285,0.917431192660551,1.269,47.375,97.34133790737565,35.503,41.91094738969473,0.2589349088867777,2.8142787517353867,86.41,3.01110696268719,9.917161123419802,-0.808443784713745,0.0,2.10756016,1.4,4.47661217854251
Paraguay,70.0,16.244937845108367,60.66567225352368,3.12,4.65116279069765,0.0029778418969407,9.0,2.04440052656105,53.92941666,100.0,37.1388821973607,2.1622094060018977,18.0,0.18,25.9,24.9,19.6,90.46579420007504,93.0,9.20473563891197,4.15,74.98017274942681,0.0,3.79,68.36875,0.0,0.0018495912403358,50.0,0.0,8.485160580295513,9.803147314362178,3.88704595347879,76.73,5.211,12.5,6.049,64.643,64.36294795092411,19.5,,0.1752730584151913,41.766955412580415,82.05,5.25841212844526,4.655701382503423,-0.834862232208252,0.0,5.46593952,6.37,0.117808879440848
Peru,68.0,1.4619893578780818,44.752972253013546,2.46,1.52832059732901,0.6925606018389523,12.0,0.250535748083646,39.51519012,100.0,99.7906437133979,6.542425566207949,9.7,1.4,20.4,13.2,19.2,93.13769136761856,94.0,4.79969572854732,1.09,71.79362576923421,0.0,2.44,66.13125,2.3711340206185567,5.842853162440791,50.0,34.06519921983839,8.597610595464133,7.6277436246787005,7.766661275291327,81.05,6.733,27.5,4.167,76.388,83.2310483917571,15.191,56.53541376427974,0.3050016091927028,0.9781432590348516,85.24,5.57659493267544,5.710728594075221,-0.999915421009064,25.9779106455966,4.71338701,7.54,0.480650156268263
Philippines,90.0,76.50435703200556,52.77467204293029,3.13,3.78983634797591,14.859658705086948,10.0,0.0,54.84585953,99.9999999999859,87.0084886716954,1.161082383948286,25.0,0.19,29.6,11.5,20.3,151.43547169811322,87.0,9.89032615317717,2.85,60.45367581370713,0.0,1.84,69.8125,34.39668152696997,10.482418588172774,60.0,28.81225827403974,7.553215154685702,5.158694302764673,9.823582522283658,88.99,5.482,22.1428571428571,3.787,59.219,64.0195308862073,25.323,26.3783620206076,0.3715538299656755,1.3237302709073049,92.49,3.86741936165269,4.370884364448884,-1.65075957775116,0.0751524256426772,4.13107872,6.12,0.29022023809553
Poland,67.0,46.22331217541835,70.64730877119968,4.65,2.58069370250543,5.191174511756535,10.0,0.0,23.7143631,100.0,98.4049698996647,1.190790831834411,20.6,0.88,6.0,12.0,19.4,180.47834518422755,98.0,11.7917997229835,18.66,-18.68965257706249,0.0,4.99,44.49375,87.77472614600049,1.8343619376240825,60.0,3.043315552116303,0.4663910099839512,3.4640085386787263,8.304764387455137,94.55,9.9,20.0,9.87,50.47,75.13907718199243,12.591,7.403572312044501,0.8010177650338474,0.0719624441050825,88.29,3.78669078780968,1.5792173317416882,1.01733005046844,12.3100327417112,6.46800566,11.3,0.218675983627503
Portugal,74.0,28.1768298547064,53.32701682369437,2.92,1.40257289895369,22.56590867073396,12.0,0.105534490278056,24.70817566,53.0097361554458,2.61979578415894,0.1754027218309869,12.4,0.17,3.8,11.2,11.4,148.9573620781303,96.0,17.5369017436896,13.58,16.781700333737206,0.0,5.45,44.94375,13.126271029765208,5.561101867258273,60.0,27.546681456831205,1.5571599275776578,1.6909274671632772,1.6184964520593326,101.9,10.0,27.3913043478261,11.864,54.609,83.0927436156914,11.438,53.15566648178961,0.2563706857205495,0.5374471970284418,93.19,7.24455530195121,0.7821358530555358,0.717686951160431,0.0,10.03250504,11.4,0.0267203740539444
Qatar,87.0,,78.48640491673507,6.26,-2.42525675161714,0.0,9.0,0.000117881949436,18.7262249,100.0,100.0,14.071589328651635,20.0,0.93,9.1,15.9,25.8,300.0652315720809,99.0,17.4753689547599,9.47,256.6280918795128,0.0,2.05736622603152,33.88125,0.0,0.0,40.0,100.0,,19.00584660725588,25.49406258594975,61.24,1.188,0.0,2.699,86.169,52.96651715865234,9.355,0.0,0.6174256179469872,19.477922003046277,82.6,0.396756562410312,6.979329893911498,1.15385591983795,100.0,1.87017763,1.17,14.0714714467022
Romania,84.0,62.49482104170018,65.67396374300927,3.52,6.09141668601891,0.6844487446497974,10.0,0.0,19.63123703,100.0,69.2836759242553,1.0765263249105044,23.1,2.53,12.4,12.0,20.9,52.54624972665646,95.0,17.6032613332311,13.2,-51.34583855903605,19.06066022729136,3.18,53.94375,34.014988766624576,1.1348169041801277,60.0,11.90901785860706,-4.506104870490233,-3.333352913550541,-4.553784929409957,103.01,12.8,11.377245508982,6.175,46.893,70.80671195103906,16.605,33.88112300956067,0.5372903349673384,-14.22834564741902,88.0,1.32218857786439,5.932111859899436,0.273600399494171,0.0,5.63998747,17.62,1.06156215614756
Russian Federation,66.0,48.22654197630428,42.57701378167728,8.42,6.84939230255025,0.1940502682966773,9.0,0.0,35.32572556,96.2900289047848,84.0671860788674,6.995711686122585,30.9,5.93,10.4,20.5,19.9,15.724502462001333,98.0,10.4550821020095,35.78,-28.1319996331013,16.417155573538338,3.5541988208528,53.1375,16.00088629423042,0.8970838993092685,60.0,50.14585320270128,3.86489658331908,4.453096398347569,6.6115367528601325,89.46,14.2,14.0,6.875,58.038,79.39714856083023,14.53,16.416799129119582,1.3967361839464023,-11.980949060995556,61.74,1.27275963987183,14.191109568820709,-0.929458737373352,1.64235535273383,4.97111797,13.76,6.61545525506961
Rwanda,82.0,5.061270154278489,28.213365813262705,5.56,-0.246128693436934,28.68292682926829,6.0,5.65813656747789,11.09119892,100.0,100.0,5.821035606682109,21.2,1.41,63.3,34.0,14.4,0.0793918918918918,95.0,11.4728665861395,7.62,2.8537071270886782,0.0,4.18,46.11875,0.0,57.14285714285714,50.0,3.1358885017421603,9.19066009376104,4.659797963651414,8.399650934938265,84.3,7.347,56.25,12.442,54.002,78.97315133807219,26.179,67.70731707317074,0.1213165283256152,5.129023882065226,99.14,1.12291541605656,3.187174318950284,-0.272093862295151,100.0,8.08192921,1.25,0.0
Samoa,86.0,23.00493325097121,55.8609198329228,4.27,0.777007268777692,0.5638088419545374,8.0,0.422948171779609,12.63165283,100.0,0.0,0.422948171779609,31.0,0.33,19.3,12.9,18.8,1.3333333333333333,56.0,9.05487333021285,11.43,58.781725888324885,0.0,4.24,55.4,0.0,63.75514587435117,40.0,0.0,6.079530408873254,5.294516645888251,-29.437818515142663,99.88,5.781,8.16326530612245,6.605,51.917,61.20360965125352,27.816,36.24485412564883,0.3339863051173719,2.495143219463742,122.45,2.80758631869023,-5.145943466257734,0.765691876411438,0.0,5.15268326,2.59,0.0
San Marino,,,,,2.58541815582587,,10.0,,13.73352718,,,,,,2.7,,11.8,98.54,88.0,,,,,3.60142216505669,16.5625,,,0.0,,,-6.053286507522188,,,6.5,16.6666666666667,,,,,,,,,,1.4303557455005065,1.45398449897766,,6.20853519,,
Sao Tome and Principe,76.0,10.126599219426597,64.72962220083588,4.63,13.34005235378,0.0,6.0,3.96251804877902,25.69589424,100.0,100.0,3.96251804877902,19.9,0.48,36.3,26.6,42.5,30.0,92.0,4.95654938832552,0.85,138.51761846901582,0.0,7.66,46.1375,0.0,8.372662122006643,30.0,0.0,-5.826019889844346,-0.7551506153580192,-4.813350961243046,104.8,7.67,18.1818181818182,19.253,20.547,89.71126954740615,50.877,91.62733787799336,0.5616480944486318,1.1208593099089228,103.33,9.47057193014876,6.965324124465127,0.115442857146263,0.0,5.80827904,5.92,0.0
Saudi Arabia,61.0,3.496415221205268,67.77753488780671,6.7,5.33941623014106,0.0017036626664611,9.0,0.0012284797532347,18.94513893,100.0,100.0,10.900996352470242,15.9,0.6,12.2,24.8,19.9,68.8665664458924,98.0,8.63838819343631,1.38,154.98838877255824,0.0,7.1861867,41.08125,0.0,53.85823360589159,20.0,46.140100220351485,8.744670300059425,6.087203608475193,2.8753961867059843,93.34,2.668,0.0,18.743,48.572,25.165600730927363,24.993,0.0017036626664611,0.930114009390857,10.03303943226912,121.65,1.09155608424297,17.191327150290036,-0.226726979017258,100.0,3.64786696,0.0,10.8808212673557
Senegal,82.0,45.182645447880255,43.0672039376843,4.68,1.22868119673344,1.388816644993498,11.0,0.0,48.67733765,100.0,100.0,0.3849541618636753,23.0,1.14,63.0,25.8,51.5,8.610220994475139,81.0,9.83441943705356,6.8,95.1422337077296,0.0,5.19,59.91875,0.0,91.87256176853056,30.0,2.7308192457737324,3.627511817609786,0.9522696072259436,1.5571138621256893,75.46,7.739,22.6666666666667,3.028,46.644,53.33470792558169,30.079,1.388816644993498,0.4787112813408896,4.757389044967567,106.5,0.583598623372595,1.604415790199326,-0.417924970388412,45.6400960535675,4.02764368,0.41,0.0005442325311063
Serbia,88.0,53.08919511189561,60.93719350188914,6.19,6.14255360247248,0.0099992126604204,8.0,0.118056018090566,36.40253448,100.0,99.989260556772,0.872516807170135,24.5,0.61,7.6,9.0,20.5,127.86509060769318,95.0,14.0912009596044,18.59,,0.0,4.58,59.825,65.85833136498438,0.2913156444374459,60.0,0.8582001417211244,1.63157894693326,2.0202769299133934,0.4521130406571956,102.18,14.2,21.6,20.206,40.118,71.51019570275078,21.204,33.002152061517464,,10.972108323774547,99.65,3.61886937420581,4.950308957132862,-0.421741664409637,13.4589879659774,9.5273037,9.93,0.586738927569351
Seychelles,76.0,7.884348605413365,140.99191897449768,3.44,-2.40463875108227,0.0,10.0,0.155648310396025,35.97537231,100.0,100.0,0.155648310396025,21.5,0.51,14.1,14.2,21.5,32.22222222222222,99.0,11.1303192675284,7.3,213.4700315457413,0.0,3.62600000000004,51.18125,0.0,100.0,20.0,0.0,4.8660491663518,1.6273701359067303,0.375025327976715,112.88,7.4,23.5294117647059,,,,,0.0,0.8330106832471149,-6.973398196096127,93.26,,-2.1197104463201555,0.856766223907471,0.0,5.35168219,7.77,0.0
Sierra Leone,86.0,8.111776878993368,26.062645324606425,6.6,7.18566275668163,0.076188243567954,9.0,8.3883251232102,56.25852203,100.0,100.0,8.584829594219412,26.8,1.2,158.7,30.0,47.1,9.887071463825157,82.0,5.56012030455827,5.96,41.27051218299352,0.0,2.5,53.1625,0.0,12.600363359315478,20.0,0.0,7.014921076722629,3.5002192188052987,12.165458468368342,92.48,14.152,13.2231404958678,3.398,58.03,98.48482371978228,31.717,87.39963664068452,0.1269207478827705,3.406909236758466,102.26,2.60441984909616,19.12311800410573,-0.236645370721817,0.0,9.12688351,0.31,0.0
Singapore,81.0,32.67373513321864,276.3285852148189,2.55,2.82884527612958,3.277389729659811,6.0,0.0004581664099106,41.51569366,100.0,99.9999999999668,0.0331880645125181,11.0,0.022,2.8,5.1,12.8,126.71875,95.0,13.7660604866586,9.38,71.97263918142687,0.0,2.94,35.3,0.0,20.21299530030613,60.0,77.24528952701246,11.415278462245157,12.508521549855216,24.07642535907273,73.88,4.4,23.4042553191489,4.418,64.595,74.41739289017417,7.781,3.277389729659811,0.197537303762857,2.7586206896551744,86.89,5.31837674522332,1.1078087134461612,1.16941487789154,0.0,3.1982615,1.92,0.0327298981026075
Slovak Republic,88.0,33.55277447143595,145.50417730723407,5.26,0.957018132975143,2.458683322564434,10.0,0.0,22.8006134,100.0,99.9103802712244,0.0321722518995709,20.6,0.61,6.9,9.0,21.3,85.0639367816092,98.0,18.5548701295117,13.74,-33.767217594241586,52.31531337497308,3.71,44.6625,14.645703209132028,2.1537798836958864,60.0,7.918730705721876,6.414624026507184,6.691108446136539,9.85802640881343,126.29,9.9,15.3333333333333,14.599,50.371,74.62984012636365,14.569,22.736520927561205,0.5069834997863532,-19.260487470414887,69.05,3.56583650662919,0.4705285532697019,1.05331683158875,0.0,7.66638851,10.54,0.021762703428359
Slovenia,82.0,28.33397460753322,124.06388916029472,4.49,1.80117022137134,1.404014598540146,9.0,0.102972558073328,12.64016342,100.0,92.2696364341085,0.1479931419482064,13.5,0.45,3.2,7.2,20.9,266.56915325857307,95.0,20.1754349424477,20.58,2.940654868578263,34.40997566909976,5.26,57.3875,32.1654501216545,0.048661800486618,60.0,3.333333333333333,1.8751378476607807,0.6721679114033918,-0.30035292567959,106.25,9.1,14.4444444444444,7.018,55.067,80.78378912484989,7.11,30.011070559610705,0.4097921384563964,1.9678280773143515,99.8,3.82073495564923,-0.4914694446007672,0.866508841514587,0.0,8.56503296,11.14,0.0450205838748784
Solomon Islands,89.0,6.15646497480742,69.92277547977358,6.92,1.05148163321038,2.596800370971481,,0.0,4.094244,100.0,19.7528046534757,0.208357457317841,39.2,0.85,27.2,17.8,29.6,,74.0,9.04980721662487,20.81,90.31626997065538,0.0,9.94,50.7625,0.0,96.82355668907952,30.0,0.0,5.14800861141012,6.6563357545343536,13.220702601233585,97.84,5.802,0.0,1.444,83.095,95.85836561434436,7.692,3.176443310920473,0.3266029977323177,13.039765796535749,91.27,0.993335655582393,1.7452779033142465,0.343293845653534,0.0,4.66450787,1.12,0.0
Somalia,74.0,,52.90558429313098,7.51,,0.0,,,,100.0,100.0,,30.7,2.93,185.9,27.7,41.6,0.0947090909090909,46.0,,7.8,17.211996073784697,0.0,0.991144636141377,34.78125,0.0,100.0,20.0,0.0,,4.079104897079702,,107.7,16.617,6.77655677655678,24.735,27.972,42.5706771860618,43.213,0.0,0.1957974570284654,,104.85,6.2110036481833,-15.34690230501073,-3.13097143173218,3.96958881429397,,0.0,
South Africa,53.0,15.077048230770885,45.088239497318455,7.98,4.06749555950263,-0.0105700671414979,9.0,0.0,7.99506283,100.0,99.8664782176002,4.02016013571674,26.2,1.76,50.0,28.6,26.7,53.77802601133009,72.0,13.4496567369307,18.78,43.11623963166249,4.66061378808248,5.55000000000003,58.23125,93.22036509874768,0.0758856861106082,60.0,0.0,1.7452623373389429,1.8280467246410692,4.594519821171033,86.92,11.349,44.5,26.916,40.8,75.59505633146367,33.547,1.9412714126679016,1.4899051184757417,-0.3003413883416499,93.5,5.54343842164964,6.128432431604438,-0.0294270031154156,20.049019220481,7.79358244,8.68,2.60163846026122
South Sudan,,,,,1.16962180301108,,8.0,,,100.0,100.0,,17.2,1.23,109.4,25.3,29.5,,,,4.87,,,1.07046664865558,25.41875,,,30.0,,-7.405036220403986,0.0553052206663267,1.0291801802998035,,10.388,,13.679,64.485,94.89601775757734,29.727,,,-0.670003086615651,,2.09364958642294,12.926402431149173,,99.9738105448623,,,
Spain,69.0,48.80395941825753,40.71697806268234,3.07,1.79986457728769,18.397092134369395,10.0,0.0,20.29029274,72.1511076627807,10.1317005674548,0.0092329813685381,11.1,0.49,3.8,5.4,11.6,130.67528735632183,95.0,15.28339995127,7.01,26.03246564157611,20.558689603252777,4.41,56.7625,8.729898151740972,5.49270877898165,60.0,31.45688445810823,1.0248988313121998,-0.3656600899836775,-3.7303288449207623,91.57,8.2,36.5714285714286,20.227,47.569,76.87196182491192,17.132,33.49059951513463,0.2426799238967586,2.6024220561710933,97.54,5.26816234807562,0.2928377312733943,-0.318043738603592,0.0,9.1189127,9.49,0.0018891536552403
Sri Lanka,88.0,25.90868703995045,37.71392872937779,2.14,6.2176488930462,0.8761225812424775,9.0,0.127625354095693,53.29795074,100.0,100.0,0.1294079549141083,18.2,0.23,11.2,14.2,26.1,229.0475,99.0,6.09434168033834,17.34,47.54294221113866,0.0,1.7,67.39375,0.0,46.88454772706231,60.0,0.0,8.025530836674605,7.381428647865079,8.444237793154102,73.41,6.403,5.33333333333333,7.476,50.745,45.77308195086452,26.68,53.037959448199246,0.216298534689053,6.951273659545265,98.79,2.61343846886968,26.934876176157303,-0.94294685125351,5.63210412167717,3.7414515,2.6,0.0
St. Kitts and Nevis,100.0,8.183088450395644,38.78166408249071,2.72,0.850878649795844,2.5787965616045847,12.0,,55.21491623,,,,,,18.8,,17.5,11.333333333333334,99.0,12.0691476430103,,142.23706176961605,0.0,3.38526813509424,47.3875,0.0,97.42120343839542,0.0,0.0,2.493276380319571,0.0951505914335228,-7.928100659077302,147.96,9.109,6.66666666666667,,,,,2.5787965616045847,0.1189937022376079,2.429350520575113,87.4,,0.6285492132849271,1.03611218929291,,5.2136941,6.47,0.0
St. Lucia,89.0,2.785895677517061,59.161411538961225,3.19,3.25034409180129,0.0078758761912262,10.0,0.0219789275961318,54.76262665,100.0,100.0,0.0219789275961318,16.9,0.18,18.0,9.7,16.8,134.0823970037453,95.0,15.7185517878338,7.56,95.98912304554725,0.0,4.18,53.84375,0.0,99.99212412380878,40.0,0.0,2.7703309009599337,-0.2787501878072334,-1.41256199547756,103.46,6.907,11.1111111111111,18.389,55.35,83.57897339395355,32.078,0.0078758761912262,0.1044921984289619,-38.71585836325623,108.74,5.91865514304464,5.422819432307406,0.790275514125824,0.0,5.12090254,9.6,0.0
St. Vincent and the Grenadines,0.0,5.669452101800573,52.74496682696304,2.65,0.747109026311474,0.0,12.0,0.0284699827153102,32.23464203,100.0,100.0,0.0284699827153102,19.0,0.38,21.4,3.7,17.2,106.475,99.0,14.4632796176699,3.14,99.22178988326846,0.0,5.17340256153343,51.93125,0.0,82.5,30.0,0.0,-0.2846039142433341,-3.9935109501687274,-6.0300165134665065,106.81,9.54,14.2857142857143,17.611,51.749,68.81383076478772,30.267,17.5,0.131958031338759,-23.85685663047045,92.7,5.76763975889375,5.58059737402084,0.790275514125824,0.0,4.30325222,6.66,0.0
Sudan,75.0,52.32382989163217,36.37706356598234,3.26,12.9776663898014,1.8138418455794107,8.0,,61.31344604,100.0,100.0,,23.2,1.43,74.2,23.8,32.9,,90.0,1.5642965668853,3.49,105.122321005822,0.0,2.18,52.59375,0.0,17.295639418589147,40.0,0.0,4.585500952606793,0.7588860487514069,4.489859145596313,,7.819,25.5605381165919,26.578,41.352,38.607514687028925,34.565,84.51820242699026,0.2855647268018779,2.275602183673243,,8.59175930040058,22.669419211621918,-2.66527771949768,100.0,5.05810165,0.045,7.63270409081983
Suriname,54.0,54.606849975880365,78.38162101225716,3.12,6.94108221639996,-8.385730858468678,6.0,0.524850788862401,23.58067322,100.0,99.9865938333289,16.39763308152845,20.3,0.25,23.2,19.5,19.5,211.92727272727276,87.0,13.0855075407089,24.32,22.03535266861163,0.0,3.4447781,44.04375,0.0,29.81438515081207,30.0,0.0,4.407031948283475,3.953477032898519,7.011572000783886,113.89,7.1,9.80392156862745,12.811,49.002,62.710869430884266,15.652,61.79988399071926,0.3696935158553878,2.8688498251675014,87.47,2.32663383468654,7.196554190626927,0.0824754610657692,12.1420085325623,4.6978569,5.7,4.63669205557785
Sweden,88.0,61.47781593407294,62.40344357487426,4.7,1.15798802715628,10.56055281794437,9.0,0.0,16.378582,4.32618337118563,0.0,0.3698393745370891,10.4,0.26,3.1,3.0,12.6,82.05491483999083,97.0,16.4174424325688,14.61,-9.152504454405276,38.92883108490185,6.11,55.725,1.8007647359775965,1.1942267819156098,60.0,1.9367477179093624,3.6290739176707376,4.853016846231,12.879645582082205,98.86,9.6,44.9856733524355,8.522,57.764,87.3796474596356,7.786,55.32790074588685,0.1169760771306069,0.4058592059992918,79.38,3.51317251546127,1.0302594764930433,1.09417045116425,0.0,8.31963825,9.79,0.0151368158100461
Switzerland,,45.05248240225021,62.1005863970005,2.12,0.688238707220026,2.080660620806606,11.0,0.0,23.98251724,93.0007045460388,17.4079104122711,0.0002688230612275,9.7,0.18,4.6,4.3,11.9,218.78917962478704,92.0,22.3084845474264,14.49,0.6219565288971829,38.8394897883949,4.3,60.59375,0.0,0.098798200987982,60.0,1.5144142151441422,2.249130080360942,2.173637986883776,6.204688328439502,99.96,8.0,29.0,5.197,63.791,80.74718829037293,8.452,57.855931578559314,0.0728210517490909,-3.3922506205855285,95.61,4.16088919507947,0.3127365875003107,1.25859427452087,0.0,10.00535202,11.32,0.0002164581596238
Syrian Arab Republic,91.0,3.43179307546761,49.45038138017871,,4.3974138315007,0.0743972593885334,9.0,0.0013031191534295,54.0,100.0,100.0,3.183498911452966,22.2,0.3,19.0,22.5,29.3,33.016855131213994,82.0,4.53509259855656,0.59,39.88036285413288,0.0,2.5960693,57.06875,0.0,39.44584491414043,60.0,54.969512852002666,7.00137457739325,2.8269710683362064,12.210287364079903,109.58,3.824,12.4,21.96,39.024,17.92778606552848,30.78,5.659039493245427,1.8268196425715268,-9.751729109874503,135.56,4.21596983584927,6.8992650940543,-0.805789709091187,69.5113186230673,3.22704148,0.99,3.17938343654553
Tajikistan,86.0,55.09201368687292,68.27098641281252,5.06,6.44531440780658,0.0,9.0,0.0,70.43351746,100.0,100.0,0.6560735055226254,26.1,1.1,37.0,18.7,36.4,9.59278350515464,94.0,15.041729054282,2.85,-46.07021815968088,0.0,3.58333333333334,48.24375,0.2007909948281107,0.0,60.0,0.2129601460298144,10.702868680070663,4.246574671431674,9.78500513904936,55.99,5.666,19.047619047619,10.426,37.587,52.56946282085208,41.795,99.7870398539702,0.5207765164310251,6.7999931888465,81.21,3.50912236448518,12.46166773497093,-1.03453838825226,92.9361431199384,5.73543453,0.69,0.0181692617876215
Tanzania,89.0,12.828294812371652,37.250616587620414,9.2,6.20015595647403,1.9994358781496808,7.0,0.0,31.89402771,100.0,100.0,1.318240117959508,17.5,1.11,68.6,28.8,37.2,8.720109509346793,92.0,17.0169902917842,4.36,88.0320643240772,0.0,3.73,67.64375,0.0,3.7044001504324937,50.0,44.20834900338473,7.840107022202346,3.6704149801856554,9.171113333258845,77.77,8.293,,3.584,83.691,94.41155949674776,12.312,52.789206468597214,0.210557299161033,3.20096346359027,73.87,1.68727565921016,9.428716252961491,0.0144716212525964,11.6653966511462,5.22392178,11.92,0.149624270556758
Thailand,83.0,22.545024089825915,110.29661181483962,5.1,3.24758842443723,2.6194641983670093,9.0,0.0,14.4973793,100.0,99.9999848884831,1.96090523561916,15.1,0.24,14.2,38.3,22.6,143.26000114129195,98.0,15.361841439165,8.93,88.24608608313447,0.0,3.54181608549624,56.35625,18.598161317429856,0.6841755402541044,60.0,75.09375274360036,6.811462325456617,6.794799286491667,10.44755435394697,87.86,6.607,13.3192389006343,0.623,71.211,79.5982901709829,12.52,6.1068154168391215,0.7098168821951464,-0.4578915445014928,91.08,2.74256253954944,4.0809892267374295,-1.44278836250305,26.9115576797831,3.39009809,7.57,1.9367697579356
Timor-Leste,28.0,19.311473340786208,29.7082704536623,1.44,6.76597680236481,0.1144819690898683,9.0,0.119686114838025,11.56462669,100.0,96.1691766642551,,21.3,0.35,71.1,15.3,28.5,3.092413793103448,66.0,1.45500352733173,3.78,311.85656448814336,0.0,2.7,57.31875,0.0,99.10495915075194,50.0,0.0,10.17264114706235,6.721192805372198,7.887179455988786,94.21,7.965,29.2307692307692,4.035,65.544,84.66942205126105,19.037,0.8950408492480615,0.2579043920002379,4.366378954188519,128.17,18.4908458061131,10.963798950285437,-0.467514544725418,0.0,6.47058821,0.3,
Togo,85.0,27.701192770747724,56.021529253835375,12.3,1.44594517430864,51.39664804469274,10.0,5.05473802790688,62.2700119,100.0,100.0,8.27207193290761,28.1,1.09,88.7,31.1,43.0,9.837926829268294,68.0,7.80998902478616,9.63,123.8492711546604,0.0,4.54,60.80625,0.0,45.81005586592179,20.0,52.83798882681564,4.21795003687275,3.0128714973236583,8.789011357956781,104.43,10.388,11.1111111111111,2.102,56.813,91.53161453791606,11.469,,0.5818070102308572,4.885817044269629,88.66,1.23256668440412,-0.0933359947250096,-0.179348394274712,19.2461108262732,4.33284378,1.79,0.0
Tonga,90.0,19.35589299579877,45.51805578065748,3.5,3.53491239189833,0.3086419753086419,6.0,0.0469793392583834,8.50191402,100.0,0.0,0.0469793392583834,27.4,1.56,13.1,5.8,18.0,10.46470588235294,99.0,8.50560782264848,5.11,22.6502311248074,0.0,2.93,48.96875,0.0,99.69135802469135,20.0,0.0,0.7603861101338936,0.6394583089414709,4.108828428650753,100.34,6.302,0.0,2.143,55.645,62.412747453942096,26.861,0.3086419753086419,0.3215800695608302,4.683777766241562,135.25,13.6346576591068,7.721585503979881,0.689703106880188,0.0,4.81632328,1.18,0.0
Trinidad and Tobago,71.0,6.514732965009216,78.807033932667,21.42,10.5492003179988,0.0519740718915733,6.0,0.0278036821195454,46.56803513,100.0,100.0,10.675884264003546,20.9,0.15,24.7,20.2,19.1,228.0,92.0,16.3020970665988,11.75,202.33748592917735,0.0,3.32289711639011,56.9,0.0,0.2828520919269299,40.0,99.67000589275192,10.796808454677404,2.7266740979285657,-1.8727783647713068,116.01,6.727,28.5714285714286,4.664,61.241,68.80321602741532,15.467,0.0519740718915733,1.732740654889055,32.09019440489598,91.91,4.95602525001773,12.733336125746192,-0.0508231818675995,0.0,5.08042908,6.15,10.648080581884
Tunisia,85.0,18.4293815112752,83.62966522224272,3.77,3.33897963601069,0.867090153921329,9.0,0.141703841715457,42.10583115,100.0,100.0,4.677280021337745,16.4,0.66,18.7,23.9,26.8,47.43181013106624,97.0,15.45565662189,3.06,72.83513568220089,0.0,5.86,66.45,0.0,0.0244319569997556,60.0,95.91375519179086,5.37615138840053,1.8683563536238097,,83.91,5.604,27.5700934579439,18.987,41.237,35.12908436534701,25.227,1.1724896164182752,0.6592358538375611,-9.085874771751064,85.15,6.74499142023043,9.465024549001512,-0.0639763623476028,41.5793663305012,5.60950756,1.66,3.56665476111092
Turkiye,89.0,7.654451426347109,38.5379169734874,3.03,8.56644420552976,1.85811143517291,8.0,0.0,16.87221718,100.0,100.0,0.3376881684223397,18.6,0.49,17.9,6.8,29.8,98.37565469509914,97.0,15.1232959506268,3.1,86.90693134332665,0.0,3.4642301159229,68.85625,26.06293322222643,1.0321578728078482,60.0,46.46793682057498,5.252851466214921,6.792082325867327,11.433096234118494,73.38,5.0,9.10746812386157,12.998,43.007,39.01651929146171,32.289,26.38180371955608,0.5082408645857669,7.669955294978067,92.7,5.3196567855173,7.009283602597407,-0.915285527706146,89.1665895224751,5.02053452,2.12,0.0917414883582157
Turkmenistan,87.0,,54.02255989559056,12.58,,0.0009003601440576,10.0,0.0007613681619303,70.99906921,100.0,99.9988422103789,10.53820694470393,27.4,0.36,43.6,16.9,34.6,153.17933741080017,99.0,17.3787247468721,7.51,44.924893281418974,0.0,2.32,37.8,0.0,0.0,20.0,99.98199279711883,,6.987016347422738,,93.28,6.067,16.8,2.466,47.826,101.85635538261997,22.883,0.01890756302521,2.840891307376532,,115.72,3.08042523800614,2.3060881533174324,0.334105610847473,2.24690296214172,3.20879436,2.66,10.537445576542
Tuvalu,93.0,13.810246365725618,68.52428,4.03,,1.5267175572519085,8.0,,0.65677679,,,,,,31.4,,19.6,,85.0,5.79702241331141,,23.33333333333334,0.0,,37.38125,0.0,98.47328244274809,20.0,0.0,,-3.631681427046047,,93.8,9.406,0.0,,,,,1.5267175572519085,0.0,,94.65,,-0.568181818181813,1.42273163795471,,15.37378216,1.59,0.0
Uganda,68.0,16.85335994484103,23.555265698667395,10.2,3.97655288478168,-1.8932849364791289,7.0,8.23605293683011,37.39066696,100.0,100.0,8.236702117274884,23.3,1.11,76.1,32.3,25.0,1.7194074074074075,73.0,11.1172639314733,5.25,134.9111720519852,0.0,2.1,66.575,0.0,41.05263157894737,50.0,0.0,7.040311964193748,2.573084633418261,7.8662186601168145,90.35,8.263,31.2883435582822,4.288,70.696,92.84035246687417,17.448,52.0087114337568,0.1468327641447524,2.5995672058367347,95.82,3.48746150267985,5.637611638134615,-1.00055825710297,99.878414659033,6.80890226,14.0,0.0
Ukraine,69.0,30.70111117378306,79.59043995511273,10.26,9.37293105078978,0.1268350032834113,11.0,0.0,41.84223938,100.0,99.7842091250178,1.87636359717556,29.0,3.21,11.7,15.4,12.4,32.65818887212489,56.0,14.8765123905655,24.75,-58.26966876597207,47.21333700510517,5.99144518110416,65.29375,36.94367360772767,0.4353167962378461,60.0,8.31603363907895,4.15427750769824,4.467825135156758,4.940698456544041,99.88,14.798,8.0,6.855,51.702,84.19205459419938,19.974,7.091903743088948,2.959934615330884,0.2081510663416281,70.19,1.30215286377942,13.673228207332896,0.0131317190825939,0.0,6.81387615,11.66,0.898611493068441
United Arab Emirates,72.0,,133.42924947202954,5.36,0.877983288285867,0.0196063821860796,6.0,0.0001651367483675,17.94574356,100.0,100.0,6.030387453110957,8.0,0.25,8.8,19.4,28.2,617.8581027667984,94.0,4.77172683502562,2.54,163.80520130724543,0.0,2.8387907017297,31.325,0.0,2.4034316490862064,40.0,97.57740901978732,1.5286577393497538,-0.8046174846320326,2.4667457818487577,78.12,1.073,22.5,6.085,74.528,47.00453758302462,12.643,0.0196063821860796,0.586935575587757,-10.809884254102926,192.08,3.67693861028652,16.527886364070213,0.801757872104645,91.4012404737477,3.74433136,1.96,6.03022231636259
United Kingdom,81.0,43.430040152080544,40.73466463028733,3.21,2.49265472467065,5.902191802293686,11.0,0.0,13.06795883,87.5024347222583,6.95746814695039,0.7777273138177224,12.4,0.33,5.2,3.7,10.2,243.04857621440536,89.0,14.6805831704184,7.8,-22.35416774858552,16.23318268502312,5.5,53.60625,28.40434703100917,1.4289819483267587,60.0,45.88756237101283,3.02629871455909,1.435052570352255,0.5808515008701107,94.08,8.9,22.0,6.98,56.873,81.06185642298985,16.189,7.663209592727083,0.1885084652559355,-16.417142116490865,95.03,2.64835833082883,1.589080729712805,0.411818206310272,0.0,9.78937912,10.95,0.777607939865628
United States,66.0,45.27010580365472,21.58073797869635,5.5,1.6400434423899,4.074771093748216,12.0,0.0,12.36788559,38.2130323583238,0.479929998459305,0.389242928907631,14.5,0.4,7.3,11.7,9.9,121.60795076755744,92.0,15.7587240518348,13.2,8.056303077384941,19.160543847908954,4.84096628264901,49.66875,45.54586918141892,1.0982475453530145,60.0,23.24735121950105,13.139708629062367,1.829923698659357,,96.27,7.995,16.7816091954023,8.601,57.592,82.08948833226289,15.231,10.61439831172361,0.3379482806029574,2.647454421968007,89.55,3.12775142157991,1.2152866833260705,0.438403934240341,0.0525020167761014,16.19723129,9.34,0.261842024879902
Uruguay,84.0,19.461206928552613,36.58132983042249,2.6,6.69870886978132,10.812459260638793,14.0,0.0,20.47283554,85.458456172196,0.377855835538743,0.0856959830138704,17.7,0.49,10.8,17.1,19.4,145.7835710772258,95.0,3.14319280376537,16.08,32.696252033965514,0.0,3.99525333675808,64.73125,0.0,10.06611416332992,60.0,0.7449483192103548,7.56679156857534,7.527646178230185,8.864330426659023,93.05,9.355,15.1515151515152,9.452,59.683,73.61738640781905,18.124,89.09721575565696,0.1318429024581877,-1.4561957235598442,85.87,4.83941701160298,5.746856984421811,0.824986040592194,0.0,7.87757301,6.31,0.0139776102661443
Uzbekistan,86.0,15.719912902103914,40.959957692842096,13.35,,-0.177008177008177,11.0,0.0,58.04501724,100.0,99.9964541233472,9.44609386657345,37.8,0.83,30.1,11.3,34.3,205.3895014381592,98.0,9.71784201343744,11.27,17.262225712856292,0.0,7.19133459334964,45.1875,4.08080808080808,1.4641654641654642,20.0,78.6936026936027,5.759866310043378,5.905900269437353,26.069357387533472,69.94,6.198,22.0,6.446,54.806,57.96252129471892,24.44,15.584415584415584,2.227075685394445,5.663796567185187,76.41,12.1626925563439,48.58168995009683,-0.720438122749329,37.0252404687667,5.29938841,1.79,6.00105803419677
Vanuatu,81.0,4.421091599298947,49.79775404947997,4.2,2.76269469477348,8.049853372434018,,0.859966127595404,8.85383415,100.0,26.2197324878486,0.859966127595404,38.0,0.64,21.2,13.5,25.8,,70.0,8.49402161224245,16.92,43.37425910245556,0.0,4.95096038665277,56.1875,0.0,82.21407624633432,30.0,0.0,2.6905566162431995,-1.085938085148058,12.165450121654516,116.94,5.468,3.84615384615385,5.356,61.368,82.13091053407415,31.847,17.78592375366569,0.2274394739115061,4.637157482685936,85.81,0.716508488466096,1.4717088033394816,1.27522957324982,0.0,3.52656102,1.67,0.0
"Venezuela, RB",82.0,12.677798392084114,26.63963294259885,5.93,28.1874647092039,0.0002812766443696,14.0,0.0,,99.9999999999791,98.8195125345379,1.181599939319507,15.8,0.25,17.2,31.2,19.4,181.9,79.0,17.037693520211,6.05,59.28609302502146,0.0,6.54,61.34375,0.0,15.840270025578596,60.0,16.669157136955356,-0.0783599062376794,-2.7702325150484057,-3.358842489436469,107.29,5.512,16.969696969697,6.952,59.313,63.13210380948745,18.797,67.4890961350831,,0.9197485084670802,106.08,3.46871656377034,45.943268698589264,-1.25623667240143,0.0,,7.75,1.1088831419388
Viet Nam,92.0,,106.70838865516863,4.44,9.20746648778413,9.656006659431208,9.0,0.0,34.67405701,100.0,100.0,2.502247806931049,21.7,1.04,23.1,25.6,18.6,365.25342995619343,98.0,16.6389496923495,7.03,181.8934699314615,0.0,5.36,63.425,20.74750007902806,3.593142471786982,60.0,46.51907737373951,-7.651181651236115,5.212276836048076,-9.923181155088002,83.51,5.911,25.7606490872211,1.078,75.418,88.30278335159355,8.242,38.685647450554775,0.8838197022089416,0.48599040134836,83.27,3.43936808522055,42.30326724885569,0.148407876491547,57.9348231878541,5.07146072,7.37,2.30590735584845
"Yemen, Rep.",87.0,8.019092429661256,50.772081299371216,3.12,11.1748338605044,0.0251385845043186,9.0,0.0402710807827205,74.01689911,100.0,100.0,14.96594347109742,27.1,1.52,54.9,23.1,35.4,19.457784663051896,68.0,6.19859499023096,5.17,202.6425980406158,0.0,3.6,49.93125,0.0,73.43044991620472,40.0,26.543766920201108,7.605879548210765,4.374497207867464,8.059538518106152,82.31,5.586,0.332225913621262,20.203,34.643,14.4346593784796,44.15,0.0251385845043186,0.417900591303484,6.139710446806234,119.65,7.00111280393159,23.61629201190512,-2.4237163066864,100.0,5.15932894,0.058,14.9256723903147
Zambia,89.0,4.747587457911379,61.78462533923741,8.31,8.50176133365265,4.341514459665144,7.0,1.33569180261668,14.8048296,100.0,100.0,9.9807839971288,23.1,1.13,75.7,23.6,27.3,29.173529411764704,96.0,17.1596421062093,6.0,21.885052125721828,0.0,2.13908721800795,65.31875,0.0,0.1236681887366818,40.0,0.0,15.387068700274623,6.545123583806685,7.381055393063747,89.54,9.29,14.0127388535032,12.955,51.411,76.92261878173345,37.807,,0.1767579260162489,-5.978009142698383,94.21,0.330114507417017,13.950913193451896,0.515351355075836,0.0034158345949331,3.97471905,3.31,2.78136509409083e-05
Zimbabwe,76.0,23.17013254681197,70.88757343072358,17.83,3.02267002518892,0.7069858441707907,7.0,3.46461218956385,34.43103409,100.0,100.0,5.818513797541342,33.8,3.33,85.0,37.6,27.5,34.083,90.0,9.55293345824699,13.56,-19.985443111680446,0.0,1.91,43.31875,31.626194038439404,0.552422603291518,20.0,0.0,15.41924775764538,17.760124172093896,48.44432707658393,105.58,12.745,14.9532710280374,6.025,62.367,83.73037245722335,17.816,67.44654160432731,0.7138244192239813,7.222767381236324,103.76,0.399713797670971,4.097637926161667,-1.10401391983032,0.0,10.47583866,3.31,0.512734385181962
