Country Name,distance,Year
Afghanistan,19.598381271887,2000
Albania,15.79526770658903,2000
Algeria,19.74375297495436,2000
Andorra,15.677419436241635,2000
Angola,20.89638178946312,2000
Antigua and Barbuda,17.093922992487943,2000
Argentina,15.64136202483547,2000
Armenia,17.619523475928474,2000
Australia,13.95339550541307,2000
Austria,14.023567765051098,2000
Azerbaijan,18.510990255319484,2000
"Bahamas, The",16.895142310708774,2000
Bahrain,19.69564065821935,2000
Bangladesh,19.564276261417213,2000
Barbados,16.390689147192806,2000
Belarus,19.049650651795954,2000
Belgium,14.593608646205164,2000
Belize,17.12165470666551,2000
Benin,19.267260560053437,2000
Bhutan,15.994753273987072,2000
Bolivia,15.54325279128662,2000
Bosnia and Herzegovina,17.81500772463222,2000
Botswana,18.288519279410373,2000
Brazil,14.763546837057227,2000
Brunei Darussalam,14.98418181458918,2000
Bulgaria,16.675799174262348,2000
Burkina Faso,19.970584174373787,2000
Burundi,19.190496419156435,2000
Cabo Verde,18.699981540030347,2000
Cambodia,17.55096562816,2000
Cameroon,18.34373119380448,2000
Canada,12.962067253967742,2000
Central African Republic,19.01454089487793,2000
Chad,21.7402975585926,2000
Chile,15.912331835633154,2000
China,17.576077561865187,2000
Colombia,16.09769412421055,2000
Comoros,18.738207561907956,2000
"Congo, Dem. Rep.",22.988635399219042,2000
"Congo, Rep.",21.733560471708135,2000
Costa Rica,14.061414594224857,2000
Cote d'Ivoire,18.42938147679539,2000
Croatia,16.769746328244054,2000
Cuba,16.74084463949117,2000
Cyprus,16.3119618562235,2000
Czechia,16.386724311549912,2000
Denmark,13.677457219896947,2000
Djibouti,19.784905036835077,2000
Dominica,16.557342796787808,2000
Dominican Republic,17.338963718120254,2000
Ecuador,15.876163735916345,2000
"Egypt, Arab Rep.",18.699273439197572,2000
El Salvador,15.190514719137985,2000
Equatorial Guinea,22.952950649758932,2000
Eritrea,20.427813726272912,2000
Estonia,16.065024330637648,2000
Eswatini,17.381948659711295,2000
Ethiopia,17.60607606827407,2000
Fiji,14.836369401104069,2000
Finland,12.202094103131376,2000
France,14.035847985647784,2000
Gabon,21.158172600931582,2000
"Gambia, The",19.065487761709885,2000
Georgia,17.432212246873327,2000
Germany,14.076202151226362,2000
Ghana,17.256393292205587,2000
Greece,17.333437717157132,2000
Grenada,17.326093073488167,2000
Guatemala,15.639067461827599,2000
Guinea,19.162719778018158,2000
Guinea-Bissau,20.414294085487434,2000
Guyana,19.696215858251183,2000
Haiti,18.67814076011748,2000
Honduras,14.261634408994276,2000
Hungary,16.156808877842128,2000
Iceland,10.996955517442526,2000
India,20.415927519996025,2000
Indonesia,17.55687452896103,2000
"Iran, Islamic Rep.",19.949450417531995,2000
Iraq,20.442080618073295,2000
Ireland,14.537034782810492,2000
Israel,15.937345802457365,2000
Italy,16.517827897113538,2000
Jamaica,16.742834443013138,2000
Japan,14.97786275602418,2000
Jordan,17.97377496648182,2000
Kazakhstan,18.472988198835832,2000
Kenya,16.857883323264268,2000
Kiribati,15.337965081173605,2000
"Korea, Dem. People's Rep.",17.181314908499353,2000
"Korea, Rep.",16.5896803672671,2000
Kosovo,18.400533328766926,2000
Kuwait,18.521832230259474,2000
Kyrgyz Republic,16.094505667367457,2000
Lao PDR,17.331013514155043,2000
Latvia,17.14588615244107,2000
Lebanon,18.19481067628623,2000
Lesotho,17.021317129949757,2000
Liberia,19.587172945312854,2000
Libya,20.65325307333136,2000
Liechtenstein,18.215783306787234,2000
Lithuania,16.140645660352288,2000
Luxembourg,14.478179161523707,2000
Madagascar,16.626127305781882,2000
Malawi,16.965301847353842,2000
Malaysia,17.04283193878744,2000
Maldives,16.546764006221206,2000
Mali,19.364827438809115,2000
Malta,15.75389244320747,2000
Marshall Islands,16.319800125902745,2000
Mauritania,21.11843585661805,2000
Mauritius,16.70711924317011,2000
Mexico,16.751486834484353,2000
"Micronesia, Fed. Sts.",14.381659531874156,2000
Moldova,19.198637611002486,2000
Monaco,14.472781311111676,2000
Mongolia,19.03510797225554,2000
Montenegro,18.45930462437203,2000
Morocco,18.583466397186598,2000
Mozambique,16.71227355109165,2000
Myanmar,18.873161223583875,2000
Namibia,16.23410233805265,2000
Nauru,20.16225392194074,2000
Nepal,18.01121254883202,2000
Netherlands,13.991495097675907,2000
New Zealand,13.480938941987443,2000
Nicaragua,16.784250491702604,2000
Niger,20.238125206786805,2000
Nigeria,18.769328352567943,2000
North Macedonia,18.133121945625593,2000
Norway,11.647155812180475,2000
Oman,19.723552646293353,2000
Pakistan,19.336134493867473,2000
Palau,19.677063769428706,2000
Panama,14.554129667741691,2000
Papua New Guinea,16.03782150341175,2000
Paraguay,14.711307532661287,2000
Peru,14.986663273350784,2000
Philippines,15.664833392202606,2000
Poland,18.00749104716597,2000
Portugal,14.187310618498698,2000
Qatar,19.300162751949273,2000
Romania,17.675962283243713,2000
Russian Federation,19.830297875070233,2000
Rwanda,19.60699449512855,2000
Samoa,15.078441319089887,2000
San Marino,17.34488014347517,2000
Sao Tome and Principe,18.674689211833833,2000
Saudi Arabia,18.88114214475367,2000
Senegal,20.883586633922988,2000
Serbia,17.71313656097236,2000
Seychelles,17.587592492176796,2000
Sierra Leone,19.906247899772065,2000
Singapore,17.27761683267627,2000
Slovak Republic,16.194564423780008,2000
Slovenia,15.385378550109358,2000
Solomon Islands,15.978401969152065,2000
Somalia,22.59162056131907,2000
South Africa,19.152213024654078,2000
South Sudan,20.145951251141906,2000
Spain,14.994179072236562,2000
Sri Lanka,17.689635800482794,2000
St. Kitts and Nevis,18.000810641197646,2000
St. Lucia,17.927456061558807,2000
St. Vincent and the Grenadines,16.752258090323735,2000
Sudan,20.40600455941458,2000
Suriname,17.15319101061048,2000
Sweden,10.6901966038375,2000
Switzerland,12.70265739457953,2000
Syrian Arab Republic,19.307474910587814,2000
Tajikistan,18.07667561187506,2000
Tanzania,17.070027899932004,2000
Thailand,17.13912484452233,2000
Timor-Leste,15.48193608457468,2000
Togo,18.45008777294241,2000
Tonga,15.65568319087455,2000
Trinidad and Tobago,18.845081702331207,2000
Tunisia,18.218468890400306,2000
Turkiye,18.363618489462418,2000
Turkmenistan,20.192902380554454,2000
Tuvalu,16.584224459322655,2000
Uganda,19.04561733816229,2000
Ukraine,18.574854619002824,2000
United Arab Emirates,17.871016306837642,2000
United Kingdom,14.36659985243612,2000
United States,13.378253594885065,2000
Uruguay,14.459936106419482,2000
Uzbekistan,20.271085144837716,2000
Vanuatu,16.16104155340382,2000
"Venezuela, RB",15.774786008808288,2000
Viet Nam,15.593984946718255,2000
"Yemen, Rep.",21.256306107433808,2000
Zambia,18.125034489231357,2000
Zimbabwe,17.86337307664374,2000
Afghanistan,19.38321951257758,2001
Albania,15.257895842349468,2001
Algeria,19.085135201963546,2001
Andorra,14.219985639094249,2001
Angola,19.42115978931372,2001
Antigua and Barbuda,17.119695486561387,2001
Argentina,15.70721248381923,2001
Armenia,17.06979161351554,2001
Australia,13.854993798271217,2001
Austria,13.831017216394283,2001
Azerbaijan,17.830235788640614,2001
"Bahamas, The",16.717803229719625,2001
Bahrain,19.202501616874212,2001
Bangladesh,19.50663765424133,2001
Barbados,16.290092207805273,2001
Belarus,19.11735179651371,2001
Belgium,14.297023743180633,2001
Belize,16.85426574034993,2001
Benin,18.89306464326104,2001
Bhutan,15.62198446149756,2001
Bolivia,15.425244612891712,2001
Bosnia and Herzegovina,17.63639390708429,2001
Botswana,17.917995752681335,2001
Brazil,14.729954040632782,2001
Brunei Darussalam,14.744024830001909,2001
Bulgaria,17.006818095014378,2001
Burkina Faso,19.379974132765334,2001
Burundi,18.502039197022913,2001
Cabo Verde,18.314983381859317,2001
Cambodia,17.35713890926276,2001
Cameroon,18.237350506249555,2001
Canada,12.528540631055169,2001
Central African Republic,18.990498477069174,2001
Chad,21.398837430129298,2001
Chile,15.837166530572311,2001
China,17.921034213833803,2001
Colombia,16.005292316810326,2001
Comoros,18.90064076695811,2001
"Congo, Dem. Rep.",20.40699171551965,2001
"Congo, Rep.",20.211029115515363,2001
Costa Rica,13.265076223950054,2001
Cote d'Ivoire,18.108233045754407,2001
Croatia,16.79243854503426,2001
Cuba,16.4131937420331,2001
Cyprus,15.803745393105046,2001
Czechia,16.21965653907076,2001
Denmark,13.47624868943325,2001
Djibouti,19.62993988343217,2001
Dominica,16.76392494203893,2001
Dominican Republic,17.129438169619124,2001
Ecuador,15.786256945707862,2001
"Egypt, Arab Rep.",18.289221076913243,2001
El Salvador,15.126187950279016,2001
Equatorial Guinea,22.272462347125348,2001
Eritrea,19.126931648674628,2001
Estonia,16.343909726998206,2001
Eswatini,17.359586789047622,2001
Ethiopia,17.589716793107357,2001
Fiji,14.5919753486613,2001
Finland,12.116844739800142,2001
France,13.894255547516206,2001
Gabon,20.51541113239882,2001
"Gambia, The",18.783033119210728,2001
Georgia,17.00048258368694,2001
Germany,13.985122428981384,2001
Ghana,16.903596019799583,2001
Greece,17.100432524361775,2001
Grenada,17.385309680880404,2001
Guatemala,15.141026705587603,2001
Guinea,18.696358369935908,2001
Guinea-Bissau,19.869957808461887,2001
Guyana,19.07819369267974,2001
Haiti,18.758912584150817,2001
Honduras,14.732799168527533,2001
Hungary,15.936036102892436,2001
Iceland,10.974687205258151,2001
India,20.041222415499337,2001
Indonesia,17.313388375010003,2001
"Iran, Islamic Rep.",19.774785982529533,2001
Iraq,20.482720462707963,2001
Ireland,14.747459315655458,2001
Israel,16.000898764599274,2001
Italy,16.232094241321082,2001
Jamaica,16.60924387139981,2001
Japan,14.741860889667883,2001
Jordan,17.75958635742413,2001
Kazakhstan,18.070942767787795,2001
Kenya,16.456902157008614,2001
Kiribati,15.063918351170532,2001
"Korea, Dem. People's Rep.",16.766582799913156,2001
"Korea, Rep.",16.390853020019836,2001
Kosovo,17.878577861458645,2001
Kuwait,18.182906885863332,2001
Kyrgyz Republic,15.97356468219268,2001
Lao PDR,17.009766883398978,2001
Latvia,16.568871261764773,2001
Lebanon,18.021163947498977,2001
Lesotho,16.38561325967005,2001
Liberia,19.49803046890171,2001
Libya,20.541050171924816,2001
Liechtenstein,18.328584676555494,2001
Lithuania,16.18391656427218,2001
Luxembourg,15.214192695162145,2001
Madagascar,16.200548273907167,2001
Malawi,16.8377970810341,2001
Malaysia,17.109161495679782,2001
Maldives,16.317744076672593,2001
Mali,18.457984565174645,2001
Malta,16.019532413283876,2001
Marshall Islands,16.89085901294511,2001
Mauritania,20.372998002311444,2001
Mauritius,16.614872759149094,2001
Mexico,16.418638721738205,2001
"Micronesia, Fed. Sts.",14.24884341084776,2001
Moldova,18.832601805358426,2001
Monaco,14.228798633209143,2001
Mongolia,18.605207520758892,2001
Montenegro,16.916350925778453,2001
Morocco,18.127820316216997,2001
Mozambique,15.787161327570537,2001
Myanmar,18.776525161573517,2001
Namibia,16.161113328020676,2001
Nauru,15.846811656265587,2001
Nepal,17.927660879123984,2001
Netherlands,13.886203371764026,2001
New Zealand,14.443204282015683,2001
Nicaragua,16.274029084555202,2001
Niger,19.600193221088617,2001
Nigeria,18.478664235804033,2001
North Macedonia,18.104946191381686,2001
Norway,11.1115608208118,2001
Oman,19.35867099426649,2001
Pakistan,19.121511721651643,2001
Palau,18.724570081424236,2001
Panama,14.778614598538176,2001
Papua New Guinea,15.609163397679316,2001
Paraguay,14.437309658831472,2001
Peru,14.23676200950598,2001
Philippines,15.718984566100994,2001
Poland,17.75215825002532,2001
Portugal,14.139598326954664,2001
Qatar,18.964901779937627,2001
Romania,17.15885528892342,2001
Russian Federation,19.636380453391425,2001
Rwanda,18.892404307365858,2001
Samoa,14.919622672483554,2001
San Marino,16.02785237860059,2001
Sao Tome and Principe,18.938357259440906,2001
Saudi Arabia,18.66579581033418,2001
Senegal,20.63893674913231,2001
Serbia,17.432941274813818,2001
Seychelles,17.72627408615367,2001
Sierra Leone,19.86666720152166,2001
Singapore,17.1153741020879,2001
Slovak Republic,15.372446987852713,2001
Slovenia,15.075928782592593,2001
Solomon Islands,15.434472699648786,2001
Somalia,22.432004015041407,2001
South Africa,19.031677130763455,2001
South Sudan,20.03183222207643,2001
Spain,14.630106796412989,2001
Sri Lanka,17.333351210238476,2001
St. Kitts and Nevis,18.1909894380841,2001
St. Lucia,18.198985387621715,2001
St. Vincent and the Grenadines,16.758775276279035,2001
Sudan,20.00402165338406,2001
Suriname,16.615862818842437,2001
Sweden,10.688615561006417,2001
Switzerland,12.580989114746467,2001
Syrian Arab Republic,19.14348571902252,2001
Tajikistan,17.548001975517355,2001
Tanzania,17.499741872309745,2001
Thailand,17.126824980167306,2001
Timor-Leste,16.06818419300761,2001
Togo,18.23317165157666,2001
Tonga,15.4249577319688,2001
Trinidad and Tobago,18.502293929536737,2001
Tunisia,18.0754966414054,2001
Turkiye,18.507923534697767,2001
Turkmenistan,19.645914542597524,2001
Tuvalu,15.9906652789497,2001
Uganda,18.663358646443914,2001
Ukraine,18.258300446579327,2001
United Arab Emirates,17.88198895587616,2001
United Kingdom,14.362852449172793,2001
United States,13.416829883901416,2001
Uruguay,14.546330791518356,2001
Uzbekistan,20.034584358740833,2001
Vanuatu,16.53567666793526,2001
"Venezuela, RB",15.70788977067721,2001
Viet Nam,15.287606700783963,2001
"Yemen, Rep.",20.813897980293426,2001
Zambia,17.474271274682867,2001
Zimbabwe,17.710218727064426,2001
Afghanistan,18.954581763277215,2002
Albania,15.553647515142517,2002
Algeria,19.068901503816388,2002
Andorra,14.297134074609449,2002
Angola,19.011923391994536,2002
Antigua and Barbuda,16.364048587132455,2002
Argentina,15.39359486707929,2002
Armenia,16.658417920659726,2002
Australia,13.541140415238015,2002
Austria,13.593255648249517,2002
Azerbaijan,17.64103278073591,2002
"Bahamas, The",16.616473828601542,2002
Bahrain,19.557231595610137,2002
Bangladesh,19.644119676993306,2002
Barbados,16.11547745790618,2002
Belarus,19.275065751017213,2002
Belgium,13.94035433198331,2002
Belize,16.529880741147128,2002
Benin,18.897968956414935,2002
Bhutan,15.619074167086099,2002
Bolivia,15.009805801709724,2002
Bosnia and Herzegovina,17.379973012674064,2002
Botswana,18.151517856152875,2002
Brazil,14.312837708794234,2002
Brunei Darussalam,14.348066011721096,2002
Bulgaria,16.15384865307362,2002
Burkina Faso,19.31746053989785,2002
Burundi,18.67935513683359,2002
Cabo Verde,18.163745633595486,2002
Cambodia,17.481563282309786,2002
Cameroon,17.866833020622817,2002
Canada,12.660615076890071,2002
Central African Republic,18.685350070446788,2002
Chad,21.47275971762251,2002
Chile,15.633714895427968,2002
China,17.338887940662186,2002
Colombia,15.440251212275891,2002
Comoros,18.370304550085134,2002
"Congo, Dem. Rep.",19.74773190118866,2002
"Congo, Rep.",20.255208427485886,2002
Costa Rica,13.00109096272438,2002
Cote d'Ivoire,18.21000326435374,2002
Croatia,16.237914232367455,2002
Cuba,16.398790306075238,2002
Cyprus,15.765164440749915,2002
Czechia,15.865491061497176,2002
Denmark,13.4547148943012,2002
Djibouti,19.256910547625175,2002
Dominica,16.273236740275927,2002
Dominican Republic,17.050058474942148,2002
Ecuador,15.273738245221953,2002
"Egypt, Arab Rep.",18.574688280141103,2002
El Salvador,14.958461375431384,2002
Equatorial Guinea,22.816405096701217,2002
Eritrea,19.236420289769036,2002
Estonia,15.577980254566304,2002
Eswatini,17.534387923795855,2002
Ethiopia,17.73914141612167,2002
Fiji,14.60746457327277,2002
Finland,12.234113807085254,2002
France,13.723920306831218,2002
Gabon,20.550113343799424,2002
"Gambia, The",19.016911317708956,2002
Georgia,16.951051140741455,2002
Germany,13.92500705883486,2002
Ghana,17.127309953396114,2002
Greece,16.816395417930917,2002
Grenada,16.23355073311977,2002
Guatemala,15.436195543966095,2002
Guinea,18.198363821583754,2002
Guinea-Bissau,19.537576704621458,2002
Guyana,19.023214463503468,2002
Haiti,18.748108889482776,2002
Honduras,14.827585214350306,2002
Hungary,15.82666523844091,2002
Iceland,10.740345396229731,2002
India,19.99899433625775,2002
Indonesia,17.599477203076503,2002
"Iran, Islamic Rep.",19.378604925135697,2002
Iraq,20.735686497008217,2002
Ireland,14.327863785826338,2002
Israel,15.852361130971996,2002
Italy,16.088458779192337,2002
Jamaica,16.540554435557727,2002
Japan,14.649720543054633,2002
Jordan,17.70608575519844,2002
Kazakhstan,17.872996359469035,2002
Kenya,16.250696487901212,2002
Kiribati,14.742160410375647,2002
"Korea, Dem. People's Rep.",16.691783420848235,2002
"Korea, Rep.",16.166051962380674,2002
Kosovo,18.16461769409916,2002
Kuwait,18.58980155921119,2002
Kyrgyz Republic,15.957045929074521,2002
Lao PDR,16.873459171316636,2002
Latvia,16.508735452020126,2002
Lebanon,17.875191370652725,2002
Lesotho,16.6551733290503,2002
Liberia,19.77460933640486,2002
Libya,19.914285159578522,2002
Liechtenstein,16.548201976923632,2002
Lithuania,15.975839890028627,2002
Luxembourg,15.006302899282952,2002
Madagascar,16.630091422586066,2002
Malawi,16.58699169984187,2002
Malaysia,16.74433559916578,2002
Maldives,16.01620962436736,2002
Mali,18.240113417510283,2002
Malta,15.846992110893375,2002
Marshall Islands,16.50109239841781,2002
Mauritania,19.991190401166204,2002
Mauritius,16.819948305263292,2002
Mexico,16.25968600471841,2002
"Micronesia, Fed. Sts.",14.31307285351392,2002
Moldova,18.733362130775618,2002
Monaco,14.075632799852402,2002
Mongolia,18.223757341528604,2002
Montenegro,16.964273059396195,2002
Morocco,18.03948627369694,2002
Mozambique,15.598309958245286,2002
Myanmar,18.76471325779327,2002
Namibia,15.816629174110789,2002
Nauru,18.625488563558182,2002
Nepal,17.968639769135855,2002
Netherlands,13.92630282602566,2002
New Zealand,12.652045617627637,2002
Nicaragua,16.143953997312106,2002
Niger,19.533420412780213,2002
Nigeria,18.10083276302952,2002
North Macedonia,17.789401652436812,2002
Norway,11.003377268380978,2002
Oman,19.38306895103355,2002
Pakistan,18.99045084477081,2002
Palau,18.743255423198033,2002
Panama,14.16839699307592,2002
Papua New Guinea,15.646775482117032,2002
Paraguay,14.884534533193358,2002
Peru,14.111055752188555,2002
Philippines,15.462386759569265,2002
Poland,17.345664234407025,2002
Portugal,14.128550845884375,2002
Qatar,18.963304663365292,2002
Romania,17.037350127353417,2002
Russian Federation,19.483361351401612,2002
Rwanda,18.43427624817776,2002
Samoa,14.460458569555446,2002
San Marino,16.329472293605914,2002
Sao Tome and Principe,19.015183523201742,2002
Saudi Arabia,18.72555035155934,2002
Senegal,20.218325898990397,2002
Serbia,16.939581553800853,2002
Seychelles,18.060680432770372,2002
Sierra Leone,18.859697950951524,2002
Singapore,15.786162266220241,2002
Slovak Republic,15.138520136350614,2002
Slovenia,14.715473613319679,2002
Solomon Islands,15.13203823808728,2002
Somalia,22.11561905978633,2002
South Africa,19.03470862825464,2002
South Sudan,20.000039892341622,2002
Spain,14.348301761382222,2002
Sri Lanka,17.266741836679092,2002
St. Kitts and Nevis,18.35700739915735,2002
St. Lucia,18.266294307322738,2002
St. Vincent and the Grenadines,16.034983362428314,2002
Sudan,20.259501575519895,2002
Suriname,17.09762961045707,2002
Sweden,10.617660530044725,2002
Switzerland,12.38513630746488,2002
Syrian Arab Republic,18.40611361798156,2002
Tajikistan,17.707286408898486,2002
Tanzania,16.650183278877375,2002
Thailand,16.562310415486206,2002
Timor-Leste,16.81073979386757,2002
Togo,18.145804753852413,2002
Tonga,15.556065523066998,2002
Trinidad and Tobago,18.25024238118159,2002
Tunisia,18.010854255957515,2002
Turkiye,18.2228402382853,2002
Turkmenistan,19.06232188443175,2002
Tuvalu,17.010328413204462,2002
Uganda,18.546849239178073,2002
Ukraine,18.187857999155643,2002
United Arab Emirates,18.03276209458819,2002
United Kingdom,14.011098953879696,2002
United States,13.251559209394506,2002
Uruguay,14.639488179780331,2002
Uzbekistan,19.834137617154042,2002
Vanuatu,16.75777415919637,2002
"Venezuela, RB",16.261044892921525,2002
Viet Nam,15.386871207368733,2002
"Yemen, Rep.",20.932731845943323,2002
Zambia,17.341907542535616,2002
Zimbabwe,18.22321852348936,2002
Afghanistan,19.142306852079887,2003
Albania,14.996659962410659,2003
Algeria,18.538849139778687,2003
Andorra,13.719219168478682,2003
Angola,18.806480113870123,2003
Antigua and Barbuda,16.082641546375577,2003
Argentina,14.451194515828266,2003
Armenia,16.01457843092326,2003
Australia,13.394710713148974,2003
Austria,13.470949990439282,2003
Azerbaijan,17.13955547146978,2003
"Bahamas, The",16.230727376033496,2003
Bahrain,19.100895273855297,2003
Bangladesh,19.143514297589917,2003
Barbados,15.785307210905298,2003
Belarus,18.741978672603953,2003
Belgium,13.526871836687791,2003
Belize,16.51550650474259,2003
Benin,18.483252796290557,2003
Bhutan,15.06679440720042,2003
Bolivia,14.86756958633533,2003
Bosnia and Herzegovina,17.228014688866047,2003
Botswana,17.629807828563763,2003
Brazil,14.066023468532752,2003
Brunei Darussalam,14.203839024662262,2003
Bulgaria,15.849792076670976,2003
Burkina Faso,18.499891963943817,2003
Burundi,18.7449581239949,2003
Cabo Verde,17.796079450793876,2003
Cambodia,16.763529376010514,2003
Cameroon,17.86257274900014,2003
Canada,11.956471483461216,2003
Central African Republic,18.31785577077328,2003
Chad,20.96061166917135,2003
Chile,14.835012683168118,2003
China,17.219676297370988,2003
Colombia,14.87470664613426,2003
Comoros,18.309418931147825,2003
"Congo, Dem. Rep.",19.367714720862466,2003
"Congo, Rep.",19.612552696115337,2003
Costa Rica,12.64678547548001,2003
Cote d'Ivoire,17.664531786394868,2003
Croatia,16.480274212690905,2003
Cuba,15.739519021497086,2003
Cyprus,15.36172008378852,2003
Czechia,15.421287046634427,2003
Denmark,12.996357216358634,2003
Djibouti,18.831333450782598,2003
Dominica,16.348305854943174,2003
Dominican Republic,17.090912266113236,2003
Ecuador,14.93262032762646,2003
"Egypt, Arab Rep.",18.417621256793677,2003
El Salvador,14.740928673399573,2003
Equatorial Guinea,22.395134659926562,2003
Eritrea,18.71448739833271,2003
Estonia,15.100651716095708,2003
Eswatini,17.29599880805661,2003
Ethiopia,18.003887370417495,2003
Fiji,14.81921249725604,2003
Finland,12.040964474008135,2003
France,13.580908514644623,2003
Gabon,20.298333010150408,2003
"Gambia, The",18.322627261674796,2003
Georgia,16.436836908032003,2003
Germany,13.644296820552132,2003
Ghana,16.793256762314545,2003
Greece,16.45048220747253,2003
Grenada,16.544114368782687,2003
Guatemala,14.93212786239495,2003
Guinea,18.0095647357377,2003
Guinea-Bissau,19.400544532747862,2003
Guyana,18.801481342414103,2003
Haiti,18.32037967438362,2003
Honduras,14.529243748358322,2003
Hungary,15.641646802079713,2003
Iceland,10.495627932589468,2003
India,19.41308289894055,2003
Indonesia,17.32263347656385,2003
"Iran, Islamic Rep.",18.986380902166985,2003
Iraq,21.059268971992278,2003
Ireland,14.04124750849244,2003
Israel,15.572217002130225,2003
Italy,15.010364775911862,2003
Jamaica,16.274634003285975,2003
Japan,14.50697700830069,2003
Jordan,17.423244897803773,2003
Kazakhstan,17.52025735523676,2003
Kenya,15.759328091772016,2003
Kiribati,15.135135167774678,2003
"Korea, Dem. People's Rep.",16.10010021763051,2003
"Korea, Rep.",15.940805300136832,2003
Kosovo,17.7878646742874,2003
Kuwait,17.9574608983583,2003
Kyrgyz Republic,15.418908884774721,2003
Lao PDR,16.938873383528872,2003
Latvia,16.08188604748703,2003
Lebanon,17.325743937322034,2003
Lesotho,16.00430764283872,2003
Liberia,21.274724555495816,2003
Libya,19.39318402508682,2003
Liechtenstein,16.201588801293475,2003
Lithuania,15.491459442197769,2003
Luxembourg,15.115067946745015,2003
Madagascar,15.71171708621088,2003
Malawi,15.740964338962373,2003
Malaysia,16.561572138749288,2003
Maldives,15.644976680720534,2003
Mali,17.467717150712822,2003
Malta,15.291419230657615,2003
Marshall Islands,16.017214286197895,2003
Mauritania,19.493349105195815,2003
Mauritius,16.13695079375829,2003
Mexico,15.865551343204759,2003
"Micronesia, Fed. Sts.",13.815975119526307,2003
Moldova,18.280765627974485,2003
Monaco,13.669676748123125,2003
Mongolia,17.764205440711876,2003
Montenegro,16.741686780496916,2003
Morocco,17.627460801325224,2003
Mozambique,15.06956097557575,2003
Myanmar,18.616270037683446,2003
Namibia,15.596168531559181,2003
Nauru,17.50502245502643,2003
Nepal,17.570036187158152,2003
Netherlands,13.3071851198958,2003
New Zealand,12.458745999842147,2003
Nicaragua,15.623124108521148,2003
Niger,19.11035904469514,2003
Nigeria,17.80584996429083,2003
North Macedonia,17.33689357728737,2003
Norway,10.538426113786292,2003
Oman,19.10522106262607,2003
Pakistan,18.614088406022145,2003
Palau,17.531109386772066,2003
Panama,14.311113925780846,2003
Papua New Guinea,15.17289965932472,2003
Paraguay,13.964033811688557,2003
Peru,13.85514224023132,2003
Philippines,15.188926859569387,2003
Poland,16.997883694423756,2003
Portugal,13.26989891732344,2003
Qatar,18.328332434457298,2003
Romania,16.485752407272305,2003
Russian Federation,19.29732952047537,2003
Rwanda,17.808200919550714,2003
Samoa,14.898280395845907,2003
San Marino,15.400808408570933,2003
Sao Tome and Principe,17.11537401512723,2003
Saudi Arabia,18.22827929574723,2003
Senegal,19.23464876832525,2003
Serbia,16.7774999152321,2003
Seychelles,17.23151908349078,2003
Sierra Leone,18.668909349882526,2003
Singapore,15.073213794276187,2003
Slovak Republic,14.711836325479993,2003
Slovenia,14.703525088202975,2003
Solomon Islands,14.48171739559755,2003
Somalia,21.89875702289248,2003
South Africa,18.886094487333644,2003
South Sudan,19.459439680814477,2003
Spain,13.56475157036145,2003
Sri Lanka,16.757695759087824,2003
St. Kitts and Nevis,17.99716888686412,2003
St. Lucia,17.592146539049317,2003
St. Vincent and the Grenadines,15.81898404862524,2003
Sudan,19.833494043428065,2003
Suriname,16.782228688466535,2003
Sweden,10.191622321921265,2003
Switzerland,12.132570640508705,2003
Syrian Arab Republic,17.86821013353852,2003
Tajikistan,17.50259311337266,2003
Tanzania,16.061997515516442,2003
Thailand,16.282135987639723,2003
Timor-Leste,16.22966144358202,2003
Togo,16.874676576650984,2003
Tonga,15.12035013654455,2003
Trinidad and Tobago,18.06807494822659,2003
Tunisia,17.352519850313925,2003
Turkiye,17.998144728102524,2003
Turkmenistan,18.855190484429095,2003
Tuvalu,16.02768407979251,2003
Uganda,18.013379911478392,2003
Ukraine,17.56693873547617,2003
United Arab Emirates,17.517633978160934,2003
United Kingdom,13.867512404848783,2003
United States,12.881376351091092,2003
Uruguay,14.058382992721818,2003
Uzbekistan,19.167855924486883,2003
Vanuatu,16.416515163482565,2003
"Venezuela, RB",15.997496022505613,2003
Viet Nam,15.245184511075005,2003
"Yemen, Rep.",20.642398977422665,2003
Zambia,16.87081149569233,2003
Zimbabwe,18.152562249577624,2003
Afghanistan,20.670840802960427,2004
Albania,16.269460048102975,2004
Algeria,19.585859041700136,2004
Andorra,16.488709380696747,2004
Angola,19.470408782826016,2004
Antigua and Barbuda,17.267518253567488,2004
Argentina,15.782583570164583,2004
Armenia,17.582404104810323,2004
Australia,14.226666930815439,2004
Austria,14.558915142108912,2004
Azerbaijan,18.16537527354985,2004
"Bahamas, The",17.592253962755063,2004
Bahrain,20.169259024773034,2004
Bangladesh,20.453726998687713,2004
Barbados,16.99187213977145,2004
Belarus,18.957751309420757,2004
Belgium,14.702772536380778,2004
Belize,17.79530477686923,2004
Benin,19.65280802639044,2004
Bhutan,16.38920130330206,2004
Bolivia,16.21422977426793,2004
Bosnia and Herzegovina,18.10988522135467,2004
Botswana,19.16758150384421,2004
Brazil,15.318048281242763,2004
Brunei Darussalam,15.312970675549705,2004
Bulgaria,17.055779504722622,2004
Burkina Faso,19.696779463422743,2004
Burundi,19.486811162223926,2004
Cabo Verde,18.79918607669066,2004
Cambodia,17.74183595568024,2004
Cameroon,18.79128819058092,2004
Canada,12.787531406413416,2004
Central African Republic,19.05111503359151,2004
Chad,22.531383758968467,2004
Chile,16.256725885238943,2004
China,18.421253543196492,2004
Colombia,16.12967516417494,2004
Comoros,19.36583277772721,2004
"Congo, Dem. Rep.",20.14133020982289,2004
"Congo, Rep.",20.952965072066863,2004
Costa Rica,14.134928890863508,2004
Cote d'Ivoire,18.906630180788518,2004
Croatia,17.214470310742463,2004
Cuba,16.86174818200173,2004
Cyprus,17.1035533030327,2004
Czechia,16.66455194348456,2004
Denmark,14.076868810231677,2004
Djibouti,20.088793814275867,2004
Dominica,17.549132208884295,2004
Dominican Republic,18.14943715620784,2004
Ecuador,15.93471908483606,2004
"Egypt, Arab Rep.",19.988107761233213,2004
El Salvador,15.983995778274517,2004
Equatorial Guinea,23.25934194521248,2004
Eritrea,19.802733287452654,2004
Estonia,15.922768013585848,2004
Eswatini,19.003326366267082,2004
Ethiopia,18.113111768630176,2004
Fiji,15.90309687463908,2004
Finland,13.132827461446903,2004
France,14.24333037933574,2004
Gabon,21.85375431151839,2004
"Gambia, The",19.286026819412484,2004
Georgia,17.72030177581596,2004
Germany,14.602730788452291,2004
Ghana,17.233241688043247,2004
Greece,17.389506177589485,2004
Grenada,17.67684011906258,2004
Guatemala,16.22955619453557,2004
Guinea,18.97331302823158,2004
Guinea-Bissau,20.35490683415765,2004
Guyana,19.938211869811475,2004
Haiti,19.879705647978334,2004
Honduras,15.970540396957222,2004
Hungary,16.250619238867923,2004
Iceland,11.674822803010446,2004
India,20.467183920763734,2004
Indonesia,18.225076508116445,2004
"Iran, Islamic Rep.",20.419362340407734,2004
Iraq,20.208494757315755,2004
Ireland,14.871652168352853,2004
Israel,16.541181433541777,2004
Italy,16.148700084351596,2004
Jamaica,17.469275565540027,2004
Japan,15.808462484111425,2004
Jordan,18.85517724618527,2004
Kazakhstan,18.876520127916958,2004
Kenya,16.796037342258415,2004
Kiribati,16.966296705258426,2004
"Korea, Dem. People's Rep.",17.100124759580723,2004
"Korea, Rep.",16.855462343039015,2004
Kosovo,19.205363312996383,2004
Kuwait,19.116971244732984,2004
Kyrgyz Republic,16.345099472341083,2004
Lao PDR,17.887313068366023,2004
Latvia,16.825688822089234,2004
Lebanon,18.148882715844756,2004
Lesotho,17.388250410074928,2004
Liberia,20.242474662707593,2004
Libya,20.82650130470245,2004
Liechtenstein,17.608178283710473,2004
Lithuania,16.49535071960108,2004
Luxembourg,15.602593873145445,2004
Madagascar,17.061275609327446,2004
Malawi,16.770932306736807,2004
Malaysia,18.13993477465668,2004
Maldives,17.0667108988043,2004
Mali,18.3689051703646,2004
Malta,16.523251502268934,2004
Marshall Islands,17.347486981086224,2004
Mauritania,21.464109978945924,2004
Mauritius,17.155251759170834,2004
Mexico,17.024597977142182,2004
"Micronesia, Fed. Sts.",16.012743988378972,2004
Moldova,19.042791973474685,2004
Monaco,15.1225273515189,2004
Mongolia,18.842457762725047,2004
Montenegro,17.829015993446916,2004
Morocco,18.868455844362362,2004
Mozambique,16.075585628869792,2004
Myanmar,19.76389980515161,2004
Namibia,16.702097280021402,2004
Nauru,18.389726493748096,2004
Nepal,18.740174184313563,2004
Netherlands,14.500308803081923,2004
New Zealand,13.397434024953348,2004
Nicaragua,16.8030421741491,2004
Niger,20.24699504853753,2004
Nigeria,19.061667770131354,2004
North Macedonia,18.65135956261475,2004
Norway,11.76448729961189,2004
Oman,20.30394303156645,2004
Pakistan,19.756054688973478,2004
Palau,18.280296419554645,2004
Panama,14.877600774093164,2004
Papua New Guinea,16.67084676373296,2004
Paraguay,15.19321301333397,2004
Peru,15.587142695143177,2004
Philippines,16.587386222532484,2004
Poland,18.468075051804544,2004
Portugal,14.606596601742153,2004
Qatar,19.360173162369012,2004
Romania,17.282316159579196,2004
Russian Federation,20.255813888547976,2004
Rwanda,18.896710478485332,2004
Samoa,16.892162863910173,2004
San Marino,16.424416644512966,2004
Sao Tome and Principe,18.395620872291275,2004
Saudi Arabia,19.65752818541412,2004
Senegal,19.866965204713882,2004
Serbia,17.960875765988156,2004
Seychelles,18.517556759730514,2004
Sierra Leone,19.766171062293523,2004
Singapore,16.00048935492715,2004
Slovak Republic,16.12995995413074,2004
Slovenia,15.5041979152263,2004
Solomon Islands,15.608554452391655,2004
Somalia,23.084987862426253,2004
South Africa,20.012786210439423,2004
South Sudan,20.409390993184655,2004
Spain,14.757873158945236,2004
Sri Lanka,18.28853986775102,2004
St. Kitts and Nevis,19.338568502120456,2004
St. Lucia,18.56628540615084,2004
St. Vincent and the Grenadines,16.722383211202,2004
Sudan,21.304091899419717,2004
Suriname,17.904623450542005,2004
Sweden,11.441253727357985,2004
Switzerland,13.104742750412859,2004
Syrian Arab Republic,19.151135501936672,2004
Tajikistan,18.433855130351812,2004
Tanzania,17.414302617177512,2004
Thailand,17.879841514040578,2004
Timor-Leste,17.757721480474018,2004
Togo,18.388861771109706,2004
Tonga,16.29967845718978,2004
Trinidad and Tobago,19.28532462925272,2004
Tunisia,18.42859442745828,2004
Turkiye,18.935421997320322,2004
Turkmenistan,19.969985175433376,2004
Tuvalu,16.752824471699086,2004
Uganda,19.008918432874744,2004
Ukraine,18.41723559794914,2004
United Arab Emirates,18.599360573117213,2004
United Kingdom,15.15592682596713,2004
United States,14.091973418184033,2004
Uruguay,14.747394551859179,2004
Uzbekistan,19.92535059153401,2004
Vanuatu,17.42185214532417,2004
"Venezuela, RB",16.609004102311864,2004
Viet Nam,16.64981795296981,2004
"Yemen, Rep.",22.011192371425118,2004
Zambia,17.968091521422604,2004
Zimbabwe,19.462045986360348,2004
Afghanistan,19.205965141165706,2005
Albania,15.331658789575105,2005
Algeria,18.62669534941298,2005
Andorra,14.360331735994636,2005
Angola,18.815686124196976,2005
Antigua and Barbuda,16.25517116162597,2005
Argentina,14.541160412242787,2005
Armenia,16.25181935836029,2005
Australia,13.364793957713134,2005
Austria,13.496724729042318,2005
Azerbaijan,16.928150060085542,2005
"Bahamas, The",16.573185288653967,2005
Bahrain,19.16697576415748,2005
Bangladesh,18.9812306351469,2005
Barbados,15.764433857581224,2005
Belarus,17.788191273725236,2005
Belgium,13.65818975417168,2005
Belize,16.803381489414832,2005
Benin,18.541794690322995,2005
Bhutan,15.045613388170612,2005
Bolivia,15.4132026549129,2005
Bosnia and Herzegovina,17.36545694595771,2005
Botswana,17.792794586698506,2005
Brazil,14.208092878081645,2005
Brunei Darussalam,14.520307404191627,2005
Bulgaria,15.943907827646752,2005
Burkina Faso,18.646780318265208,2005
Burundi,17.63525695220602,2005
Cabo Verde,17.7977055196517,2005
Cambodia,16.608150696702623,2005
Cameroon,18.034714739467105,2005
Canada,11.701790443864779,2005
Central African Republic,18.215560208411734,2005
Chad,21.545863494557334,2005
Chile,15.034423260568952,2005
China,17.41570961620662,2005
Colombia,14.994560812347869,2005
Comoros,18.40248513360529,2005
"Congo, Dem. Rep.",18.801678007673207,2005
"Congo, Rep.",20.01780371031403,2005
Costa Rica,12.913771707842455,2005
Cote d'Ivoire,17.89166882243592,2005
Croatia,16.087496933057256,2005
Cuba,15.643105892946602,2005
Cyprus,15.60319210501359,2005
Czechia,15.502737081465751,2005
Denmark,13.100617897275356,2005
Djibouti,18.983596333822454,2005
Dominica,17.12030023867525,2005
Dominican Republic,16.463384739875977,2005
Ecuador,15.415213061772365,2005
"Egypt, Arab Rep.",18.98093233790799,2005
El Salvador,14.647229631117451,2005
Equatorial Guinea,22.23879278840556,2005
Eritrea,18.102259904948788,2005
Estonia,14.713818477600563,2005
Eswatini,17.820686542747637,2005
Ethiopia,16.606618433058653,2005
Fiji,15.19259929429253,2005
Finland,11.63061271785056,2005
France,13.352762518455114,2005
Gabon,20.590613032238075,2005
"Gambia, The",18.460968266327296,2005
Georgia,16.13852883746536,2005
Germany,13.695309705836141,2005
Ghana,16.14972305755404,2005
Greece,16.27592925117845,2005
Grenada,17.048300075238096,2005
Guatemala,15.332157755109515,2005
Guinea,18.23958460179761,2005
Guinea-Bissau,18.956711979083405,2005
Guyana,18.55343550881507,2005
Haiti,18.595514793426915,2005
Honduras,14.463903505504906,2005
Hungary,15.437398802135991,2005
Iceland,10.47585196622336,2005
India,19.16714458505982,2005
Indonesia,17.305192966510408,2005
"Iran, Islamic Rep.",19.014521640725537,2005
Iraq,20.001404587451866,2005
Ireland,13.942467951100683,2005
Israel,15.438277791263392,2005
Italy,15.145959547765125,2005
Jamaica,16.331772491247246,2005
Japan,14.650773250180489,2005
Jordan,18.014756900431436,2005
Kazakhstan,17.815263952262413,2005
Kenya,15.775667299407521,2005
Kiribati,14.818491518271165,2005
"Korea, Dem. People's Rep.",16.056145450925342,2005
"Korea, Rep.",15.745105404893364,2005
Kosovo,17.97486428392481,2005
Kuwait,17.89642485866036,2005
Kyrgyz Republic,15.395246514717247,2005
Lao PDR,16.613768371882916,2005
Latvia,15.700518522242213,2005
Lebanon,17.16610850360403,2005
Lesotho,16.38845396018597,2005
Liberia,19.218703559824043,2005
Libya,19.777387179258625,2005
Liechtenstein,17.451570042016918,2005
Lithuania,15.412605452367695,2005
Luxembourg,14.795066589648002,2005
Madagascar,15.922132842259408,2005
Malawi,15.648728084780418,2005
Malaysia,16.943085938564224,2005
Maldives,16.17144790632772,2005
Mali,17.126457217521672,2005
Malta,15.501655214044384,2005
Marshall Islands,16.468817143364895,2005
Mauritania,19.65780131705191,2005
Mauritius,16.107326209067764,2005
Mexico,16.074024498640913,2005
"Micronesia, Fed. Sts.",15.06296419064273,2005
Moldova,17.944322974297148,2005
Monaco,14.727624266077237,2005
Mongolia,18.167132782391338,2005
Montenegro,17.145298912656,2005
Morocco,17.990246475068446,2005
Mozambique,14.823446521080887,2005
Myanmar,18.484721128893682,2005
Namibia,15.572467149349269,2005
Nauru,17.258604234277293,2005
Nepal,17.525399370155217,2005
Netherlands,13.205785598042711,2005
New Zealand,12.518772971483784,2005
Nicaragua,15.11765594784851,2005
Niger,18.781228582515674,2005
Nigeria,18.268760377357005,2005
North Macedonia,17.74430144601107,2005
Norway,10.726282080283388,2005
Oman,19.335352093669545,2005
Pakistan,18.80069714934198,2005
Palau,17.342200662900417,2005
Panama,13.774222832994786,2005
Papua New Guinea,15.287769447615801,2005
Paraguay,14.115278898658635,2005
Peru,14.724602712017235,2005
Philippines,15.431611252002519,2005
Poland,17.054193515925686,2005
Portugal,13.757232795683084,2005
Qatar,18.3805783142629,2005
Romania,16.060817284690106,2005
Russian Federation,18.945970656397016,2005
Rwanda,17.601300790826844,2005
Samoa,14.86625581935543,2005
San Marino,14.18742883460529,2005
Sao Tome and Principe,16.837547614109916,2005
Saudi Arabia,18.679932260626252,2005
Senegal,18.42025234898278,2005
Serbia,16.967119617103357,2005
Seychelles,17.228143264313427,2005
Sierra Leone,18.57271519330993,2005
Singapore,14.852963520128567,2005
Slovak Republic,14.729236244389359,2005
Slovenia,14.648810658928552,2005
Solomon Islands,14.698488272981155,2005
Somalia,22.08211159705733,2005
South Africa,18.76365361141249,2005
South Sudan,19.469371216184673,2005
Spain,13.63899759109283,2005
Sri Lanka,17.14318459770919,2005
St. Kitts and Nevis,17.597385582583144,2005
St. Lucia,17.822327115252197,2005
St. Vincent and the Grenadines,16.21377365532569,2005
Sudan,20.035143967765524,2005
Suriname,17.097533686789873,2005
Sweden,10.473282600930002,2005
Switzerland,12.062429034481958,2005
Syrian Arab Republic,18.166920197721048,2005
Tajikistan,17.29484895728428,2005
Tanzania,16.227706938252133,2005
Thailand,16.761400314158283,2005
Timor-Leste,16.76773491096223,2005
Togo,17.748461540014876,2005
Tonga,15.553202189065614,2005
Trinidad and Tobago,18.183644252505296,2005
Tunisia,17.476266937775414,2005
Turkiye,17.891222391881797,2005
Turkmenistan,18.868926155804093,2005
Tuvalu,17.329332049112747,2005
Uganda,17.597182823533267,2005
Ukraine,17.544563830250173,2005
United Arab Emirates,17.886782861032895,2005
United Kingdom,13.837870563253842,2005
United States,13.166141696398213,2005
Uruguay,13.21644779547518,2005
Uzbekistan,18.861302284515094,2005
Vanuatu,16.41085300568497,2005
"Venezuela, RB",15.234180505456811,2005
Viet Nam,15.43072580570812,2005
"Yemen, Rep.",21.133769729418574,2005
Zambia,16.783595187473445,2005
Zimbabwe,18.410402484958297,2005
Afghanistan,19.577934377232854,2006
Albania,15.581842792639979,2006
Algeria,18.618483057672268,2006
Andorra,14.933474415860362,2006
Angola,19.222480052367985,2006
Antigua and Barbuda,16.20850407855272,2006
Argentina,14.524705979125027,2006
Armenia,16.707283401844606,2006
Australia,13.69206256292674,2006
Austria,13.738247153486466,2006
Azerbaijan,17.24839299154229,2006
"Bahamas, The",16.52222044359392,2006
Bahrain,19.496596554351115,2006
Bangladesh,19.36766700553736,2006
Barbados,15.503963680340043,2006
Belarus,18.235508706203813,2006
Belgium,13.810709337956949,2006
Belize,16.375692200115257,2006
Benin,18.729971967792178,2006
Bhutan,15.27904013301091,2006
Bolivia,15.687364014628114,2006
Bosnia and Herzegovina,17.648413861925228,2006
Botswana,17.804474903732192,2006
Brazil,14.41910401336089,2006
Brunei Darussalam,14.738211524818276,2006
Bulgaria,16.145334550964648,2006
Burkina Faso,18.96601668543975,2006
Burundi,17.153606275731043,2006
Cabo Verde,18.0694047011341,2006
Cambodia,16.912495527543427,2006
Cameroon,18.518388748394155,2006
Canada,12.051010840616643,2006
Central African Republic,18.54766675062984,2006
Chad,21.78112698410181,2006
Chile,15.490531048359834,2006
China,17.662613134859956,2006
Colombia,15.40237296637125,2006
Comoros,18.781462816309904,2006
"Congo, Dem. Rep.",19.213043115502536,2006
"Congo, Rep.",19.83267853946064,2006
Costa Rica,13.153561394589849,2006
Cote d'Ivoire,18.231337507460548,2006
Croatia,16.41207068776592,2006
Cuba,15.956246455487625,2006
Cyprus,15.86958268136932,2006
Czechia,15.757276992551335,2006
Denmark,13.708348358810367,2006
Djibouti,19.21953393065033,2006
Dominica,17.65255294819732,2006
Dominican Republic,16.8526006534927,2006
Ecuador,15.861888259610565,2006
"Egypt, Arab Rep.",19.240604510232597,2006
El Salvador,14.885964666573162,2006
Equatorial Guinea,21.9116033088897,2006
Eritrea,18.92524765684824,2006
Estonia,14.962964951884802,2006
Eswatini,17.743442728105496,2006
Ethiopia,16.77748234941818,2006
Fiji,15.608247673589897,2006
Finland,12.284979441212675,2006
France,13.590928908756258,2006
Gabon,21.45269871821393,2006
"Gambia, The",19.1848455537759,2006
Georgia,17.148471431285696,2006
Germany,14.037467785153204,2006
Ghana,16.843893227920642,2006
Greece,16.269702490220066,2006
Grenada,17.26417693749102,2006
Guatemala,15.780507262791765,2006
Guinea,18.502248325726015,2006
Guinea-Bissau,19.631311936210906,2006
Guyana,19.165561663393007,2006
Haiti,18.973657105657804,2006
Honduras,14.689967245760814,2006
Hungary,15.850690593510386,2006
Iceland,11.074739236227197,2006
India,19.50938866712244,2006
Indonesia,17.623120697077503,2006
"Iran, Islamic Rep.",19.12646316215495,2006
Iraq,20.641286332930623,2006
Ireland,14.282480534184252,2006
Israel,15.743090660723297,2006
Italy,15.253491096791072,2006
Jamaica,16.522018506748864,2006
Japan,14.891512290803549,2006
Jordan,18.6069125793824,2006
Kazakhstan,18.152094355604508,2006
Kenya,15.913922390434236,2006
Kiribati,15.811155592090909,2006
"Korea, Dem. People's Rep.",16.465320092166262,2006
"Korea, Rep.",15.865693170888717,2006
Kosovo,18.426993473026812,2006
Kuwait,18.100518500975536,2006
Kyrgyz Republic,15.614342941518245,2006
Lao PDR,16.74608230401956,2006
Latvia,15.94922342464388,2006
Lebanon,17.545579914505105,2006
Lesotho,16.973486335187797,2006
Liberia,19.235738748340236,2006
Libya,19.973467554039512,2006
Liechtenstein,18.052577680164045,2006
Lithuania,15.862940262497736,2006
Luxembourg,14.8103107596187,2006
Madagascar,16.207966833223967,2006
Malawi,15.915243559636718,2006
Malaysia,17.531823160700014,2006
Maldives,16.00637345769301,2006
Mali,17.415706449717685,2006
Malta,15.617520925468806,2006
Marshall Islands,16.776282236452165,2006
Mauritania,20.30584758171865,2006
Mauritius,16.02437602487566,2006
Mexico,16.240008306124878,2006
"Micronesia, Fed. Sts.",15.658479562318593,2006
Moldova,18.037000582994303,2006
Monaco,15.41935009370039,2006
Mongolia,18.445888794564645,2006
Montenegro,16.863263127527823,2006
Morocco,17.853443311944226,2006
Mozambique,15.02024300064196,2006
Myanmar,18.554500692548533,2006
Namibia,15.807586204345833,2006
Nauru,17.315854490937294,2006
Nepal,17.673735972285357,2006
Netherlands,13.467754276012291,2006
New Zealand,12.643208560421263,2006
Nicaragua,15.64086900828634,2006
Niger,18.799326778224778,2006
Nigeria,18.794780988339276,2006
North Macedonia,17.793019455568597,2006
Norway,11.077784513967874,2006
Oman,19.87085235710465,2006
Pakistan,19.272465986946322,2006
Palau,17.894377586699274,2006
Panama,14.373341461141989,2006
Papua New Guinea,15.708568956171517,2006
Paraguay,14.498001942096415,2006
Peru,14.638265692766222,2006
Philippines,15.806250945031069,2006
Poland,17.229332075611772,2006
Portugal,13.635435817130881,2006
Qatar,18.89622610331913,2006
Romania,16.259144994945366,2006
Russian Federation,18.82471237502823,2006
Rwanda,17.6690087400009,2006
Samoa,15.655530940332364,2006
San Marino,15.079244876736729,2006
Sao Tome and Principe,17.370903071885408,2006
Saudi Arabia,19.042298901631355,2006
Senegal,18.797064373131583,2006
Serbia,17.520113214697645,2006
Seychelles,17.737203064327765,2006
Sierra Leone,18.829085732148556,2006
Singapore,14.929665723524632,2006
Slovak Republic,14.79940952060163,2006
Slovenia,14.962965403909424,2006
Solomon Islands,15.40067114161323,2006
Somalia,22.369099482793697,2006
South Africa,19.101948700955536,2006
South Sudan,19.844122226495443,2006
Spain,13.709653054851241,2006
Sri Lanka,16.941149371120222,2006
St. Kitts and Nevis,18.220326037322444,2006
St. Lucia,17.90690666754333,2006
St. Vincent and the Grenadines,16.57607954276888,2006
Sudan,20.238618725486784,2006
Suriname,17.298624721719108,2006
Sweden,10.818796091084323,2006
Switzerland,12.425649306033222,2006
Syrian Arab Republic,18.523441098226584,2006
Tajikistan,17.623300633031082,2006
Tanzania,16.466936354695836,2006
Thailand,16.991397484976318,2006
Timor-Leste,16.938048713777597,2006
Togo,17.63328939247735,2006
Tonga,15.382972249076097,2006
Trinidad and Tobago,18.55777209261043,2006
Tunisia,17.628637234889293,2006
Turkiye,18.01371258974454,2006
Turkmenistan,19.218667805057105,2006
Tuvalu,17.045151456106172,2006
Uganda,18.069144330232778,2006
Ukraine,17.334208502895596,2006
United Arab Emirates,17.955773402640876,2006
United Kingdom,14.110574195911992,2006
United States,13.167246225394909,2006
Uruguay,14.003917445033485,2006
Uzbekistan,18.968626113077725,2006
Vanuatu,16.416083614823123,2006
"Venezuela, RB",15.719283108650506,2006
Viet Nam,15.730340698193656,2006
"Yemen, Rep.",21.193787388807507,2006
Zambia,16.842841414251687,2006
Zimbabwe,18.57924650047401,2006
Afghanistan,18.607711136682365,2007
Albania,14.698465878878807,2007
Algeria,18.00937355086831,2007
Andorra,13.745583211150223,2007
Angola,17.767372308490277,2007
Antigua and Barbuda,16.694256680637004,2007
Argentina,13.692992668362283,2007
Armenia,15.749675305253628,2007
Australia,13.068716322230555,2007
Austria,12.731831591516768,2007
Azerbaijan,16.34115429410053,2007
"Bahamas, The",16.083770465893615,2007
Bahrain,18.916024961050358,2007
Bangladesh,18.564466085983863,2007
Barbados,15.65471480449252,2007
Belarus,17.293943697987302,2007
Belgium,12.906423709471976,2007
Belize,15.814245091140354,2007
Benin,17.945003203722237,2007
Bhutan,14.290538464870341,2007
Bolivia,14.741725301915768,2007
Bosnia and Herzegovina,16.985469744506148,2007
Botswana,17.189448860831902,2007
Brazil,13.576123366013583,2007
Brunei Darussalam,14.197517142662685,2007
Bulgaria,15.637105357532953,2007
Burkina Faso,17.901546814856314,2007
Burundi,16.646543946665403,2007
Cabo Verde,17.1774279336387,2007
Cambodia,16.0723183928296,2007
Cameroon,17.570070616502605,2007
Canada,11.307036962775928,2007
Central African Republic,17.660045970096018,2007
Chad,21.273508669999515,2007
Chile,14.934714239519302,2007
China,16.753977868753125,2007
Colombia,14.46004944294109,2007
Comoros,18.323447431233753,2007
"Congo, Dem. Rep.",18.26419946602674,2007
"Congo, Rep.",19.199099503372878,2007
Costa Rica,12.349842791094021,2007
Cote d'Ivoire,17.346717291578464,2007
Croatia,15.630175746621891,2007
Cuba,14.625106588580973,2007
Cyprus,15.137139955811138,2007
Czechia,15.06742947669425,2007
Denmark,12.743381071477515,2007
Djibouti,18.258627141108143,2007
Dominica,16.823620227204533,2007
Dominican Republic,15.98104782791557,2007
Ecuador,14.829966882258033,2007
"Egypt, Arab Rep.",18.14276465957361,2007
El Salvador,14.194839746042522,2007
Equatorial Guinea,21.035851256187495,2007
Eritrea,18.314887839435215,2007
Estonia,14.261243824294505,2007
Eswatini,16.484512625901836,2007
Ethiopia,15.962968262876307,2007
Fiji,14.438346602130393,2007
Finland,11.323979416348173,2007
France,12.770044314535953,2007
Gabon,20.58502582721567,2007
"Gambia, The",18.002973607918385,2007
Georgia,16.113082537994437,2007
Germany,12.941425782695024,2007
Ghana,15.992994636171241,2007
Greece,15.617760484443092,2007
Grenada,16.20374945435842,2007
Guatemala,14.917751413015736,2007
Guinea,17.51885399682524,2007
Guinea-Bissau,18.929084612312035,2007
Guyana,18.17688445002573,2007
Haiti,18.382421925953203,2007
Honduras,13.773195227580636,2007
Hungary,15.297173356540812,2007
Iceland,10.213553609917808,2007
India,18.787799765641424,2007
Indonesia,16.63878996703854,2007
"Iran, Islamic Rep.",18.310425476600358,2007
Iraq,19.66243630480417,2007
Ireland,13.137846703205518,2007
Israel,14.979500064055776,2007
Italy,14.540151682559683,2007
Jamaica,15.99770863881102,2007
Japan,14.287873683570854,2007
Jordan,17.6641999243737,2007
Kazakhstan,16.86981283779025,2007
Kenya,15.080061133370291,2007
Kiribati,14.078904832635871,2007
"Korea, Dem. People's Rep.",15.453070232644842,2007
"Korea, Rep.",15.143736247113491,2007
Kosovo,18.052406080311183,2007
Kuwait,17.241021057427254,2007
Kyrgyz Republic,14.371469980097809,2007
Lao PDR,15.93051140229975,2007
Latvia,15.153693846319173,2007
Lebanon,16.54430266036827,2007
Lesotho,15.909161205848061,2007
Liberia,18.11671610846851,2007
Libya,19.0522037365305,2007
Liechtenstein,17.50001037748698,2007
Lithuania,14.971328342374184,2007
Luxembourg,14.08602575795325,2007
Madagascar,15.273486707813092,2007
Malawi,14.954950522641159,2007
Malaysia,16.592355439316584,2007
Maldives,16.09442689897577,2007
Mali,16.7248402723681,2007
Malta,14.784195174630748,2007
Marshall Islands,15.670026985108638,2007
Mauritania,19.482864095618087,2007
Mauritius,15.667052609994537,2007
Mexico,15.47182385667577,2007
"Micronesia, Fed. Sts.",15.390165491360504,2007
Moldova,17.067300592083942,2007
Monaco,14.52237674396699,2007
Mongolia,17.488106182762927,2007
Montenegro,15.696734667357699,2007
Morocco,17.312576686308226,2007
Mozambique,14.318794665499949,2007
Myanmar,17.853986454245593,2007
Namibia,14.920412068862206,2007
Nauru,15.766950858636507,2007
Nepal,17.003613734914644,2007
Netherlands,12.617503533692094,2007
New Zealand,11.772742434990299,2007
Nicaragua,14.714010321592957,2007
Niger,18.248807038363296,2007
Nigeria,18.07999153647034,2007
North Macedonia,17.030894500467785,2007
Norway,10.461065225748849,2007
Oman,18.75473512748581,2007
Pakistan,18.55546044273695,2007
Palau,16.995210291120454,2007
Panama,13.293637228772003,2007
Papua New Guinea,15.157992648779137,2007
Paraguay,13.444094109634,2007
Peru,13.744009523315189,2007
Philippines,15.113479444680246,2007
Poland,16.105366129537874,2007
Portugal,12.820126330494901,2007
Qatar,17.86109229145323,2007
Romania,15.66524735886372,2007
Russian Federation,17.735808740431107,2007
Rwanda,16.801166561826697,2007
Samoa,14.920055307838467,2007
San Marino,13.858383646991546,2007
Sao Tome and Principe,16.731468906160313,2007
Saudi Arabia,18.306962435293247,2007
Senegal,18.16037171379821,2007
Serbia,16.421029282631277,2007
Seychelles,17.118844873202413,2007
Sierra Leone,18.25986144765963,2007
Singapore,14.289199610169227,2007
Slovak Republic,13.803961743550225,2007
Slovenia,13.932875703564616,2007
Solomon Islands,14.583972295891686,2007
Somalia,21.714150119640834,2007
South Africa,18.162417661987238,2007
South Sudan,19.069139754077366,2007
Spain,12.901212458178282,2007
Sri Lanka,16.374957069345378,2007
St. Kitts and Nevis,17.779637324483172,2007
St. Lucia,16.757502649331773,2007
St. Vincent and the Grenadines,15.818595520070259,2007
Sudan,19.44745380541831,2007
Suriname,16.142656135694445,2007
Sweden,9.977790884136667,2007
Switzerland,11.606978334729877,2007
Syrian Arab Republic,18.020388869788352,2007
Tajikistan,16.23969855967362,2007
Tanzania,15.217229687063579,2007
Thailand,15.977728363909593,2007
Timor-Leste,15.562964039326301,2007
Togo,16.764343961725363,2007
Tonga,14.782293591310928,2007
Trinidad and Tobago,17.53052335228139,2007
Tunisia,16.961723823807638,2007
Turkiye,17.468462136982637,2007
Turkmenistan,17.97941557556683,2007
Tuvalu,15.943499587001122,2007
Uganda,17.48491473379776,2007
Ukraine,16.61157546638882,2007
United Arab Emirates,17.152347999037286,2007
United Kingdom,13.512251582092981,2007
United States,12.467840110297523,2007
Uruguay,12.666214095001356,2007
Uzbekistan,17.93166261584369,2007
Vanuatu,15.900062031831292,2007
"Venezuela, RB",14.886046770125416,2007
Viet Nam,15.03925741397812,2007
"Yemen, Rep.",20.710585214874158,2007
Zambia,15.875080423649766,2007
Zimbabwe,17.79643191211215,2007
Afghanistan,18.984679602042963,2008
Albania,15.028925233380116,2008
Algeria,18.339427855958053,2008
Andorra,13.977715540006438,2008
Angola,18.32510313519623,2008
Antigua and Barbuda,16.81467176536044,2008
Argentina,14.4265954630707,2008
Armenia,16.663626238122635,2008
Australia,13.35671472662528,2008
Austria,13.139814680857317,2008
Azerbaijan,16.940224160497653,2008
"Bahamas, The",16.343590348478024,2008
Bahrain,19.255609816099287,2008
Bangladesh,19.013826153757616,2008
Barbados,15.958086026934048,2008
Belarus,17.48330537162612,2008
Belgium,13.586235880129427,2008
Belize,15.731705668987207,2008
Benin,18.346311315466227,2008
Bhutan,14.866264958474021,2008
Bolivia,14.873126145169897,2008
Bosnia and Herzegovina,17.153485898807116,2008
Botswana,17.73136036143385,2008
Brazil,13.957595518243814,2008
Brunei Darussalam,14.197692741536299,2008
Bulgaria,15.486897740616177,2008
Burkina Faso,18.060615344277142,2008
Burundi,17.333318319665107,2008
Cabo Verde,17.73823253012873,2008
Cambodia,16.483149416855326,2008
Cameroon,17.89686800208637,2008
Canada,11.437826638079068,2008
Central African Republic,18.134672176384015,2008
Chad,21.88612560761773,2008
Chile,15.294833064098759,2008
China,17.081224611012917,2008
Colombia,15.04071973209433,2008
Comoros,18.651943539762346,2008
"Congo, Dem. Rep.",18.509815829116047,2008
"Congo, Rep.",19.00507018503187,2008
Costa Rica,12.800705963264614,2008
Cote d'Ivoire,17.607665317754158,2008
Croatia,15.757599946929348,2008
Cuba,14.811098587938288,2008
Cyprus,15.920845690097607,2008
Czechia,15.338422322065167,2008
Denmark,13.334814587778878,2008
Djibouti,18.578416060368152,2008
Dominica,16.52250763988397,2008
Dominican Republic,16.721385593864294,2008
Ecuador,14.795675746940486,2008
"Egypt, Arab Rep.",18.33640839111842,2008
El Salvador,14.356188963099155,2008
Equatorial Guinea,21.73951784168826,2008
Eritrea,19.01016143154794,2008
Estonia,14.658429318011358,2008
Eswatini,17.059929009184213,2008
Ethiopia,16.45805049695026,2008
Fiji,14.47788502718831,2008
Finland,11.621915233556333,2008
France,13.115140470045995,2008
Gabon,20.80667638063528,2008
"Gambia, The",18.186729517701696,2008
Georgia,17.08317447890006,2008
Germany,13.168510745704715,2008
Ghana,15.766088257264604,2008
Greece,15.844628196429586,2008
Grenada,17.821744909977088,2008
Guatemala,15.016239615976522,2008
Guinea,17.699150351751634,2008
Guinea-Bissau,19.304778375486062,2008
Guyana,18.56599478426252,2008
Haiti,18.73806741781229,2008
Honduras,14.200917398682838,2008
Hungary,15.11107344841064,2008
Iceland,10.857134619943565,2008
India,19.29493533259739,2008
Indonesia,16.939652361323287,2008
"Iran, Islamic Rep.",19.385328625246384,2008
Iraq,19.771304601750852,2008
Ireland,13.622588467649196,2008
Israel,15.284520713346271,2008
Italy,14.788415506646183,2008
Jamaica,16.212936075978213,2008
Japan,14.63548324722289,2008
Jordan,17.719582447965912,2008
Kazakhstan,17.073665963930395,2008
Kenya,15.565848298004429,2008
Kiribati,14.76358475943942,2008
"Korea, Dem. People's Rep.",15.840917725809216,2008
"Korea, Rep.",15.36394338260848,2008
Kosovo,17.74111223966217,2008
Kuwait,17.927304066036807,2008
Kyrgyz Republic,14.934358903303115,2008
Lao PDR,16.318398937368887,2008
Latvia,15.847768365919155,2008
Lebanon,16.84522763855808,2008
Lesotho,15.710671308185377,2008
Liberia,18.165556134141042,2008
Libya,19.61437447733778,2008
Liechtenstein,18.4523264975526,2008
Lithuania,15.510046466704106,2008
Luxembourg,14.704367266870765,2008
Madagascar,16.038929370328393,2008
Malawi,15.206650426826355,2008
Malaysia,17.047794614886655,2008
Maldives,16.08572742729262,2008
Mali,16.951489725485818,2008
Malta,15.303890140141041,2008
Marshall Islands,16.029928793283,2008
Mauritania,19.738214501813296,2008
Mauritius,15.95222993500344,2008
Mexico,15.833803353185447,2008
"Micronesia, Fed. Sts.",15.869461744171867,2008
Moldova,17.138558711190083,2008
Monaco,14.926422021354979,2008
Mongolia,17.822229666367303,2008
Montenegro,15.834256498771278,2008
Morocco,17.421041567657706,2008
Mozambique,14.590613005735138,2008
Myanmar,18.17975000882284,2008
Namibia,15.578641988398862,2008
Nauru,15.501019517168166,2008
Nepal,17.17970018444807,2008
Netherlands,12.918494068534352,2008
New Zealand,12.101068567883841,2008
Nicaragua,14.918248593626036,2008
Niger,18.49517366858549,2008
Nigeria,18.33045890756909,2008
North Macedonia,17.065033390221174,2008
Norway,10.735070854729386,2008
Oman,19.15924757553316,2008
Pakistan,18.98128257298715,2008
Palau,17.282203314423555,2008
Panama,13.646228742558746,2008
Papua New Guinea,15.696105404933633,2008
Paraguay,13.983543282674997,2008
Peru,14.278551935676962,2008
Philippines,15.47306999513289,2008
Poland,16.37828691246105,2008
Portugal,13.089491207740611,2008
Qatar,18.069924530915447,2008
Romania,15.58210556859051,2008
Russian Federation,18.070605001887188,2008
Rwanda,16.843095189917975,2008
Samoa,15.63646046458581,2008
San Marino,15.065408362520465,2008
Sao Tome and Principe,16.86558280430817,2008
Saudi Arabia,19.116183320347034,2008
Senegal,18.261239970519824,2008
Serbia,16.503451452515957,2008
Seychelles,17.52956975322909,2008
Sierra Leone,18.92501532325598,2008
Singapore,14.707836294609194,2008
Slovak Republic,14.09045883139859,2008
Slovenia,14.1215408573418,2008
Solomon Islands,15.202837221112647,2008
Somalia,22.18598514263816,2008
South Africa,18.218913738187386,2008
South Sudan,19.267467714437963,2008
Spain,13.382100772240424,2008
Sri Lanka,16.866141597423777,2008
St. Kitts and Nevis,17.2990234299379,2008
St. Lucia,16.280952106207423,2008
St. Vincent and the Grenadines,15.86792764502022,2008
Sudan,20.190237954455252,2008
Suriname,16.91012124415598,2008
Sweden,10.370989191520074,2008
Switzerland,11.877400457670602,2008
Syrian Arab Republic,18.772257107218888,2008
Tajikistan,16.81274896059738,2008
Tanzania,15.668151797711955,2008
Thailand,16.558247905492415,2008
Timor-Leste,15.024298062276001,2008
Togo,16.444009824041654,2008
Tonga,14.990530950146109,2008
Trinidad and Tobago,17.961136804582193,2008
Tunisia,17.49323860447354,2008
Turkiye,17.779446929285616,2008
Turkmenistan,18.518023272497572,2008
Tuvalu,16.171335307339604,2008
Uganda,18.220966406438436,2008
Ukraine,16.966756762062513,2008
United Arab Emirates,17.59417790777839,2008
United Kingdom,13.755530678822655,2008
United States,12.789489181954782,2008
Uruguay,12.88937003452786,2008
Uzbekistan,18.13170566955355,2008
Vanuatu,15.888020669046501,2008
"Venezuela, RB",15.176251381910598,2008
Viet Nam,15.335311119904661,2008
"Yemen, Rep.",21.296347823503535,2008
Zambia,15.946274361664816,2008
Zimbabwe,20.326469145261544,2008
Afghanistan,18.288695196986158,2009
Albania,15.268991154525114,2009
Algeria,18.11904252963338,2009
Andorra,13.99463596375669,2009
Angola,18.232274057110892,2009
Antigua and Barbuda,16.84929191925754,2009
Argentina,14.587801591164203,2009
Armenia,16.912183453399674,2009
Australia,13.376128607769356,2009
Austria,13.543474561643063,2009
Azerbaijan,16.35553236570048,2009
"Bahamas, The",16.74410429969721,2009
Bahrain,18.761901108710653,2009
Bangladesh,19.032137869497525,2009
Barbados,16.14699446830489,2009
Belarus,17.75876779294503,2009
Belgium,13.320514871156718,2009
Belize,16.3617026189647,2009
Benin,18.531122047501807,2009
Bhutan,14.915827794322778,2009
Bolivia,14.407292770873255,2009
Bosnia and Herzegovina,17.007271493983684,2009
Botswana,17.828723827328346,2009
Brazil,14.026746684386822,2009
Brunei Darussalam,14.195027098397933,2009
Bulgaria,16.02958176913847,2009
Burkina Faso,18.217833381510722,2009
Burundi,17.166806634133753,2009
Cabo Verde,17.848657375327917,2009
Cambodia,16.36835591353967,2009
Cameroon,18.36102093832817,2009
Canada,11.775241636953233,2009
Central African Republic,20.275128458923767,2009
Chad,21.663221265809092,2009
Chile,15.358174384692946,2009
China,17.090135937772192,2009
Colombia,15.041918703330449,2009
Comoros,18.62523324949616,2009
"Congo, Dem. Rep.",18.694618046941134,2009
"Congo, Rep.",19.22046239392459,2009
Costa Rica,13.204702236973423,2009
Cote d'Ivoire,17.342346112403277,2009
Croatia,15.699447669698614,2009
Cuba,14.981324378399075,2009
Cyprus,16.76098996591153,2009
Czechia,15.476890144171863,2009
Denmark,13.457462466936075,2009
Djibouti,18.840731079332418,2009
Dominica,16.92106344057036,2009
Dominican Republic,16.697540904043464,2009
Ecuador,15.200228279224037,2009
"Egypt, Arab Rep.",18.54867829502368,2009
El Salvador,14.738219791610884,2009
Equatorial Guinea,21.348398692187033,2009
Eritrea,18.992507590974014,2009
Estonia,16.023784470080738,2009
Eswatini,17.22015613645556,2009
Ethiopia,16.44879329321944,2009
Fiji,15.10831725909854,2009
Finland,12.003482275001652,2009
France,13.207259553694692,2009
Gabon,20.913960694751683,2009
"Gambia, The",18.15351835902838,2009
Georgia,17.731568067581115,2009
Germany,13.444919310360932,2009
Ghana,15.63001043492488,2009
Greece,16.184392827751644,2009
Grenada,17.80542496549193,2009
Guatemala,15.424270386673191,2009
Guinea,18.1801175346675,2009
Guinea-Bissau,19.202843338358935,2009
Guyana,18.34783013973075,2009
Haiti,18.74072560110796,2009
Honduras,14.430615421979722,2009
Hungary,15.772224277241248,2009
Iceland,11.667255935049571,2009
India,19.377961208158567,2009
Indonesia,16.747810349833987,2009
"Iran, Islamic Rep.",19.337804387118915,2009
Iraq,19.72273939065955,2009
Ireland,14.13709496326081,2009
Israel,15.189030071585325,2009
Italy,15.025743173165973,2009
Jamaica,16.213679394773166,2009
Japan,14.80026507258118,2009
Jordan,17.97659247800618,2009
Kazakhstan,16.649545081475576,2009
Kenya,15.7441914653945,2009
Kiribati,14.784635458030932,2009
"Korea, Dem. People's Rep.",16.4176864696375,2009
"Korea, Rep.",15.637131449609994,2009
Kosovo,17.738325316384568,2009
Kuwait,17.560031100672827,2009
Kyrgyz Republic,14.738244807900521,2009
Lao PDR,16.2695563877643,2009
Latvia,16.406745305993123,2009
Lebanon,17.043106661242277,2009
Lesotho,16.032731075741047,2009
Liberia,17.865382920831514,2009
Libya,19.64107459991579,2009
Liechtenstein,17.242911733626066,2009
Lithuania,16.01682447918257,2009
Luxembourg,14.907359547161489,2009
Madagascar,16.543695810071696,2009
Malawi,15.117543092630912,2009
Malaysia,17.124301557872677,2009
Maldives,16.991828307835906,2009
Mali,16.795778991147973,2009
Malta,15.484116047440294,2009
Marshall Islands,15.941048187892932,2009
Mauritania,20.063076176104765,2009
Mauritius,16.060189440254828,2009
Mexico,16.12319407637525,2009
"Micronesia, Fed. Sts.",15.575112743935687,2009
Moldova,17.708992487489994,2009
Monaco,14.88184058565247,2009
Mongolia,18.14847251802505,2009
Montenegro,16.062695466827993,2009
Morocco,17.26174208040115,2009
Mozambique,14.469904463057604,2009
Myanmar,17.659887040512476,2009
Namibia,15.707774939801212,2009
Nauru,16.260661729594965,2009
Nepal,17.254593802007868,2009
Netherlands,13.173478834446973,2009
New Zealand,11.966664832178237,2009
Nicaragua,15.325104632443365,2009
Niger,18.7438477736931,2009
Nigeria,18.151711405002168,2009
North Macedonia,17.2228023749513,2009
Norway,10.896744311156857,2009
Oman,19.15379328361997,2009
Pakistan,18.97737034886317,2009
Palau,19.182246222636657,2009
Panama,14.425995596931205,2009
Papua New Guinea,15.721024645497433,2009
Paraguay,14.30815611863872,2009
Peru,14.658221034566695,2009
Philippines,15.638918834569642,2009
Poland,16.451159738254177,2009
Portugal,13.08772765530648,2009
Qatar,18.12910414041136,2009
Romania,16.13857371106986,2009
Russian Federation,18.214225213731194,2009
Rwanda,17.109274873016005,2009
Samoa,15.91087791987515,2009
San Marino,15.330306535136947,2009
Sao Tome and Principe,16.810997601953524,2009
Saudi Arabia,19.231913682093893,2009
Senegal,18.35657843705685,2009
Serbia,16.95872276423129,2009
Seychelles,18.19425667484268,2009
Sierra Leone,17.76362697633085,2009
Singapore,15.10631177491201,2009
Slovak Republic,14.846469454331883,2009
Slovenia,14.581649998237873,2009
Solomon Islands,15.432550278306106,2009
Somalia,22.27671753488324,2009
South Africa,18.354777729381745,2009
South Sudan,18.304139070680908,2009
Spain,13.698008862363773,2009
Sri Lanka,16.96930287117279,2009
St. Kitts and Nevis,17.5954665922103,2009
St. Lucia,17.703968441363546,2009
St. Vincent and the Grenadines,16.851330576881725,2009
Sudan,19.408620973215893,2009
Suriname,16.189163989979487,2009
Sweden,10.577822191693523,2009
Switzerland,11.859363255444507,2009
Syrian Arab Republic,18.781534353020024,2009
Tajikistan,17.275301122581993,2009
Tanzania,15.924002147727649,2009
Thailand,16.687526572937305,2009
Timor-Leste,15.407723174442605,2009
Togo,16.570173294568008,2009
Tonga,15.297730292856729,2009
Trinidad and Tobago,18.499048033871418,2009
Tunisia,17.537098952113226,2009
Turkiye,18.05502547774835,2009
Turkmenistan,18.003683674476843,2009
Tuvalu,16.206496057114272,2009
Uganda,17.958213690889583,2009
Ukraine,17.59257572147228,2009
United Arab Emirates,17.500391297511243,2009
United Kingdom,14.05591200714484,2009
United States,13.389591666970327,2009
Uruguay,12.79169841843999,2009
Uzbekistan,18.007559524187254,2009
Vanuatu,15.924585691590135,2009
"Venezuela, RB",15.567874543880187,2009
Viet Nam,15.397242414536835,2009
"Yemen, Rep.",21.32098986370833,2009
Zambia,15.805195472970583,2009
Zimbabwe,17.096204787780945,2009
Afghanistan,17.556111523531857,2010
Albania,13.825252838585804,2010
Algeria,16.780448200893915,2010
Andorra,12.448679817612923,2010
Angola,16.752700252970172,2010
Antigua and Barbuda,16.226058377739047,2010
Argentina,12.896137463936219,2010
Armenia,15.55581252271478,2010
Australia,12.15597148503687,2010
Austria,12.12434171003757,2010
Azerbaijan,14.906841920937726,2010
"Bahamas, The",15.347226151650585,2010
Bahrain,17.90600821111036,2010
Bangladesh,17.430657032566273,2010
Barbados,15.101164939661757,2010
Belarus,16.594990841491192,2010
Belgium,12.050896273980436,2010
Belize,14.996401395316974,2010
Benin,17.40398748661958,2010
Bhutan,13.68316379448242,2010
Bolivia,13.413460256636048,2010
Bosnia and Herzegovina,15.833969652689516,2010
Botswana,16.19752870057278,2010
Brazil,12.782974183061311,2010
Brunei Darussalam,13.258755521739046,2010
Bulgaria,14.631780842305536,2010
Burkina Faso,16.770894634573718,2010
Burundi,15.337364007541192,2010
Cabo Verde,15.984090062603803,2010
Cambodia,15.282603509950318,2010
Cameroon,17.039895369559158,2010
Canada,10.361971378720412,2010
Central African Republic,17.351103890392412,2010
Chad,20.078079067870668,2010
Chile,13.837935681054255,2010
China,15.897204166738788,2010
Colombia,13.645659601092822,2010
Comoros,17.43987988500962,2010
"Congo, Dem. Rep.",17.181857551887106,2010
"Congo, Rep.",17.958754009993125,2010
Costa Rica,11.446234714570576,2010
Cote d'Ivoire,16.528140716972413,2010
Croatia,14.130332746420292,2010
Cuba,14.070195028917636,2010
Cyprus,14.96000879759874,2010
Czechia,14.182637255697824,2010
Denmark,11.693370810198578,2010
Djibouti,17.925758654247513,2010
Dominica,15.769270291290571,2010
Dominican Republic,14.680016031679612,2010
Ecuador,13.643692372505775,2010
"Egypt, Arab Rep.",17.443582529909104,2010
El Salvador,12.927891344821525,2010
Equatorial Guinea,20.714948643181213,2010
Eritrea,17.864461236082974,2010
Estonia,13.3749396032334,2010
Eswatini,16.489654410756437,2010
Ethiopia,14.570151125202454,2010
Fiji,13.99862158751659,2010
Finland,10.524123872430511,2010
France,12.091910612751146,2010
Gabon,19.253369539841646,2010
"Gambia, The",17.126335993976348,2010
Georgia,15.885273532908897,2010
Germany,12.03748311852761,2010
Ghana,14.31968367739331,2010
Greece,15.04935982685212,2010
Grenada,16.51488718304392,2010
Guatemala,13.678360822767832,2010
Guinea,16.472782880992497,2010
Guinea-Bissau,17.642313400690444,2010
Guyana,17.443023219838157,2010
Haiti,17.77984911010643,2010
Honduras,13.077452349004764,2010
Hungary,14.2729509969348,2010
Iceland,10.043442164807313,2010
India,18.11557237578957,2010
Indonesia,15.37321462539232,2010
"Iran, Islamic Rep.",18.06704811398943,2010
Iraq,18.503184268482343,2010
Ireland,12.552577452364847,2010
Israel,13.865432708030962,2010
Italy,13.415334044060483,2010
Jamaica,15.330587839439485,2010
Japan,13.30985124087758,2010
Jordan,16.17930554168785,2010
Kazakhstan,15.566877815648201,2010
Kenya,14.320457986819797,2010
Kiribati,13.72898694795964,2010
"Korea, Dem. People's Rep.",15.284316630809741,2010
"Korea, Rep.",14.223742885499913,2010
Kosovo,17.73236613187087,2010
Kuwait,16.3144924373467,2010
Kyrgyz Republic,13.58473126840838,2010
Lao PDR,15.25232882864386,2010
Latvia,15.01186310251399,2010
Lebanon,16.22500545969546,2010
Lesotho,14.861762277568195,2010
Liberia,16.776547691194068,2010
Libya,18.52442545673915,2010
Liechtenstein,16.16118734130469,2010
Lithuania,15.491968577333786,2010
Luxembourg,13.289431085734206,2010
Madagascar,15.166302942278806,2010
Malawi,13.850989564000383,2010
Malaysia,15.72915557753655,2010
Maldives,15.382666509529791,2010
Mali,15.451016456522764,2010
Malta,14.18851879160143,2010
Marshall Islands,14.476758446581602,2010
Mauritania,18.86714329743285,2010
Mauritius,14.51849918118084,2010
Mexico,14.512209564839834,2010
"Micronesia, Fed. Sts.",14.111373785491379,2010
Moldova,16.04805116572532,2010
Monaco,13.819586513689487,2010
Mongolia,17.07705544163432,2010
Montenegro,14.871436705739603,2010
Morocco,15.945844018610492,2010
Mozambique,13.422616407157795,2010
Myanmar,16.592546136227604,2010
Namibia,13.613784891319197,2010
Nauru,15.431821560939335,2010
Nepal,15.9393226383633,2010
Netherlands,12.06601745838677,2010
New Zealand,10.66164748756591,2010
Nicaragua,13.617936476999647,2010
Niger,17.46431737931477,2010
Nigeria,17.415032820021544,2010
North Macedonia,15.399069689165035,2010
Norway,9.441207414039784,2010
Oman,17.960046450338837,2010
Pakistan,17.597302334462803,2010
Palau,18.290585771992546,2010
Panama,12.793182150921947,2010
Papua New Guinea,14.8006153643241,2010
Paraguay,12.759222722320471,2010
Peru,13.493317787834954,2010
Philippines,14.311351951007452,2010
Poland,15.167654962700926,2010
Portugal,11.567548866652178,2010
Qatar,16.55209582942773,2010
Romania,14.729112711051805,2010
Russian Federation,16.788701941637495,2010
Rwanda,15.297481738982865,2010
Samoa,14.281346022659472,2010
San Marino,13.635221265233055,2010
Sao Tome and Principe,15.46607561407343,2010
Saudi Arabia,17.97735711584902,2010
Senegal,17.082823976048157,2010
Serbia,15.504939917639094,2010
Seychelles,16.63383026634732,2010
Sierra Leone,15.476962201109979,2010
Singapore,13.282398108696391,2010
Slovak Republic,13.362692291799618,2010
Slovenia,13.014545592547579,2010
Solomon Islands,14.282559193280807,2010
Somalia,20.919133235593147,2010
South Africa,17.288840070232165,2010
South Sudan,18.349774955736173,2010
Spain,12.077885333620511,2010
Sri Lanka,15.083897601840421,2010
St. Kitts and Nevis,16.11219694226307,2010
St. Lucia,16.125073407509362,2010
St. Vincent and the Grenadines,16.169040857875,2010
Sudan,16.817500039166905,2010
Suriname,15.627745515114718,2010
Sweden,9.087277018558376,2010
Switzerland,10.56128198675413,2010
Syrian Arab Republic,17.875446292937394,2010
Tajikistan,15.832934660046613,2010
Tanzania,14.560132333722345,2010
Thailand,15.260796514422657,2010
Timor-Leste,14.763970593671775,2010
Togo,16.123660299740184,2010
Tonga,13.989080432795895,2010
Trinidad and Tobago,16.526492043393777,2010
Tunisia,16.173673249479393,2010
Turkiye,16.269171180041536,2010
Turkmenistan,16.88238911605034,2010
Tuvalu,14.820354464506446,2010
Uganda,16.62013324974099,2010
Ukraine,15.797407724250068,2010
United Arab Emirates,16.002627425396387,2010
United Kingdom,12.500705455690166,2010
United States,11.83484674722932,2010
Uruguay,11.144709685105965,2010
Uzbekistan,16.84383682982938,2010
Vanuatu,15.02749710615795,2010
"Venezuela, RB",14.458532695122594,2010
Viet Nam,14.31642570967687,2010
"Yemen, Rep.",20.121096858275376,2010
Zambia,14.686777840825826,2010
Zimbabwe,15.985352803004874,2010
Afghanistan,17.509443909757152,2011
Albania,13.469515534892695,2011
Algeria,16.404526037243016,2011
Andorra,11.907367111116839,2011
Angola,16.565267879613007,2011
Antigua and Barbuda,15.908998124563574,2011
Argentina,12.95930071962083,2011
Armenia,15.166590477443647,2011
Australia,11.802214997784263,2011
Austria,11.561285245160363,2011
Azerbaijan,15.117364455158949,2011
"Bahamas, The",15.183322763845341,2011
Bahrain,17.757363778076666,2011
Bangladesh,17.118359376793578,2011
Barbados,14.844353953694071,2011
Belarus,16.268182237252706,2011
Belgium,11.520462694423584,2011
Belize,14.631445737485674,2011
Benin,17.234137351889526,2011
Bhutan,13.406626337212185,2011
Bolivia,12.986894054065669,2011
Bosnia and Herzegovina,16.216975594885326,2011
Botswana,15.697739002971987,2011
Brazil,12.572682369818995,2011
Brunei Darussalam,13.047590913964973,2011
Bulgaria,14.270607556855543,2011
Burkina Faso,16.843335960420646,2011
Burundi,15.021834897644691,2011
Cabo Verde,15.624606689923201,2011
Cambodia,14.7934585936752,2011
Cameroon,16.63459462401472,2011
Canada,10.145972547794297,2011
Central African Republic,17.010766863537086,2011
Chad,19.386452004701628,2011
Chile,13.613103949239289,2011
China,15.66587243128529,2011
Colombia,13.012105686174507,2011
Comoros,17.50029598371943,2011
"Congo, Dem. Rep.",17.23472413864808,2011
"Congo, Rep.",17.27401881567156,2011
Costa Rica,11.061817918432443,2011
Cote d'Ivoire,16.52420452690244,2011
Croatia,14.472405152718416,2011
Cuba,13.668420854250034,2011
Cyprus,14.418512557899131,2011
Czechia,13.652426506224604,2011
Denmark,11.481697695226327,2011
Djibouti,17.389017554108957,2011
Dominica,15.20069176545028,2011
Dominican Republic,14.430109681183371,2011
Ecuador,13.136913564556254,2011
"Egypt, Arab Rep.",17.45901420875917,2011
El Salvador,12.809919886765352,2011
Equatorial Guinea,19.983510030987315,2011
Eritrea,17.308656091387054,2011
Estonia,12.820510703522658,2011
Eswatini,15.301753412932788,2011
Ethiopia,14.468034589805598,2011
Fiji,13.428815548205336,2011
Finland,10.069408006502753,2011
France,11.719892183498873,2011
Gabon,18.6434636579015,2011
"Gambia, The",17.41348805418094,2011
Georgia,15.829162216215167,2011
Germany,11.58145197765201,2011
Ghana,13.533697872657331,2011
Greece,15.257000400230112,2011
Grenada,15.997494344526375,2011
Guatemala,13.368127233936091,2011
Guinea,15.977451914597452,2011
Guinea-Bissau,16.990982322704145,2011
Guyana,17.091411471484626,2011
Haiti,17.15870514314453,2011
Honduras,12.672143722148757,2011
Hungary,13.640531638402656,2011
Iceland,9.677472767546847,2011
India,17.779537308325924,2011
Indonesia,14.885552360891271,2011
"Iran, Islamic Rep.",17.71191344170254,2011
Iraq,18.09956046325225,2011
Ireland,12.38502260376613,2011
Israel,13.3729889123129,2011
Italy,13.184774644197507,2011
Jamaica,14.857649565232036,2011
Japan,13.245459804866188,2011
Jordan,15.875529569650693,2011
Kazakhstan,15.026287496212985,2011
Kenya,14.108908011714398,2011
Kiribati,13.253695910667586,2011
"Korea, Dem. People's Rep.",14.862796452639099,2011
"Korea, Rep.",13.991107701105499,2011
Kosovo,17.207600458871575,2011
Kuwait,15.811119529767176,2011
Kyrgyz Republic,13.288219384716314,2011
Lao PDR,14.949819928489092,2011
Latvia,14.24724486990208,2011
Lebanon,15.962991235622013,2011
Lesotho,14.633032663455106,2011
Liberia,16.58188515128266,2011
Libya,19.215259847306942,2011
Liechtenstein,15.508096913894251,2011
Lithuania,14.409100987912437,2011
Luxembourg,13.021121449526232,2011
Madagascar,15.125392871377075,2011
Malawi,13.377516196707488,2011
Malaysia,15.358290488017634,2011
Maldives,14.893761599075031,2011
Mali,15.523190836232224,2011
Malta,13.82995664339979,2011
Marshall Islands,14.52659886735978,2011
Mauritania,18.471624387111326,2011
Mauritius,14.341862917991937,2011
Mexico,14.247184892663386,2011
"Micronesia, Fed. Sts.",13.055862613623951,2011
Moldova,15.421666254403828,2011
Monaco,13.473283914249606,2011
Mongolia,16.146509951360194,2011
Montenegro,14.647164445997774,2011
Morocco,15.6065845414998,2011
Mozambique,13.243864688114204,2011
Myanmar,16.377079763635162,2011
Namibia,13.154487279451041,2011
Nauru,13.42211047589034,2011
Nepal,15.483480769758946,2011
Netherlands,11.46563603783357,2011
New Zealand,10.316693201048052,2011
Nicaragua,13.01939276405124,2011
Niger,17.236254880506806,2011
Nigeria,16.96846127426156,2011
North Macedonia,15.120157881945786,2011
Norway,9.432061039604221,2011
Oman,17.989956176736012,2011
Pakistan,17.162308122969435,2011
Palau,17.790301969095037,2011
Panama,12.427360818292186,2011
Papua New Guinea,14.701751488215843,2011
Paraguay,12.184561841820013,2011
Peru,13.27235851802395,2011
Philippines,14.038573981993583,2011
Poland,14.732592477705964,2011
Portugal,11.51420400429541,2011
Qatar,16.437146792106784,2011
Romania,14.344425467483735,2011
Russian Federation,16.153202381738453,2011
Rwanda,15.09893045422806,2011
Samoa,14.31253193754503,2011
San Marino,13.068440359736224,2011
Sao Tome and Principe,15.304918107075453,2011
Saudi Arabia,17.71041551841831,2011
Senegal,16.717141170533694,2011
Serbia,15.67104725923095,2011
Seychelles,16.155902945034487,2011
Sierra Leone,14.470766165099205,2011
Singapore,13.01668020103954,2011
Slovak Republic,12.824457071571299,2011
Slovenia,12.470624765405361,2011
Solomon Islands,13.755502459442681,2011
Somalia,21.075204598290117,2011
South Africa,16.44257403003623,2011
South Sudan,19.03812725069969,2011
Spain,11.812100351790052,2011
Sri Lanka,14.921105234882937,2011
St. Kitts and Nevis,15.708771503933558,2011
St. Lucia,16.069509038790777,2011
St. Vincent and the Grenadines,15.551709533279132,2011
Sudan,17.28059351980692,2011
Suriname,15.474949306003928,2011
Sweden,8.587721849964463,2011
Switzerland,10.1809320918741,2011
Syrian Arab Republic,17.845472238280298,2011
Tajikistan,15.51423224321404,2011
Tanzania,14.439225872272647,2011
Thailand,14.766989417216108,2011
Timor-Leste,13.984111118448679,2011
Togo,14.905106478658714,2011
Tonga,13.35648514779479,2011
Trinidad and Tobago,16.264257732550135,2011
Tunisia,16.36624978749909,2011
Turkiye,15.61188957945321,2011
Turkmenistan,16.661677750601566,2011
Tuvalu,14.561840398045364,2011
Uganda,15.822896413506568,2011
Ukraine,15.303201332401505,2011
United Arab Emirates,15.786177855575328,2011
United Kingdom,11.941302503773215,2011
United States,11.519048492751422,2011
Uruguay,11.168292813682243,2011
Uzbekistan,16.522708140572565,2011
Vanuatu,14.914414120318732,2011
"Venezuela, RB",13.895223788923802,2011
Viet Nam,13.71902202047761,2011
"Yemen, Rep.",20.2755806172827,2011
Zambia,14.280102879181472,2011
Zimbabwe,15.954471043630626,2011
Afghanistan,18.05771448624895,2012
Albania,14.127709071503615,2012
Algeria,16.96921189283003,2012
Andorra,13.099999304649554,2012
Angola,17.62824518045427,2012
Antigua and Barbuda,16.534624894659363,2012
Argentina,14.023699516462477,2012
Armenia,16.20741206102031,2012
Australia,12.633412548380235,2012
Austria,12.402231456047126,2012
Azerbaijan,16.104217330885533,2012
"Bahamas, The",15.868567236754615,2012
Bahrain,19.012263598373412,2012
Bangladesh,18.27654266325495,2012
Barbados,15.864883834919949,2012
Belarus,16.90378228766132,2012
Belgium,12.373855063835073,2012
Belize,15.115793644261101,2012
Benin,18.119678226597483,2012
Bhutan,14.117815655774908,2012
Bolivia,14.129517070565983,2012
Bosnia and Herzegovina,16.95090120550407,2012
Botswana,17.01266254449775,2012
Brazil,13.652112397423094,2012
Brunei Darussalam,13.93032067957923,2012
Bulgaria,15.19698061091314,2012
Burkina Faso,18.189148135000046,2012
Burundi,15.696808608361973,2012
Cabo Verde,16.189684825156753,2012
Cambodia,15.139295155817361,2012
Cameroon,17.746029812153356,2012
Canada,10.987686286599216,2012
Central African Republic,18.033243379062252,2012
Chad,20.073033022462017,2012
Chile,14.759876152698999,2012
China,16.586541752910428,2012
Colombia,14.038324740755868,2012
Comoros,17.83688331998911,2012
"Congo, Dem. Rep.",17.817852430114243,2012
"Congo, Rep.",18.209894061516675,2012
Costa Rica,11.747181835851379,2012
Cote d'Ivoire,16.598548625373365,2012
Croatia,15.932868262383433,2012
Cuba,14.757635678381662,2012
Cyprus,15.878266880779346,2012
Czechia,14.452748009998103,2012
Denmark,12.084221851598969,2012
Djibouti,19.135638387999407,2012
Dominica,16.2980692818819,2012
Dominican Republic,15.362620861424531,2012
Ecuador,14.048688678561843,2012
"Egypt, Arab Rep.",18.360399009302366,2012
El Salvador,13.488743916094084,2012
Equatorial Guinea,20.804247160498264,2012
Eritrea,18.47646780270519,2012
Estonia,13.674693314191833,2012
Eswatini,16.341142806696865,2012
Ethiopia,15.54349839732517,2012
Fiji,14.288758819457742,2012
Finland,10.808590256469131,2012
France,12.60656995351868,2012
Gabon,19.28798957361737,2012
"Gambia, The",17.93240995928983,2012
Georgia,16.852776801904156,2012
Germany,12.450407242344752,2012
Ghana,14.705840642376062,2012
Greece,16.339673402440486,2012
Grenada,17.03358751871676,2012
Guatemala,14.10906552624963,2012
Guinea,17.053771660007286,2012
Guinea-Bissau,18.6332765953968,2012
Guyana,18.06856310107027,2012
Haiti,17.84144788106038,2012
Honduras,13.681061609902637,2012
Hungary,14.95024477673826,2012
Iceland,10.523043016630576,2012
India,18.785699936380077,2012
Indonesia,15.686885142869148,2012
"Iran, Islamic Rep.",18.772361683579938,2012
Iraq,19.36492533561627,2012
Ireland,13.428309687562361,2012
Israel,14.455201539062083,2012
Italy,14.228536321613069,2012
Jamaica,15.428433218139844,2012
Japan,14.29444751965149,2012
Jordan,16.961097188774197,2012
Kazakhstan,16.01108086905582,2012
Kenya,15.008729596959821,2012
Kiribati,14.365969896265886,2012
"Korea, Dem. People's Rep.",15.60625092227233,2012
"Korea, Rep.",14.94804608358834,2012
Kosovo,18.45871497671384,2012
Kuwait,17.00196744576059,2012
Kyrgyz Republic,14.277591877281932,2012
Lao PDR,15.852822379874928,2012
Latvia,14.567428195348104,2012
Lebanon,17.172790602037807,2012
Lesotho,15.247235550811977,2012
Liberia,17.731129967429492,2012
Libya,17.65476831951516,2012
Liechtenstein,17.002025972735826,2012
Lithuania,15.291736551413665,2012
Luxembourg,13.681531009893986,2012
Madagascar,15.907946692126277,2012
Malawi,14.565601441567557,2012
Malaysia,16.258877226652174,2012
Maldives,15.87829581158106,2012
Mali,16.79533349357272,2012
Malta,14.913338864645453,2012
Marshall Islands,15.554523947042732,2012
Mauritania,19.196376809851408,2012
Mauritius,15.207797751709489,2012
Mexico,14.737284856266992,2012
"Micronesia, Fed. Sts.",14.77159171615323,2012
Moldova,16.419057968017093,2012
Monaco,14.692629966786667,2012
Mongolia,16.72520521526282,2012
Montenegro,15.707425588189537,2012
Morocco,16.770983387524115,2012
Mozambique,13.975836673282961,2012
Myanmar,17.159105629868744,2012
Namibia,14.228006526145911,2012
Nauru,14.173862544351952,2012
Nepal,16.43829262078926,2012
Netherlands,12.08683740977981,2012
New Zealand,11.235444820430168,2012
Nicaragua,13.699361939164957,2012
Niger,18.056941764475724,2012
Nigeria,17.95895606295508,2012
North Macedonia,16.354265764084236,2012
Norway,10.109981246270177,2012
Oman,18.735993092524076,2012
Pakistan,18.19541193069755,2012
Palau,18.782605343782308,2012
Panama,13.104317689861404,2012
Papua New Guinea,15.505254281214773,2012
Paraguay,13.07417021578451,2012
Peru,14.041951813733197,2012
Philippines,14.934474841967656,2012
Poland,15.77377804163146,2012
Portugal,12.526172658527749,2012
Qatar,17.300872662112024,2012
Romania,15.353691791845915,2012
Russian Federation,16.99064426279397,2012
Rwanda,15.982144168953267,2012
Samoa,15.122043139493144,2012
San Marino,14.22257897263362,2012
Sao Tome and Principe,16.259355991071764,2012
Saudi Arabia,18.88451775812222,2012
Senegal,17.61388790138999,2012
Serbia,16.44038071787311,2012
Seychelles,17.101145923440193,2012
Sierra Leone,15.667070351387933,2012
Singapore,14.096527371493371,2012
Slovak Republic,13.845018921689036,2012
Slovenia,13.616351103959387,2012
Solomon Islands,14.666963848994577,2012
Somalia,21.66969315686367,2012
South Africa,17.487771681288784,2012
South Sudan,19.385191662337398,2012
Spain,12.97282508897689,2012
Sri Lanka,16.19081743300602,2012
St. Kitts and Nevis,17.137327368631865,2012
St. Lucia,16.730491354996506,2012
St. Vincent and the Grenadines,16.403764654441005,2012
Sudan,18.840695015697207,2012
Suriname,17.097024761187217,2012
Sweden,9.82258321651029,2012
Switzerland,11.00307871597423,2012
Syrian Arab Republic,20.90277060539364,2012
Tajikistan,16.50355280960688,2012
Tanzania,15.83406561141293,2012
Thailand,15.743476836470842,2012
Timor-Leste,14.727225039991769,2012
Togo,16.28170597131902,2012
Tonga,14.224245850458779,2012
Trinidad and Tobago,17.635431263227225,2012
Tunisia,16.99913876344413,2012
Turkiye,16.50579892047867,2012
Turkmenistan,17.557819306877953,2012
Tuvalu,15.899938179817712,2012
Uganda,16.141198804589752,2012
Ukraine,16.302907880159403,2012
United Arab Emirates,16.393650359925168,2012
United Kingdom,12.966083765516622,2012
United States,12.353572610804596,2012
Uruguay,12.16788763534965,2012
Uzbekistan,17.36889385999872,2012
Vanuatu,15.523026363916703,2012
"Venezuela, RB",15.092663449416335,2012
Viet Nam,14.688995578662482,2012
"Yemen, Rep.",20.28911322595451,2012
Zambia,15.16016730188896,2012
Zimbabwe,16.639279432077966,2012
Afghanistan,17.918754368337837,2013
Albania,13.76129457315848,2013
Algeria,16.342848097850403,2013
Andorra,12.969000657156274,2013
Angola,17.569970025401496,2013
Antigua and Barbuda,15.952893690517351,2013
Argentina,13.331343710886474,2013
Armenia,15.541345439008262,2013
Australia,12.026610910744436,2013
Austria,11.628222497692295,2013
Azerbaijan,15.402268092639408,2013
"Bahamas, The",15.801251115458868,2013
Bahrain,18.15828233651242,2013
Bangladesh,17.80278766282887,2013
Barbados,15.213403617008483,2013
Belarus,16.205514973309118,2013
Belgium,11.57888341426016,2013
Belize,14.819294944546916,2013
Benin,17.395191589276244,2013
Bhutan,13.980786582351705,2013
Bolivia,13.775807794699912,2013
Bosnia and Herzegovina,15.939011741341336,2013
Botswana,16.17415994087332,2013
Brazil,12.630464622240172,2013
Brunei Darussalam,13.221591651057851,2013
Bulgaria,14.42282112325893,2013
Burkina Faso,17.390963007721684,2013
Burundi,14.94721293224074,2013
Cabo Verde,15.562518673452388,2013
Cambodia,14.580199961427681,2013
Cameroon,17.26014882610291,2013
Canada,10.281791536965734,2013
Central African Republic,19.29906256591362,2013
Chad,19.629888164910525,2013
Chile,14.233755046372169,2013
China,16.010243483777394,2013
Colombia,13.655342363904133,2013
Comoros,17.161791523964894,2013
"Congo, Dem. Rep.",17.24433177539955,2013
"Congo, Rep.",17.749038054241947,2013
Costa Rica,11.23301960615901,2013
Cote d'Ivoire,16.155170574627224,2013
Croatia,14.542173970043917,2013
Cuba,13.968122420596336,2013
Cyprus,15.691334389025561,2013
Czechia,13.892908990161876,2013
Denmark,11.609620235135854,2013
Djibouti,18.36260578379545,2013
Dominica,15.943596604552948,2013
Dominican Republic,14.89098607650236,2013
Ecuador,13.197476758430444,2013
"Egypt, Arab Rep.",17.911380050952193,2013
El Salvador,12.987175331956347,2013
Equatorial Guinea,20.39115501587915,2013
Eritrea,17.983164592780643,2013
Estonia,13.01564548492788,2013
Eswatini,16.31919468682786,2013
Ethiopia,14.793367825884589,2013
Fiji,13.869448665790797,2013
Finland,10.265029585430769,2013
France,12.130347601973378,2013
Gabon,18.734273168733743,2013
"Gambia, The",17.362648786771988,2013
Georgia,15.75659449443341,2013
Germany,11.87585016716404,2013
Ghana,14.238530948052707,2013
Greece,15.683025429095565,2013
Grenada,15.73193110925061,2013
Guatemala,13.82299655085812,2013
Guinea,16.548883003446814,2013
Guinea-Bissau,17.99108002023686,2013
Guyana,17.833556042370653,2013
Haiti,17.480021921481402,2013
Honduras,13.144600945265204,2013
Hungary,13.937455232696298,2013
Iceland,9.977307556775528,2013
India,18.27446358390044,2013
Indonesia,14.903189060514741,2013
"Iran, Islamic Rep.",18.128871914559756,2013
Iraq,18.844253802591982,2013
Ireland,12.485620310416861,2013
Israel,13.688146534823877,2013
Italy,13.257625624480218,2013
Jamaica,14.828393588010655,2013
Japan,13.695110348378721,2013
Jordan,16.63259026998112,2013
Kazakhstan,15.177853328817283,2013
Kenya,13.997811003666992,2013
Kiribati,13.733995541897457,2013
"Korea, Dem. People's Rep.",15.267216641745692,2013
"Korea, Rep.",14.307373002261787,2013
Kosovo,17.88376408565962,2013
Kuwait,16.38611837252787,2013
Kyrgyz Republic,13.724167741960697,2013
Lao PDR,15.33735313021209,2013
Latvia,13.96988006783271,2013
Lebanon,16.517627220883757,2013
Lesotho,14.894083272095788,2013
Liberia,17.23703559300002,2013
Libya,18.934127497437828,2013
Liechtenstein,15.818854950517933,2013
Lithuania,14.603393885925962,2013
Luxembourg,13.098634616176223,2013
Madagascar,15.624087176606563,2013
Malawi,13.612796660922042,2013
Malaysia,15.592032175217243,2013
Maldives,15.322174004999857,2013
Mali,15.932741886919349,2013
Malta,13.82848627159459,2013
Marshall Islands,15.226947352043002,2013
Mauritania,18.252044071199073,2013
Mauritius,14.635892726525663,2013
Mexico,14.318848290693422,2013
"Micronesia, Fed. Sts.",14.076567298499462,2013
Moldova,15.14663678578475,2013
Monaco,12.371981933126445,2013
Mongolia,16.252141277646707,2013
Montenegro,14.906229678216363,2013
Morocco,15.838293575171019,2013
Mozambique,13.952190105243348,2013
Myanmar,16.069522056174897,2013
Namibia,13.667774099696594,2013
Nauru,13.852928628937399,2013
Nepal,16.087332209865576,2013
Netherlands,11.557193548898478,2013
New Zealand,10.464925819122564,2013
Nicaragua,12.847505388615831,2013
Niger,17.425002794770787,2013
Nigeria,17.225256479566827,2013
North Macedonia,15.141701179674113,2013
Norway,9.626414623744548,2013
Oman,17.805519107235245,2013
Pakistan,17.454817680310057,2013
Palau,16.38978970404677,2013
Panama,12.632300578282864,2013
Papua New Guinea,14.414649236038642,2013
Paraguay,11.999365920932117,2013
Peru,13.513899825525005,2013
Philippines,14.27576658793845,2013
Poland,15.097477159756362,2013
Portugal,11.578277983339447,2013
Qatar,16.56460799497119,2013
Romania,14.256112890164054,2013
Russian Federation,16.134665558234563,2013
Rwanda,15.407888899752448,2013
Samoa,14.291921972748534,2013
San Marino,14.342643673233496,2013
Sao Tome and Principe,15.993242667113277,2013
Saudi Arabia,18.046721990040393,2013
Senegal,16.962440578250785,2013
Serbia,15.565818971688914,2013
Seychelles,16.47008924528907,2013
Sierra Leone,15.10925320496097,2013
Singapore,13.496738915212536,2013
Slovak Republic,13.023377254378543,2013
Slovenia,13.142461479552379,2013
Solomon Islands,14.000390499571395,2013
Somalia,21.189932611663682,2013
South Africa,16.790759042455743,2013
South Sudan,16.93225117418762,2013
Spain,12.141096188858102,2013
Sri Lanka,15.077823163301808,2013
St. Kitts and Nevis,16.660446961802926,2013
St. Lucia,16.372830178488982,2013
St. Vincent and the Grenadines,15.870673528980436,2013
Sudan,17.70562327724075,2013
Suriname,16.490048601427606,2013
Sweden,9.197708415370403,2013
Switzerland,10.428098574965727,2013
Syrian Arab Republic,20.140535212218207,2013
Tajikistan,16.003280087620322,2013
Tanzania,15.391810691077456,2013
Thailand,15.42573389281553,2013
Timor-Leste,14.273410308727154,2013
Togo,16.049114212358912,2013
Tonga,13.854672914836346,2013
Trinidad and Tobago,16.810430478955507,2013
Tunisia,16.724331476908656,2013
Turkiye,15.805948477249663,2013
Turkmenistan,17.17288677476248,2013
Tuvalu,15.151260856929758,2013
Uganda,15.314469653637667,2013
Ukraine,15.80876243789021,2013
United Arab Emirates,15.73810748399261,2013
United Kingdom,12.150521959590252,2013
United States,11.736830149043731,2013
Uruguay,11.096358910727453,2013
Uzbekistan,16.841184305200258,2013
Vanuatu,14.555527511629197,2013
"Venezuela, RB",15.01998420666025,2013
Viet Nam,14.358692619897582,2013
"Yemen, Rep.",20.056029072881227,2013
Zambia,14.661998326003358,2013
Zimbabwe,16.204782414999652,2013
Afghanistan,17.283368863551193,2014
Albania,13.607292612861814,2014
Algeria,16.44983091511955,2014
Andorra,12.156814150609836,2014
Angola,16.796589195404536,2014
Antigua and Barbuda,15.803549169906935,2014
Argentina,13.200502976784902,2014
Armenia,15.355444890839207,2014
Australia,11.72539375230012,2014
Austria,11.015471941487501,2014
Azerbaijan,15.227614136405439,2014
"Bahamas, The",15.107582211571913,2014
Bahrain,17.687585117962225,2014
Bangladesh,17.297065404813537,2014
Barbados,14.872360264539246,2014
Belarus,15.664965010817752,2014
Belgium,11.008308220337215,2014
Belize,14.390230909003332,2014
Benin,17.256642881745986,2014
Bhutan,13.555718317336895,2014
Bolivia,13.012309997328142,2014
Bosnia and Herzegovina,16.01131436736821,2014
Botswana,15.9771977136056,2014
Brazil,12.338656283584447,2014
Brunei Darussalam,12.94932738241578,2014
Bulgaria,14.180787896038192,2014
Burkina Faso,17.205644806533726,2014
Burundi,14.757530462027868,2014
Cabo Verde,15.347744022377357,2014
Cambodia,14.101503776136553,2014
Cameroon,16.88903789895017,2014
Canada,10.130822037416097,2014
Central African Republic,18.542820912742073,2014
Chad,19.52706058428782,2014
Chile,13.60184637448204,2014
China,15.617686514225836,2014
Colombia,13.159339187301791,2014
Comoros,17.02101747032826,2014
"Congo, Dem. Rep.",16.98068461822109,2014
"Congo, Rep.",17.329216082695943,2014
Costa Rica,10.889322302997819,2014
Cote d'Ivoire,15.987397557851459,2014
Croatia,13.91935102616316,2014
Cuba,13.253341633661748,2014
Cyprus,15.025723855253224,2014
Czechia,13.22992258265814,2014
Denmark,11.11160636113022,2014
Djibouti,18.219830575737515,2014
Dominica,15.427915347822992,2014
Dominican Republic,14.30821389635481,2014
Ecuador,13.00393715124003,2014
"Egypt, Arab Rep.",17.502424758052108,2014
El Salvador,12.463637049014814,2014
Equatorial Guinea,19.890069665929033,2014
Eritrea,17.63513068186066,2014
Estonia,12.653732922559911,2014
Eswatini,15.76265522130429,2014
Ethiopia,14.719487358386871,2014
Fiji,13.505560206266585,2014
Finland,9.975969083369577,2014
France,11.442035699065888,2014
Gabon,18.666504258445023,2014
"Gambia, The",17.225502107900024,2014
Georgia,15.610504752553425,2014
Germany,11.340874121197938,2014
Ghana,14.55351389541005,2014
Greece,15.182546529070263,2014
Grenada,15.352668994578277,2014
Guatemala,13.5094186293017,2014
Guinea,16.681489789716736,2014
Guinea-Bissau,17.51979363515446,2014
Guyana,17.634099521894026,2014
Haiti,17.150185394719227,2014
Honduras,13.013027134135752,2014
Hungary,13.135278145138797,2014
Iceland,9.754066251513576,2014
India,18.007986905050547,2014
Indonesia,14.68578042686404,2014
"Iran, Islamic Rep.",17.52687265858591,2014
Iraq,19.027218123979036,2014
Ireland,11.58203150866365,2014
Israel,13.334427440896825,2014
Italy,12.979595784816734,2014
Jamaica,15.188053616481515,2014
Japan,13.299127073938557,2014
Jordan,16.355042027905338,2014
Kazakhstan,14.471220343117269,2014
Kenya,13.522129259018188,2014
Kiribati,13.469990288149996,2014
"Korea, Dem. People's Rep.",14.937066035842266,2014
"Korea, Rep.",13.900584622749802,2014
Kosovo,17.440625794746747,2014
Kuwait,16.25718752863702,2014
Kyrgyz Republic,13.628855690463471,2014
Lao PDR,14.961724311429267,2014
Latvia,13.917864087765379,2014
Lebanon,16.37591060421973,2014
Lesotho,15.35063685927198,2014
Liberia,16.764004768648526,2014
Libya,19.18230472453412,2014
Liechtenstein,15.541830867719517,2014
Lithuania,13.842723041696281,2014
Luxembourg,12.232110056388363,2014
Madagascar,15.179611170186217,2014
Malawi,13.403037687227428,2014
Malaysia,15.350957052017971,2014
Maldives,14.260114755521842,2014
Mali,15.848190592672653,2014
Malta,13.420245229911417,2014
Marshall Islands,15.198607193251327,2014
Mauritania,17.78109365900775,2014
Mauritius,14.391286192186081,2014
Mexico,13.846092341994593,2014
"Micronesia, Fed. Sts.",13.276368697537025,2014
Moldova,15.309428750753005,2014
Monaco,14.139175150046865,2014
Mongolia,15.947751959665286,2014
Montenegro,14.94709950292853,2014
Morocco,15.746252161979623,2014
Mozambique,13.690666341072669,2014
Myanmar,16.12476174747651,2014
Namibia,13.216601930702966,2014
Nauru,13.008221518926907,2014
Nepal,15.800431093018718,2014
Netherlands,11.296482774122156,2014
New Zealand,10.072665831961872,2014
Nicaragua,12.163851398410902,2014
Niger,16.894045445057497,2014
Nigeria,17.00662306787875,2014
North Macedonia,14.914506448172231,2014
Norway,9.299311384223733,2014
Oman,17.586304605274016,2014
Pakistan,17.15748464658245,2014
Palau,16.662604163266046,2014
Panama,12.25418203244171,2014
Papua New Guinea,13.959937704947203,2014
Paraguay,11.853293257615967,2014
Peru,13.053559108824603,2014
Philippines,13.965350590363798,2014
Poland,14.605084581336131,2014
Portugal,11.229425136294438,2014
Qatar,16.23187517744861,2014
Romania,13.840685661095236,2014
Russian Federation,15.787629706489435,2014
Rwanda,15.025366257049333,2014
Samoa,14.178921904254246,2014
San Marino,14.16516575233383,2014
Sao Tome and Principe,17.16771528744573,2014
Saudi Arabia,17.522372942618276,2014
Senegal,16.91006128337721,2014
Serbia,15.053775148279046,2014
Seychelles,16.55489165906634,2014
Sierra Leone,14.085865747969274,2014
Singapore,13.24636654496244,2014
Slovak Republic,12.549332532942831,2014
Slovenia,12.369778834260753,2014
Solomon Islands,13.794444862807627,2014
Somalia,20.979382032672582,2014
South Africa,16.52333509002615,2014
South Sudan,18.855365103063612,2014
Spain,11.755583496821782,2014
Sri Lanka,15.055442570827307,2014
St. Kitts and Nevis,16.403270073402155,2014
St. Lucia,16.211495989353168,2014
St. Vincent and the Grenadines,15.936137695776312,2014
Sudan,17.452533978601693,2014
Suriname,16.629919882835495,2014
Sweden,8.701543603844904,2014
Switzerland,9.941347763449201,2014
Syrian Arab Republic,19.903745607880946,2014
Tajikistan,15.691209321376723,2014
Tanzania,14.648029517601831,2014
Thailand,15.149005738869846,2014
Timor-Leste,13.878794604186508,2014
Togo,15.328208567995441,2014
Tonga,13.035000895565576,2014
Trinidad and Tobago,16.27721897860442,2014
Tunisia,16.36101317201923,2014
Turkiye,15.828978423383852,2014
Turkmenistan,16.49021828774349,2014
Tuvalu,15.384070561908128,2014
Uganda,15.306878111681131,2014
Ukraine,16.04599218900914,2014
United Arab Emirates,14.98108239407901,2014
United Kingdom,11.321509537358361,2014
United States,11.348274614026456,2014
Uruguay,10.338693653362698,2014
Uzbekistan,16.21341806778929,2014
Vanuatu,14.638626636675038,2014
"Venezuela, RB",14.682413698219083,2014
Viet Nam,14.188944549460096,2014
"Yemen, Rep.",20.12964650706277,2014
Zambia,14.458393326282161,2014
Zimbabwe,15.830734509537004,2014
Afghanistan,17.14211784200357,2015
Albania,13.431735659634619,2015
Algeria,16.46462224100341,2015
Andorra,12.330893258466954,2015
Angola,16.696230133710284,2015
Antigua and Barbuda,16.150377236131884,2015
Argentina,13.002339003207087,2015
Armenia,15.03964891313228,2015
Australia,11.598977212944058,2015
Austria,11.03245481171743,2015
Azerbaijan,14.801222448046195,2015
"Bahamas, The",15.037592966520391,2015
Bahrain,17.492643971406412,2015
Bangladesh,17.057051117838686,2015
Barbados,14.972772329030647,2015
Belarus,15.480769585312377,2015
Belgium,10.903847540225264,2015
Belize,13.982072118155813,2015
Benin,17.410724778012685,2015
Bhutan,13.292373344899245,2015
Bolivia,12.907474045358935,2015
Bosnia and Herzegovina,16.18565781120378,2015
Botswana,15.964551756639118,2015
Brazil,12.242962345458489,2015
Brunei Darussalam,12.816602081071961,2015
Bulgaria,14.062637825173494,2015
Burkina Faso,17.85581071720703,2015
Burundi,14.664387400193414,2015
Cabo Verde,16.13438607792613,2015
Cambodia,14.164810778292269,2015
Cameroon,16.956716462756848,2015
Canada,9.813083585157322,2015
Central African Republic,17.467206610786494,2015
Chad,19.858613277153996,2015
Chile,13.211940288870636,2015
China,15.245805471459253,2015
Colombia,12.812626250997711,2015
Comoros,17.30679637293218,2015
"Congo, Dem. Rep.",16.83712654572887,2015
"Congo, Rep.",17.20018678259095,2015
Costa Rica,10.667839235554464,2015
Cote d'Ivoire,16.0278459923845,2015
Croatia,14.627956985838203,2015
Cuba,12.98638445936989,2015
Cyprus,14.623154460883999,2015
Czechia,12.756400643939696,2015
Denmark,10.64457428532096,2015
Djibouti,17.925911960854826,2015
Dominica,15.509075209224076,2015
Dominican Republic,14.21062150990509,2015
Ecuador,12.770851291936316,2015
"Egypt, Arab Rep.",17.08590241962251,2015
El Salvador,12.358439221398312,2015
Equatorial Guinea,19.99959227708774,2015
Eritrea,17.631360724927905,2015
Estonia,12.086838771618394,2015
Eswatini,15.569699709275397,2015
Ethiopia,14.531283527969165,2015
Fiji,13.693028678738434,2015
Finland,9.84970614066823,2015
France,11.377461896064762,2015
Gabon,18.36331806301269,2015
"Gambia, The",17.728282197955526,2015
Georgia,15.335899491960168,2015
Germany,11.158198097714196,2015
Ghana,14.498342891356067,2015
Greece,14.90527369088301,2015
Grenada,15.370625013018532,2015
Guatemala,13.283724647584698,2015
Guinea,15.97738148109497,2015
Guinea-Bissau,17.616131530477656,2015
Guyana,17.467699446283085,2015
Haiti,17.01221679867349,2015
Honduras,12.771327521357753,2015
Hungary,12.945398325935383,2015
Iceland,9.14964720530022,2015
India,17.75515294108953,2015
Indonesia,14.626289360103565,2015
"Iran, Islamic Rep.",17.601327255114498,2015
Iraq,19.22820747188093,2015
Ireland,11.331757350694494,2015
Israel,13.095693735562445,2015
Italy,12.862513994584447,2015
Jamaica,14.99067677451391,2015
Japan,12.96780006461326,2015
Jordan,16.551993799736827,2015
Kazakhstan,14.306769103866412,2015
Kenya,13.118811095996811,2015
Kiribati,13.086409707118436,2015
"Korea, Dem. People's Rep.",14.847313639984495,2015
"Korea, Rep.",13.67558357864447,2015
Kosovo,16.86151281841322,2015
Kuwait,16.244379929404513,2015
Kyrgyz Republic,13.718332836316717,2015
Lao PDR,14.67926260665819,2015
Latvia,13.350605252214633,2015
Lebanon,16.599690449236,2015
Lesotho,15.142436315742646,2015
Liberia,17.158976168966184,2015
Libya,19.000105843568488,2015
Liechtenstein,15.955105493601298,2015
Lithuania,13.6280058557811,2015
Luxembourg,11.580184821330494,2015
Madagascar,15.015558898961912,2015
Malawi,13.406361111988131,2015
Malaysia,14.996933668795368,2015
Maldives,13.552049285096677,2015
Mali,16.301627704205355,2015
Malta,13.345931192472424,2015
Marshall Islands,15.449238130668968,2015
Mauritania,17.29994975053225,2015
Mauritius,14.265898474453206,2015
Mexico,13.457132479792184,2015
"Micronesia, Fed. Sts.",13.102199752621809,2015
Moldova,15.626260668201017,2015
Monaco,13.862587960410451,2015
Mongolia,15.975240068015061,2015
Montenegro,14.975567158871662,2015
Morocco,15.56660851134546,2015
Mozambique,13.764335065581951,2015
Myanmar,15.566705365090927,2015
Namibia,13.121887827075822,2015
Nauru,13.108161815901289,2015
Nepal,15.807967044117124,2015
Netherlands,10.977765986151324,2015
New Zealand,9.943241814024555,2015
Nicaragua,12.258464868230396,2015
Niger,16.65914129264097,2015
Nigeria,17.025916290219588,2015
North Macedonia,14.474056492109188,2015
Norway,9.005675999573644,2015
Oman,17.00291495761753,2015
Pakistan,17.024872807598285,2015
Palau,15.570832446954398,2015
Panama,11.784396774549428,2015
Papua New Guinea,14.38895841785215,2015
Paraguay,11.989354546702257,2015
Peru,12.834765119368189,2015
Philippines,13.790520281434244,2015
Poland,14.194244354105566,2015
Portugal,11.00805341985937,2015
Qatar,15.692556662482815,2015
Romania,14.006471010299096,2015
Russian Federation,15.587775644659807,2015
Rwanda,14.677275943793248,2015
Samoa,14.01329121489381,2015
San Marino,13.489662364220065,2015
Sao Tome and Principe,17.49095009058471,2015
Saudi Arabia,17.34796456760525,2015
Senegal,16.73545649074123,2015
Serbia,14.843327437246217,2015
Seychelles,15.975607499091362,2015
Sierra Leone,14.266188959610648,2015
Singapore,13.133212999146133,2015
Slovak Republic,12.787538290920006,2015
Slovenia,12.235595045843759,2015
Solomon Islands,13.615788313818179,2015
Somalia,20.898872859540145,2015
South Africa,16.13710170589502,2015
South Sudan,19.193511387025787,2015
Spain,11.490349294282538,2015
Sri Lanka,14.838532925716175,2015
St. Kitts and Nevis,16.544081683186743,2015
St. Lucia,15.928263777031294,2015
St. Vincent and the Grenadines,15.874705754024442,2015
Sudan,17.620102433426677,2015
Suriname,16.054745947262617,2015
Sweden,8.477253808221908,2015
Switzerland,9.762600068177788,2015
Syrian Arab Republic,19.83569258205584,2015
Tajikistan,15.427029635295645,2015
Tanzania,14.621517695021092,2015
Thailand,14.739224442485233,2015
Timor-Leste,14.17765682070409,2015
Togo,16.443229179703177,2015
Tonga,13.002724089149261,2015
Trinidad and Tobago,16.219425995287537,2015
Tunisia,16.085716069965137,2015
Turkiye,15.31869989399896,2015
Turkmenistan,16.327668853695954,2015
Tuvalu,14.369784282091446,2015
Uganda,15.389754681336498,2015
Ukraine,15.571270337267652,2015
United Arab Emirates,15.270844051761223,2015
United Kingdom,11.104289448287846,2015
United States,10.896283266308549,2015
Uruguay,10.23567115765099,2015
Uzbekistan,16.110090987876927,2015
Vanuatu,14.595595329377721,2015
"Venezuela, RB",14.636779713210604,2015
Viet Nam,14.027158809239685,2015
"Yemen, Rep.",20.87804420984779,2015
Zambia,14.138250630997932,2015
Zimbabwe,15.947457715838553,2015
Afghanistan,16.556383728301906,2016
Albania,12.49040809601655,2016
Algeria,16.008292893566875,2016
Andorra,11.475346153742612,2016
Angola,15.969938133321504,2016
Antigua and Barbuda,15.22382992530298,2016
Argentina,12.655804008608877,2016
Armenia,14.472325223589998,2016
Australia,10.876457723460513,2016
Austria,10.186709574537831,2016
Azerbaijan,14.34413960005448,2016
"Bahamas, The",14.691202624899171,2016
Bahrain,16.329355636738924,2016
Bangladesh,16.519499403117063,2016
Barbados,14.67646410223077,2016
Belarus,14.141358826417285,2016
Belgium,10.150862720986165,2016
Belize,13.742492715837333,2016
Benin,16.769691159273552,2016
Bhutan,12.884451948276853,2016
Bolivia,12.29750837141097,2016
Bosnia and Herzegovina,15.806256540464748,2016
Botswana,15.48479808836889,2016
Brazil,11.610970908975272,2016
Brunei Darussalam,12.45239112508641,2016
Bulgaria,13.38661693083714,2016
Burkina Faso,17.155890777662837,2016
Burundi,14.12519630452838,2016
Cabo Verde,14.81022441842341,2016
Cambodia,13.645527226274067,2016
Cameroon,16.373314229537705,2016
Canada,9.298840104699455,2016
Central African Republic,17.245930557164172,2016
Chad,19.835394902471986,2016
Chile,12.533863558255828,2016
China,14.671810571521702,2016
Colombia,12.293529956675096,2016
Comoros,16.790547089556824,2016
"Congo, Dem. Rep.",16.676628330239023,2016
"Congo, Rep.",17.61888901034788,2016
Costa Rica,10.14965975811852,2016
Cote d'Ivoire,15.256537472554259,2016
Croatia,13.391871803768403,2016
Cuba,12.686252158506484,2016
Cyprus,13.939958126266596,2016
Czechia,12.132038234171825,2016
Denmark,10.11135401027751,2016
Djibouti,17.124228877655884,2016
Dominica,14.716666349448033,2016
Dominican Republic,13.566053738109128,2016
Ecuador,11.99755456259086,2016
"Egypt, Arab Rep.",16.473004508941553,2016
El Salvador,11.753960502941798,2016
Equatorial Guinea,19.52276482260418,2016
Eritrea,17.58156359928959,2016
Estonia,11.821785071877851,2016
Eswatini,14.71542269131557,2016
Ethiopia,14.117389990428084,2016
Fiji,13.249474549647854,2016
Finland,9.280336581077913,2016
France,10.522598646318103,2016
Gabon,18.458274973100192,2016
"Gambia, The",16.616452174627383,2016
Georgia,14.611632709259958,2016
Germany,10.353407327896248,2016
Ghana,14.125769230699529,2016
Greece,14.242893085323647,2016
Grenada,15.085204034025422,2016
Guatemala,12.650769935694102,2016
Guinea,15.706644864939449,2016
Guinea-Bissau,17.133584493309478,2016
Guyana,16.983444791365418,2016
Haiti,16.29094910985517,2016
Honduras,11.893422108922028,2016
Hungary,12.057218805882151,2016
Iceland,8.617515567551765,2016
India,17.17157080525265,2016
Indonesia,13.796949393678087,2016
"Iran, Islamic Rep.",16.745614405151784,2016
Iraq,18.160111404705848,2016
Ireland,11.213545389300544,2016
Israel,12.167796934088502,2016
Italy,12.170704416904044,2016
Jamaica,13.994232373522374,2016
Japan,12.002950866378532,2016
Jordan,15.980232142046074,2016
Kazakhstan,13.598197155205613,2016
Kenya,12.729519097267348,2016
Kiribati,12.39839538273028,2016
"Korea, Dem. People's Rep.",14.351826045116493,2016
"Korea, Rep.",13.116335873938764,2016
Kosovo,16.7418816394331,2016
Kuwait,15.470041644735613,2016
Kyrgyz Republic,12.646260638754143,2016
Lao PDR,14.683126866023322,2016
Latvia,12.785513490256896,2016
Lebanon,15.917901355462936,2016
Lesotho,14.49161590822628,2016
Liberia,16.679128683332852,2016
Libya,18.742834863310847,2016
Liechtenstein,14.929793318623805,2016
Lithuania,12.47257499183309,2016
Luxembourg,10.451301181687526,2016
Madagascar,14.4948392327035,2016
Malawi,12.974891015177912,2016
Malaysia,14.576217656038049,2016
Maldives,12.7117629267821,2016
Mali,15.873046746735863,2016
Malta,12.664586532875553,2016
Marshall Islands,14.684324715597523,2016
Mauritania,17.002409402118637,2016
Mauritius,13.920768365024085,2016
Mexico,12.888047727178098,2016
"Micronesia, Fed. Sts.",13.98612015886707,2016
Moldova,14.629423590642238,2016
Monaco,14.280464019125942,2016
Mongolia,15.337925067044736,2016
Montenegro,14.554686061936795,2016
Morocco,15.274392717293143,2016
Mozambique,13.490219557899923,2016
Myanmar,15.003040319395778,2016
Namibia,13.059543981371633,2016
Nauru,13.31372940186325,2016
Nepal,15.478758485346468,2016
Netherlands,10.42076450296372,2016
New Zealand,9.226290319064239,2016
Nicaragua,11.665078377323335,2016
Niger,16.420166356473956,2016
Nigeria,16.542739850890815,2016
North Macedonia,13.93149408015515,2016
Norway,8.397426831061418,2016
Oman,16.8876093286679,2016
Pakistan,16.33255637342795,2016
Palau,15.945458388597059,2016
Panama,11.13720306241199,2016
Papua New Guinea,14.207090259193247,2016
Paraguay,11.471663224561578,2016
Peru,12.287476593048568,2016
Philippines,13.281357221576833,2016
Poland,13.555400114970809,2016
Portugal,10.15825290465778,2016
Qatar,15.305268474002716,2016
Romania,13.500483866240613,2016
Russian Federation,15.092960539369635,2016
Rwanda,14.38130726678638,2016
Samoa,13.444797832819658,2016
San Marino,12.884020701175157,2016
Sao Tome and Principe,16.620162861300013,2016
Saudi Arabia,16.728619588302706,2016
Senegal,15.742067525687661,2016
Serbia,14.15136510940826,2016
Seychelles,15.630399457539028,2016
Sierra Leone,14.389702761985523,2016
Singapore,12.61262519267623,2016
Slovak Republic,11.856897937115566,2016
Slovenia,11.579144605958467,2016
Solomon Islands,13.090788665922936,2016
Somalia,20.60311353357712,2016
South Africa,15.745770470502022,2016
South Sudan,19.214300908134874,2016
Spain,10.570193903305555,2016
Sri Lanka,13.669785632642846,2016
St. Kitts and Nevis,16.141207516788004,2016
St. Lucia,15.68420399847927,2016
St. Vincent and the Grenadines,15.049246547898264,2016
Sudan,17.208879398441773,2016
Suriname,15.80461256130584,2016
Sweden,7.903095347653598,2016
Switzerland,8.88674631085827,2016
Syrian Arab Republic,19.359361859980183,2016
Tajikistan,14.471401189428986,2016
Tanzania,14.13864626759634,2016
Thailand,14.000919026580656,2016
Timor-Leste,13.788571048700831,2016
Togo,15.165411976789008,2016
Tonga,12.33932088292713,2016
Trinidad and Tobago,16.048186100959086,2016
Tunisia,16.14112585910281,2016
Turkiye,14.957472266429964,2016
Turkmenistan,15.927743881552496,2016
Tuvalu,14.33933758274794,2016
Uganda,14.946853923335881,2016
Ukraine,14.903561960149029,2016
United Arab Emirates,14.354653331372456,2016
United Kingdom,10.458483548245907,2016
United States,10.333594911140217,2016
Uruguay,9.733135018847541,2016
Uzbekistan,15.35339351194432,2016
Vanuatu,14.562113078736873,2016
"Venezuela, RB",14.606563039271624,2016
Viet Nam,13.289073573971972,2016
"Yemen, Rep.",19.933215254887546,2016
Zambia,13.54187326513627,2016
Zimbabwe,15.67602391080872,2016
Afghanistan,17.49874074468248,2017
Albania,13.433427133199364,2017
Algeria,17.5057807390369,2017
Andorra,12.438903420468886,2017
Angola,16.925626139773982,2017
Antigua and Barbuda,16.088303268513123,2017
Argentina,13.244061561149296,2017
Armenia,15.24598031607368,2017
Australia,11.811678414999765,2017
Austria,11.096378545926697,2017
Azerbaijan,15.36560603829024,2017
"Bahamas, The",15.676133883320613,2017
Bahrain,17.708438212413547,2017
Bangladesh,17.44273976301203,2017
Barbados,15.919254838980862,2017
Belarus,15.138239016595582,2017
Belgium,11.150923317862997,2017
Belize,14.70714961820215,2017
Benin,18.16514364073846,2017
Bhutan,13.85491866601863,2017
Bolivia,13.516297278936996,2017
Bosnia and Herzegovina,17.19897152470138,2017
Botswana,16.852731357910343,2017
Brazil,12.642402544329913,2017
Brunei Darussalam,13.581762792197345,2017
Bulgaria,14.424427416165596,2017
Burkina Faso,18.349187374477914,2017
Burundi,15.258641837732576,2017
Cabo Verde,16.211416308586575,2017
Cambodia,14.986937121199052,2017
Cameroon,17.583549102111803,2017
Canada,10.294218843504934,2017
Central African Republic,18.508694927871773,2017
Chad,21.09189455443982,2017
Chile,13.553714275863129,2017
China,15.654864517236675,2017
Colombia,13.072706847632409,2017
Comoros,17.67423874366767,2017
"Congo, Dem. Rep.",17.703184864078022,2017
"Congo, Rep.",19.09128108706123,2017
Costa Rica,11.065522002993246,2017
Cote d'Ivoire,16.391361415360187,2017
Croatia,14.603255655885423,2017
Cuba,13.948104514004118,2017
Cyprus,15.094849623218078,2017
Czechia,13.094812824537982,2017
Denmark,10.715258628428773,2017
Djibouti,17.810383172012997,2017
Dominica,16.386236733149804,2017
Dominican Republic,14.811798035424799,2017
Ecuador,12.728212902237956,2017
"Egypt, Arab Rep.",17.673345191671487,2017
El Salvador,12.790510365443792,2017
Equatorial Guinea,21.228041578282912,2017
Eritrea,18.674363315394054,2017
Estonia,12.457344582964765,2017
Eswatini,16.513740962921965,2017
Ethiopia,15.032215818266033,2017
Fiji,14.086994800439902,2017
Finland,10.253960980597002,2017
France,11.53033024775402,2017
Gabon,19.943727715226206,2017
"Gambia, The",17.69736454970888,2017
Georgia,15.432072228869565,2017
Germany,11.439049320092485,2017
Ghana,14.8816119269249,2017
Greece,15.262727230370992,2017
Grenada,16.42505262625229,2017
Guatemala,13.657978695043406,2017
Guinea,16.924873517069866,2017
Guinea-Bissau,18.304397107434074,2017
Guyana,17.866881098521016,2017
Haiti,17.519175721203553,2017
Honduras,12.913314468564929,2017
Hungary,13.230524812062283,2017
Iceland,9.8152104657563,2017
India,18.336353763941723,2017
Indonesia,14.674431898693912,2017
"Iran, Islamic Rep.",18.243595309000206,2017
Iraq,20.213370218311567,2017
Ireland,11.946762362971711,2017
Israel,13.105243455575568,2017
Italy,13.318909045100554,2017
Jamaica,15.23502995627986,2017
Japan,12.876376303786303,2017
Jordan,17.491739292774223,2017
Kazakhstan,14.501731656089962,2017
Kenya,14.209887174454083,2017
Kiribati,13.910867676249339,2017
"Korea, Dem. People's Rep.",15.832936177530094,2017
"Korea, Rep.",14.061975655238799,2017
Kosovo,18.182738566209164,2017
Kuwait,16.698653151584747,2017
Kyrgyz Republic,13.90837355143159,2017
Lao PDR,15.722146915393086,2017
Latvia,13.322700702911845,2017
Lebanon,17.068511242182947,2017
Lesotho,16.15570589443754,2017
Liberia,16.863945603941982,2017
Libya,19.419789927387267,2017
Liechtenstein,16.76964868439794,2017
Lithuania,12.935301849321545,2017
Luxembourg,11.687787835534856,2017
Madagascar,16.00209467797173,2017
Malawi,14.15727501398666,2017
Malaysia,15.507838394986036,2017
Maldives,13.87827045645451,2017
Mali,17.038419457764807,2017
Malta,13.936304582788006,2017
Marshall Islands,14.33463506893646,2017
Mauritania,18.138986074053587,2017
Mauritius,15.102167901109068,2017
Mexico,14.177134751731456,2017
"Micronesia, Fed. Sts.",14.763354062490025,2017
Moldova,15.39820142281252,2017
Monaco,14.168904867494646,2017
Mongolia,16.592147426620535,2017
Montenegro,16.08399492043314,2017
Morocco,16.16269183561951,2017
Mozambique,14.709844210967454,2017
Myanmar,16.101785615667385,2017
Namibia,14.21893192977906,2017
Nauru,14.439890205271327,2017
Nepal,16.149246368052612,2017
Netherlands,11.38738864711645,2017
New Zealand,10.35804466210175,2017
Nicaragua,12.69928778032231,2017
Niger,17.398296181536413,2017
Nigeria,17.60785505272655,2017
North Macedonia,15.372884881267929,2017
Norway,9.295769460597493,2017
Oman,17.878727272744392,2017
Pakistan,17.367936848647254,2017
Palau,16.928521467551736,2017
Panama,12.286177715160173,2017
Papua New Guinea,15.306619877908851,2017
Paraguay,12.422079189455834,2017
Peru,13.189744283841405,2017
Philippines,14.361683892173545,2017
Poland,14.373722773027227,2017
Portugal,11.36237011590854,2017
Qatar,16.457321563878196,2017
Romania,14.120310713609861,2017
Russian Federation,15.811938072284537,2017
Rwanda,15.553666119067286,2017
Samoa,15.098339927203533,2017
San Marino,13.907069621056031,2017
Sao Tome and Principe,17.7912793110506,2017
Saudi Arabia,17.78816157978495,2017
Senegal,16.753342708903954,2017
Serbia,15.339923045782959,2017
Seychelles,16.833718069121073,2017
Sierra Leone,15.816682124364139,2017
Singapore,13.606553283007846,2017
Slovak Republic,12.82341086237548,2017
Slovenia,12.490124451130587,2017
Solomon Islands,14.31029522440583,2017
Somalia,21.454879865026985,2017
South Africa,16.706432153033017,2017
South Sudan,19.57237841074165,2017
Spain,11.864411573267558,2017
Sri Lanka,14.373988482759648,2017
St. Kitts and Nevis,17.979528418027954,2017
St. Lucia,16.65919326372151,2017
St. Vincent and the Grenadines,16.244868741898447,2017
Sudan,18.453532626006762,2017
Suriname,16.487520153697695,2017
Sweden,9.018367944722886,2017
Switzerland,9.889822966807543,2017
Syrian Arab Republic,20.254742243893034,2017
Tajikistan,15.313446137444721,2017
Tanzania,15.306949608790834,2017
Thailand,15.195653015625572,2017
Timor-Leste,15.24517740023504,2017
Togo,16.64256327871595,2017
Tonga,13.678481478833444,2017
Trinidad and Tobago,17.060308640362976,2017
Tunisia,17.155749369910435,2017
Turkiye,15.934628399503804,2017
Turkmenistan,16.98641094302483,2017
Tuvalu,15.597748434368809,2017
Uganda,15.915203629452293,2017
Ukraine,15.346437824410813,2017
United Arab Emirates,15.47138747670991,2017
United Kingdom,11.250647845612155,2017
United States,11.492834415628284,2017
Uruguay,10.627661099658201,2017
Uzbekistan,16.561633821776915,2017
Vanuatu,15.77179715061922,2017
"Venezuela, RB",15.140011422078219,2017
Viet Nam,14.471791160206028,2017
"Yemen, Rep.",21.147817482892986,2017
Zambia,14.487721026249167,2017
Zimbabwe,16.255199212923348,2017
Afghanistan,17.28914542321197,2018
Albania,12.900586368335292,2018
Algeria,17.247376342979333,2018
Andorra,12.833157229795136,2018
Angola,16.242142027123666,2018
Antigua and Barbuda,15.62161728009626,2018
Argentina,13.19940519380216,2018
Armenia,15.208497115234573,2018
Australia,11.610269997925997,2018
Austria,10.501520115798227,2018
Azerbaijan,14.932783249954511,2018
"Bahamas, The",15.425956593923134,2018
Bahrain,17.393606301568305,2018
Bangladesh,16.959202085877962,2018
Barbados,15.542363456376762,2018
Belarus,14.755975924549913,2018
Belgium,10.974747257187746,2018
Belize,14.387534432308744,2018
Benin,17.566180060271208,2018
Bhutan,13.446462869398259,2018
Bolivia,12.89363090184255,2018
Bosnia and Herzegovina,16.571419287438307,2018
Botswana,16.48284222771166,2018
Brazil,12.120774879301404,2018
Brunei Darussalam,13.202609404292055,2018
Bulgaria,13.849454926551733,2018
Burkina Faso,17.813311798739065,2018
Burundi,14.452422105479844,2018
Cabo Verde,15.880035436501492,2018
Cambodia,14.444803885777743,2018
Cameroon,17.330808461133913,2018
Canada,10.08323018384302,2018
Central African Republic,18.06971818014377,2018
Chad,20.45581016102757,2018
Chile,12.962775190947776,2018
China,15.202832880868408,2018
Colombia,12.93626933705511,2018
Comoros,17.43431305623363,2018
"Congo, Dem. Rep.",17.41527366450236,2018
"Congo, Rep.",19.114956318047696,2018
Costa Rica,10.792224966463866,2018
Cote d'Ivoire,15.7301633365815,2018
Croatia,14.011274107670307,2018
Cuba,13.68221907066363,2018
Cyprus,14.438998123401607,2018
Czechia,12.694304739737978,2018
Denmark,10.801361455382644,2018
Djibouti,16.90836549617394,2018
Dominica,15.457490743206863,2018
Dominican Republic,14.599960657297142,2018
Ecuador,12.63499721699123,2018
"Egypt, Arab Rep.",17.24602205703485,2018
El Salvador,12.362685705704639,2018
Equatorial Guinea,20.754245096346057,2018
Eritrea,18.081495667641654,2018
Estonia,12.791839217654871,2018
Eswatini,15.984280198272463,2018
Ethiopia,14.835025321344391,2018
Fiji,14.067340811873727,2018
Finland,10.152073821372708,2018
France,11.369190351438402,2018
Gabon,19.43767898665342,2018
"Gambia, The",16.911192668686017,2018
Georgia,14.798932592159009,2018
Germany,11.098807328070148,2018
Ghana,14.755021014242127,2018
Greece,14.876167343980931,2018
Grenada,15.877659666195788,2018
Guatemala,13.491598695799963,2018
Guinea,16.53691631409208,2018
Guinea-Bissau,17.31603394325004,2018
Guyana,16.917009828650464,2018
Haiti,17.625970351138722,2018
Honduras,12.552055234752508,2018
Hungary,12.731665659242513,2018
Iceland,9.424159475524325,2018
India,17.860953222748172,2018
Indonesia,14.191457571936558,2018
"Iran, Islamic Rep.",18.199797522514324,2018
Iraq,19.30357627948718,2018
Ireland,11.6429035412035,2018
Israel,12.87869204225943,2018
Italy,12.645360800281912,2018
Jamaica,14.917743943062618,2018
Japan,12.54811948619352,2018
Jordan,16.818007417677933,2018
Kazakhstan,14.25028300341598,2018
Kenya,13.88416295780042,2018
Kiribati,13.72712147740737,2018
"Korea, Dem. People's Rep.",15.572342098117005,2018
"Korea, Rep.",13.758676328911331,2018
Kosovo,18.105928942724162,2018
Kuwait,16.262674729387804,2018
Kyrgyz Republic,13.533105900653757,2018
Lao PDR,15.373188104631495,2018
Latvia,13.085912317386533,2018
Lebanon,16.86432901872718,2018
Lesotho,15.631979832623363,2018
Liberia,16.28084826967674,2018
Libya,19.579627195308912,2018
Liechtenstein,15.932928779306726,2018
Lithuania,12.434750598459726,2018
Luxembourg,11.151490892618257,2018
Madagascar,15.52976795664971,2018
Malawi,13.705873060228232,2018
Malaysia,15.224671572200277,2018
Maldives,13.805366899223499,2018
Mali,16.296668163323424,2018
Malta,13.184248698812462,2018
Marshall Islands,14.918731371768603,2018
Mauritania,17.982969635479687,2018
Mauritius,14.709650422135107,2018
Mexico,13.47948565089237,2018
"Micronesia, Fed. Sts.",14.437226293987642,2018
Moldova,15.136062717039948,2018
Monaco,14.712578786282421,2018
Mongolia,15.810470507848024,2018
Montenegro,14.926556433221725,2018
Morocco,15.62276870619251,2018
Mozambique,14.031423504925812,2018
Myanmar,15.693833593087202,2018
Namibia,13.3502968100091,2018
Nauru,14.077409885580648,2018
Nepal,15.7537329063218,2018
Netherlands,11.028957043045322,2018
New Zealand,9.850249516126201,2018
Nicaragua,12.746266171528772,2018
Niger,17.154093844257872,2018
Nigeria,17.28028037714131,2018
North Macedonia,14.636782200252217,2018
Norway,9.19695743483737,2018
Oman,17.17567401830128,2018
Pakistan,16.786291272431637,2018
Palau,16.66716562594359,2018
Panama,11.91367280838622,2018
Papua New Guinea,14.9975864239308,2018
Paraguay,12.033700708845405,2018
Peru,12.79811587153439,2018
Philippines,13.902522000969567,2018
Poland,13.578422998456906,2018
Portugal,11.02502265069032,2018
Qatar,15.76990453025262,2018
Romania,13.746710130687713,2018
Russian Federation,15.326915779031287,2018
Rwanda,15.034861978658453,2018
Samoa,14.983624551684814,2018
San Marino,12.669861729668318,2018
Sao Tome and Principe,17.53741318519553,2018
Saudi Arabia,17.309404224340707,2018
Senegal,16.244238894299063,2018
Serbia,14.49771523324906,2018
Seychelles,16.414124903828135,2018
Sierra Leone,15.483175633659593,2018
Singapore,13.297973839878392,2018
Slovak Republic,12.32904710602317,2018
Slovenia,11.994273233793558,2018
Solomon Islands,14.066044635413318,2018
Somalia,20.897995810742923,2018
South Africa,16.550934605753657,2018
South Sudan,18.732011005477407,2018
Spain,11.517556278803623,2018
Sri Lanka,14.588248229497427,2018
St. Kitts and Nevis,16.952940801430703,2018
St. Lucia,16.238004404101275,2018
St. Vincent and the Grenadines,16.369962473520385,2018
Sudan,18.35043684494124,2018
Suriname,15.65337380251896,2018
Sweden,8.855578621822984,2018
Switzerland,9.291426415466038,2018
Syrian Arab Republic,20.124831363229134,2018
Tajikistan,15.066588239083924,2018
Tanzania,14.980620836108873,2018
Thailand,14.701164945259073,2018
Timor-Leste,14.954337288857145,2018
Togo,16.305452137306307,2018
Tonga,13.233412056120448,2018
Trinidad and Tobago,16.886183459528226,2018
Tunisia,16.278943199161116,2018
Turkiye,15.372540211834423,2018
Turkmenistan,16.734031064074884,2018
Tuvalu,14.73308999956582,2018
Uganda,15.319856026886717,2018
Ukraine,14.927935562516929,2018
United Arab Emirates,14.790456377764029,2018
United Kingdom,11.034937847441146,2018
United States,11.129491839902098,2018
Uruguay,10.467342143144966,2018
Uzbekistan,16.3497708165347,2018
Vanuatu,15.537177646640394,2018
"Venezuela, RB",15.373111240920169,2018
Viet Nam,14.170802197025743,2018
"Yemen, Rep.",20.57024966846571,2018
Zambia,14.296916692182636,2018
Zimbabwe,15.799785151616247,2018
Afghanistan,18.10809881370676,2019
Albania,13.766000010796887,2019
Algeria,18.1230301074042,2019
Andorra,14.788484323927197,2019
Angola,16.757076692286834,2019
Antigua and Barbuda,16.84075448337032,2019
Argentina,13.91435198460109,2019
Armenia,15.677686777281858,2019
Australia,12.36169161812891,2019
Austria,11.233497709960265,2019
Azerbaijan,15.50178413435969,2019
"Bahamas, The",16.768559037978303,2019
Bahrain,18.609735871381073,2019
Bangladesh,17.614924664063608,2019
Barbados,16.392635284490847,2019
Belarus,15.359198408070862,2019
Belgium,11.52110008870142,2019
Belize,15.404384762125279,2019
Benin,18.4018662726598,2019
Bhutan,13.653522381471557,2019
Bolivia,13.879325314547135,2019
Bosnia and Herzegovina,17.564159953243045,2019
Botswana,17.328979822391247,2019
Brazil,13.065614353337432,2019
Brunei Darussalam,13.90440302626349,2019
Bulgaria,14.532590057663302,2019
Burkina Faso,18.554846384152768,2019
Burundi,15.357483327500681,2019
Cabo Verde,16.859376942221687,2019
Cambodia,15.474415894174214,2019
Cameroon,18.387341108509716,2019
Canada,10.90781605441686,2019
Central African Republic,18.940911603019675,2019
Chad,21.2112019836069,2019
Chile,13.86898806242913,2019
China,16.00644127548991,2019
Colombia,13.747287990764399,2019
Comoros,18.109128085746587,2019
"Congo, Dem. Rep.",18.12523214300648,2019
"Congo, Rep.",20.08107410996428,2019
Costa Rica,11.619467239108092,2019
Cote d'Ivoire,16.433900118857412,2019
Croatia,14.876400738464643,2019
Cuba,14.803328441572175,2019
Cyprus,15.295218441012613,2019
Czechia,13.403879015661131,2019
Denmark,11.155894114540468,2019
Djibouti,17.789601048418856,2019
Dominica,17.037642352659276,2019
Dominican Republic,15.526894606284557,2019
Ecuador,13.384397664016346,2019
"Egypt, Arab Rep.",18.248841328056834,2019
El Salvador,13.306593462710662,2019
Equatorial Guinea,21.517734966758685,2019
Eritrea,18.883044292971746,2019
Estonia,13.059915268118356,2019
Eswatini,16.67822621419782,2019
Ethiopia,15.70888243822471,2019
Fiji,15.355274449571489,2019
Finland,10.422916167597087,2019
France,12.195206592968047,2019
Gabon,19.889942036121983,2019
"Gambia, The",17.863762868216966,2019
Georgia,15.757255909913138,2019
Germany,11.657837194009858,2019
Ghana,15.42588045038298,2019
Greece,15.196461807822065,2019
Grenada,17.29069473588189,2019
Guatemala,14.455568898858134,2019
Guinea,16.855174399495038,2019
Guinea-Bissau,18.157448895231088,2019
Guyana,17.708135132280475,2019
Haiti,18.693877961563647,2019
Honduras,13.923797956213535,2019
Hungary,13.654899914733571,2019
Iceland,10.16492540124261,2019
India,18.46171688740084,2019
Indonesia,15.0343549014976,2019
"Iran, Islamic Rep.",19.087567187791176,2019
Iraq,19.853861728326645,2019
Ireland,12.721494159881209,2019
Israel,13.6650829761842,2019
Italy,13.390330402844404,2019
Jamaica,15.431321079898316,2019
Japan,13.289530257621474,2019
Jordan,17.43943292513837,2019
Kazakhstan,15.029433145872215,2019
Kenya,14.730873802005826,2019
Kiribati,14.598070691399105,2019
"Korea, Dem. People's Rep.",16.51753394798346,2019
"Korea, Rep.",14.528198458333682,2019
Kosovo,18.497624331176613,2019
Kuwait,16.96015546899647,2019
Kyrgyz Republic,14.454084550741307,2019
Lao PDR,15.38246002988943,2019
Latvia,13.669439084734528,2019
Lebanon,17.587672472853402,2019
Lesotho,16.144942683625203,2019
Liberia,17.78357208937466,2019
Libya,20.781202013784547,2019
Liechtenstein,17.185260402534013,2019
Lithuania,12.957753881825928,2019
Luxembourg,11.903635465244848,2019
Madagascar,16.625086643014832,2019
Malawi,14.114718614255139,2019
Malaysia,15.984281749206714,2019
Maldives,14.737912123008988,2019
Mali,17.260847619957154,2019
Malta,14.051697409482404,2019
Marshall Islands,15.129266990654601,2019
Mauritania,18.936830791360478,2019
Mauritius,15.423982873496,2019
Mexico,14.656236009364015,2019
"Micronesia, Fed. Sts.",15.293226074019373,2019
Moldova,15.687880800082729,2019
Monaco,13.832362895149348,2019
Mongolia,16.594957596325756,2019
Montenegro,16.00228322498982,2019
Morocco,16.546900522518882,2019
Mozambique,14.89705474075653,2019
Myanmar,16.561871077633924,2019
Namibia,14.490954525708872,2019
Nauru,14.842505867014617,2019
Nepal,16.672810085927733,2019
Netherlands,11.836782161255112,2019
New Zealand,10.663067778416007,2019
Nicaragua,13.7072256631818,2019
Niger,17.94457505869914,2019
Nigeria,17.853197171895623,2019
North Macedonia,15.436023171433728,2019
Norway,9.870671854266897,2019
Oman,18.240472227123405,2019
Pakistan,17.624318452168072,2019
Palau,17.004161780803326,2019
Panama,13.322829024335789,2019
Papua New Guinea,15.787393055366737,2019
Paraguay,13.115688440035456,2019
Peru,13.619262122952144,2019
Philippines,14.755668810713782,2019
Poland,14.310994504659686,2019
Portugal,11.655269571872207,2019
Qatar,16.557446413965273,2019
Romania,14.457498188350513,2019
Russian Federation,16.029907122002143,2019
Rwanda,16.025951824335888,2019
Samoa,15.169798997999697,2019
San Marino,13.556769461741986,2019
Sao Tome and Principe,18.382738704169224,2019
Saudi Arabia,17.952960580798266,2019
Senegal,17.053214828466647,2019
Serbia,15.265779199433029,2019
Seychelles,17.584762815047,2019
Sierra Leone,15.907094933728345,2019
Singapore,14.125171096123589,2019
Slovak Republic,13.237619036884183,2019
Slovenia,12.969204342055502,2019
Solomon Islands,15.02264524593148,2019
Somalia,21.223860269081325,2019
South Africa,17.408348773765237,2019
South Sudan,19.566649364464578,2019
Spain,12.426467948279795,2019
Sri Lanka,15.357283550978543,2019
St. Kitts and Nevis,17.5210440973378,2019
St. Lucia,17.26377222799437,2019
St. Vincent and the Grenadines,16.71378677195986,2019
Sudan,19.125740478680054,2019
Suriname,16.673631827017736,2019
Sweden,9.487756655000583,2019
Switzerland,10.231437536622831,2019
Syrian Arab Republic,20.665918943858212,2019
Tajikistan,15.953840321163675,2019
Tanzania,15.828476130902866,2019
Thailand,15.427654702789383,2019
Timor-Leste,15.017235266665036,2019
Togo,16.613191862377715,2019
Tonga,14.036790251816536,2019
Trinidad and Tobago,17.96136717852594,2019
Tunisia,17.176060217936474,2019
Turkiye,16.13336178815183,2019
Turkmenistan,17.520629356723553,2019
Tuvalu,15.547307382633734,2019
Uganda,15.784935400701999,2019
Ukraine,15.47445477811927,2019
United Arab Emirates,14.011716644413944,2019
United Kingdom,11.525848187561497,2019
United States,12.059508089441177,2019
Uruguay,11.203958064104826,2019
Uzbekistan,17.01177129632314,2019
Vanuatu,16.317654852487447,2019
"Venezuela, RB",16.407274691877543,2019
Viet Nam,15.136218026841503,2019
"Yemen, Rep.",21.736820977918438,2019
Zambia,15.111805951536189,2019
Zimbabwe,17.38292097110188,2019
Afghanistan,18.57790122405566,2020
Albania,14.014976888941678,2020
Algeria,18.163760495673664,2020
Andorra,13.877026981185214,2020
Angola,16.6708157224826,2020
Antigua and Barbuda,16.986743538303433,2020
Argentina,14.420933825933528,2020
Armenia,15.808447994767585,2020
Australia,12.531251197554125,2020
Austria,11.43538356739762,2020
Azerbaijan,15.91694718905322,2020
"Bahamas, The",17.18145606136978,2020
Bahrain,18.903536535063623,2020
Bangladesh,17.783383768537178,2020
Barbados,16.93644958093458,2020
Belarus,15.834921891129499,2020
Belgium,12.013063931520342,2020
Belize,15.213140487095904,2020
Benin,18.48675957448482,2020
Bhutan,14.139966965279186,2020
Bolivia,14.509198106290519,2020
Bosnia and Herzegovina,17.485598118047463,2020
Botswana,17.51569568666805,2020
Brazil,13.596141279111862,2020
Brunei Darussalam,13.777488336870212,2020
Bulgaria,14.754399687573635,2020
Burkina Faso,18.94081333216098,2020
Burundi,16.085345266781115,2020
Cabo Verde,17.364923274240702,2020
Cambodia,15.649531779459782,2020
Cameroon,18.740473897560847,2020
Canada,11.31426625749496,2020
Central African Republic,18.9102102060291,2020
Chad,21.209071951870396,2020
Chile,14.723815056883264,2020
China,16.215732048152443,2020
Colombia,14.29681363377803,2020
Comoros,17.98322558328781,2020
"Congo, Dem. Rep.",18.15650876069154,2020
"Congo, Rep.",20.056013044682178,2020
Costa Rica,12.0025019557727,2020
Cote d'Ivoire,16.709574607441038,2020
Croatia,14.27965790055219,2020
Cuba,15.17370491242831,2020
Cyprus,15.049424633555399,2020
Czechia,13.600961545547637,2020
Denmark,11.44584780294958,2020
Djibouti,18.155970159977635,2020
Dominica,16.919081982483316,2020
Dominican Republic,15.922199885404584,2020
Ecuador,14.127614178376978,2020
"Egypt, Arab Rep.",18.048109670988744,2020
El Salvador,13.341451947757058,2020
Equatorial Guinea,21.32882215792986,2020
Eritrea,19.260324171057018,2020
Estonia,13.052493322369164,2020
Eswatini,17.106038233678948,2020
Ethiopia,16.087037419905602,2020
Fiji,15.424352672083542,2020
Finland,10.78521084589214,2020
France,11.674477236224043,2020
Gabon,20.03526726562074,2020
"Gambia, The",17.876254663403195,2020
Georgia,15.641838689204986,2020
Germany,11.924244282341592,2020
Ghana,15.548557417744917,2020
Greece,15.236772126616733,2020
Grenada,16.146771718207525,2020
Guatemala,14.392887172833676,2020
Guinea,17.31265379142156,2020
Guinea-Bissau,18.162397919154326,2020
Guyana,16.966242570648927,2020
Haiti,19.25962690730707,2020
Honduras,14.259825085749242,2020
Hungary,14.03179820169656,2020
Iceland,11.78427142695048,2020
India,18.610342994109992,2020
Indonesia,15.133361177586654,2020
"Iran, Islamic Rep.",19.136627201927016,2020
Iraq,19.805908667543335,2020
Ireland,13.03888842960494,2020
Israel,13.83785562683194,2020
Italy,13.796466331152148,2020
Jamaica,15.88863054344189,2020
Japan,13.520755626092189,2020
Jordan,17.588589413820756,2020
Kazakhstan,15.320513160568401,2020
Kenya,14.652095817131235,2020
Kiribati,14.439717889693458,2020
"Korea, Dem. People's Rep.",16.42044762437169,2020
"Korea, Rep.",14.660691715511504,2020
Kosovo,19.028951471747614,2020
Kuwait,17.361413568169127,2020
Kyrgyz Republic,14.550759843995698,2020
Lao PDR,16.002524912915423,2020
Latvia,13.564444236553081,2020
Lebanon,18.19078434706937,2020
Lesotho,17.024667505219853,2020
Liberia,17.339482583777894,2020
Libya,20.97276948864755,2020
Liechtenstein,17.51167089329034,2020
Lithuania,13.683694956703045,2020
Luxembourg,11.832082011018946,2020
Madagascar,16.924709769663483,2020
Malawi,14.212440126347865,2020
Malaysia,16.11581357727313,2020
Maldives,15.335155584350355,2020
Mali,17.60856278516155,2020
Malta,13.416864662229074,2020
Marshall Islands,15.720478703122954,2020
Mauritania,19.201368596690745,2020
Mauritius,16.02528066508334,2020
Mexico,14.821457299805271,2020
"Micronesia, Fed. Sts.",15.94764775362435,2020
Moldova,16.28480599249767,2020
Monaco,13.438065757095801,2020
Mongolia,16.365161630170707,2020
Montenegro,16.896118464985303,2020
Morocco,16.88672569207559,2020
Mozambique,15.403025639239036,2020
Myanmar,17.171141336256387,2020
Namibia,14.54855544108669,2020
Nauru,14.608491148556471,2020
Nepal,16.665161572738185,2020
Netherlands,11.707725494472308,2020
New Zealand,10.73108888224119,2020
Nicaragua,13.50364752361492,2020
Niger,17.683543328790474,2020
Nigeria,18.047670218155638,2020
North Macedonia,15.484933259012543,2020
Norway,9.982510115001409,2020
Oman,18.110867570816268,2020
Pakistan,17.806870855839076,2020
Palau,17.590551664105433,2020
Panama,14.18270580103713,2020
Papua New Guinea,15.56371074685547,2020
Paraguay,13.140837547753339,2020
Peru,14.188508864764387,2020
Philippines,15.259218179587142,2020
Poland,14.422603423646787,2020
Portugal,11.832247854058545,2020
Qatar,16.631226414252534,2020
Romania,14.814521375487157,2020
Russian Federation,15.910207233164746,2020
Rwanda,15.916338408530812,2020
Samoa,15.246469663816987,2020
San Marino,13.156348591562374,2020
Sao Tome and Principe,18.074050755061542,2020
Saudi Arabia,17.87554471294383,2020
Senegal,17.029067020333876,2020
Serbia,15.37273993509158,2020
Seychelles,16.442733518757638,2020
Sierra Leone,16.3116743950246,2020
Singapore,14.263491883473078,2020
Slovak Republic,13.44193674370533,2020
Slovenia,13.0532595306015,2020
Solomon Islands,15.101731184689884,2020
Somalia,21.075157071215486,2020
South Africa,17.377810865836665,2020
South Sudan,19.541677317894635,2020
Spain,12.052245899420434,2020
Sri Lanka,15.420758873811028,2020
St. Kitts and Nevis,17.228570886252808,2020
St. Lucia,18.40225534236652,2020
St. Vincent and the Grenadines,17.04160649191943,2020
Sudan,19.457636610670786,2020
Suriname,17.558337997953792,2020
Sweden,9.802939461525343,2020
Switzerland,10.396370548329879,2020
Syrian Arab Republic,20.737604036189413,2020
Tajikistan,15.79099524822413,2020
Tanzania,16.114179633254924,2020
Thailand,15.791483294232854,2020
Timor-Leste,14.987398014291681,2020
Togo,16.94858848893353,2020
Tonga,13.788929191772496,2020
Trinidad and Tobago,17.86606250008961,2020
Tunisia,17.33325933550641,2020
Turkiye,16.325002864874385,2020
Turkmenistan,17.621138577159886,2020
Tuvalu,15.992559690366573,2020
Uganda,15.685551932014901,2020
Ukraine,15.861275219818769,2020
United Arab Emirates,14.541332615829317,2020
United Kingdom,11.76743880697229,2020
United States,12.317235001336234,2020
Uruguay,11.776739841423337,2020
Uzbekistan,16.534198572263644,2020
Vanuatu,16.544988571103982,2020
"Venezuela, RB",16.35663813624145,2020
Viet Nam,15.147346686807825,2020
"Yemen, Rep.",21.640986658082383,2020
Zambia,15.266318129105318,2020
Zimbabwe,18.44955518836933,2020
